발생일,발생시간,발생지_시도,발생지_시군구,요일,사고내용,사고유형_대분류,사고유형_중분류,사고유형,가해자법규위반,가해자성별,가해자연령,가해당사자종별,가해자신체상해정도,피해자성별,피해자연령,피해당사자종별,피해자신체상해정도,가해차량용도_대분류,가해차량용도_중분류,가해차량용도,피해차량용도_대분류,피해차량용도_중분류,피해차량용도,도로종류,도로형태_대분류,도로형태,기상상태,노면상태_대분류,노면상태,사망자수,중상자수,경상자수,부상신고자수
20170331,23시,광주,광산구,금,사망,차대차,추돌,추돌,안전운전 의무 불이행,남,41-50세,승용차,중상,남,41-50세,승합차,중상,비사업용,승용차,승용차,비사업용,버스,버스,고속국도,단일로,기타단일로,맑음,포장,건조,1,2,0,0
20170331,23시,충북,음성군,금,중상,차량단독,공작물충돌,공작물충돌,안전운전 의무 불이행,남,61-64세,화물차,중상,없음,불명,없음,없음,비사업용,화물차,화물차,없음,없음,없음,고속국도,단일로,기타단일로,맑음,포장,건조,0,1,0,0
20170401,00시,인천,부평구,토,경상,차대차,측면충돌,측면충돌,과속,남,21-30세,승용차,부상신고,남,31-40세,승용차,경상,비사업용,승용차,승용차,비사업용,승용차,승용차,고속국도,단일로,기타단일로,맑음,포장,건조,0,0,1,1
20170401,03시,인천,서구,토,중상,차대차,추돌,추돌,안전운전 의무 불이행,남,31-40세,승용차,상해없음,남,65세이상,화물차,중상,비사업용,승용차,승용차,사업용,화물차,화물차,고속국도,단일로,기타단일로,맑음,포장,건조,0,1,1,0
20170401,05시,경기,용인시,토,경상,차대차,정면충돌,정면충돌,안전운전 의무 불이행,남,20세이하,승용차,상해없음,남,41-50세,화물차,경상,비사업용,승용차,승용차,사업용,화물차,화물차,고속국도,단일로,기타단일로,맑음,포장,건조,0,0,1,2
20170401,11시,강원,평창군,토,중상,차대차,추돌,추돌,안전거리 미확보,남,31-40세,승용차,중상,남,21-30세,승용차,경상,비사업용,승용차,승용차,사업용,렌터카,렌터카,고속국도,단일로,교량위,흐림,포장,건조,0,1,7,1
20170401,11시,경북,청송군,토,경상,차대차,측면충돌,측면충돌,안전운전 의무 불이행,남,61-64세,승용차,상해없음,남,31-40세,승용차,상해없음,비사업용,승용차,승용차,비사업용,승용차,승용차,고속국도,단일로,기타단일로,비,포장,젖음/습기,0,0,1,0
20170401,13시,강원,춘천시,토,경상,차량단독,공작물충돌,공작물충돌,안전운전 의무 불이행,남,51-60세,승용차,상해없음,없음,불명,없음,없음,사업용,택시,법인택시,없음,없음,없음,고속국도,단일로,기타단일로,비,포장,젖음/습기,0,0,1,0
20170401,15시,강원,춘천시,토,경상,차대차,추돌,추돌,기타,여,31-40세,승용차,경상,남,31-40세,승용차,경상,비사업용,승용차,승용차,비사업용,승용차,승용차,고속국도,단일로,기타단일로,맑음,포장,건조,0,0,3,1
20170401,16시,경북,고령군,토,경상,차대차,측면충돌,측면충돌,안전거리 미확보,남,21-30세,승용차,상해없음,여,51-60세,화물차,경상,사업용,렌터카,렌터카,비사업용,화물차,화물차,고속국도,단일로,기타단일로,맑음,포장,건조,0,0,1,0
20170401,19시,경남,김해시,토,중상,차대차,측면충돌,측면충돌,안전운전 의무 불이행,남,65세이상,승용차,중상,남,51-60세,승합차,상해없음,비사업용,승용차,승용차,사업용,전세버스,전세버스,고속국도,단일로,기타단일로,흐림,포장,젖음/습기,0,4,0,0
20170401,19시,울산,울주군,토,중상,차대차,추돌,추돌,안전거리 미확보,여,41-50세,승용차,중상,남,51-60세,승용차,경상,비사업용,승용차,승용차,비사업용,승용차,승용차,고속국도,기타,기타,흐림,포장,젖음/습기,0,3,3,0
20170401,20시,경기,부천시,토,중상,차대차,측면충돌,측면충돌,안전거리 미확보,남,21-30세,승용차,상해없음,남,21-30세,승용차,중상,비사업용,승용차,승용차,비사업용,승용차,승용차,고속국도,단일로,기타단일로,흐림,포장,건조,0,1,0,0
20170402,03시,충남,공주시,일,경상,차대차,기타,기타,안전운전 의무 불이행,남,20세이하,승용차,상해없음,남,41-50세,승용차,경상,비사업용,승용차,승용차,사업용,택시,개인택시,고속국도,기타,기타,맑음,포장,건조,0,0,2,0
20170402,07시,충북,청주시,일,중상,차량단독,공작물충돌,공작물충돌,안전운전 의무 불이행,남,20세이하,승용차,상해없음,없음,불명,없음,없음,비사업용,승용차,승용차,없음,없음,없음,고속국도,단일로,기타단일로,맑음,포장,건조,0,1,0,0
20170402,09시,경남,양산시,일,중상,차대차,기타,기타,안전거리 미확보,남,41-50세,승용차,상해없음,남,41-50세,승용차,중상,비사업용,승용차,승용차,비사업용,승용차,승용차,고속국도,단일로,기타단일로,맑음,포장,건조,0,1,0,0
20170402,10시,경기,용인시,일,중상,차대차,추돌,추돌,안전운전 의무 불이행,남,51-60세,승용차,중상,남,41-50세,승용차,부상신고,비사업용,승용차,승용차,비사업용,승용차,승용차,고속국도,단일로,기타단일로,맑음,포장,건조,0,6,8,2
20170402,12시,충남,천안시,일,중상,차대차,추돌,추돌,안전운전 의무 불이행,남,41-50세,승용차,상해없음,남,61-64세,승용차,중상,비사업용,승용차,승용차,비사업용,승용차,승용차,고속국도,단일로,기타단일로,맑음,포장,건조,0,2,1,0
20170402,14시,경기,성남시,일,중상,차대차,추돌,추돌,안전운전 의무 불이행,여,31-40세,승용차,경상,남,31-40세,승용차,중상,비사업용,승용차,승용차,비사업용,승용차,승용차,고속국도,단일로,기타단일로,맑음,포장,건조,0,1,1,0
20170402,17시,경북,문경시,일,경상,차대차,추돌,추돌,안전운전 의무 불이행,남,51-60세,승용차,상해없음,남,41-50세,승용차,경상,비사업용,승용차,승용차,사업용,렌터카,렌터카,고속국도,단일로,기타단일로,맑음,포장,건조,0,0,1,0
20170402,18시,강원,강릉시,일,사망,차량단독,전도,전도,안전운전 의무 불이행,남,31-40세,화물차,사망,없음,불명,없음,없음,비사업용,화물차,화물차,없음,없음,없음,고속국도,단일로,기타단일로,맑음,포장,건조,1,0,0,0
20170403,02시,경기,수원시,월,사망,차대사람,기타,기타,안전운전 의무 불이행,남,31-40세,승용차,상해없음,남,51-60세,보행자,사망,비사업용,승용차,승용차,보행자,보행자,보행자,고속국도,단일로,기타단일로,맑음,포장,건조,1,0,0,0
20170403,06시,대전,대덕구,월,중상,차량단독,전도,전도,안전운전 의무 불이행,남,51-60세,화물차,상해없음,없음,불명,없음,없음,비사업용,화물차,화물차,없음,없음,없음,고속국도,단일로,기타단일로,맑음,포장,건조,0,1,1,0
20170403,09시,경기,의왕시,월,경상,차대차,기타,기타,안전운전 의무 불이행,남,31-40세,승합차,상해없음,여,41-50세,승용차,경상,비사업용,버스,버스,비사업용,승용차,승용차,고속국도,단일로,기타단일로,맑음,포장,건조,0,0,1,0
20170403,09시,인천,부평구,월,경상,차대차,측면충돌,측면충돌,안전거리 미확보,남,31-40세,건설기계,상해없음,여,21-30세,승용차,경상,사업용,기타/건설기계,기타/건설기계,비사업용,승용차,승용차,고속국도,단일로,교량위,맑음,포장,건조,0,0,1,0
20170403,10시,경북,군위군,월,경상,차대차,측면충돌,측면충돌,안전운전 의무 불이행,남,61-64세,승합차,상해없음,여,65세이상,승용차,경상,사업용,전세버스,전세버스,비사업용,승용차,승용차,고속국도,단일로,기타단일로,맑음,포장,건조,0,0,1,0
20170403,11시,충남,천안시,월,경상,차대차,측면충돌,측면충돌,안전운전 의무 불이행,남,21-30세,화물차,상해없음,남,61-64세,승용차,경상,사업용,화물차,화물차,비사업용,승용차,승용차,고속국도,단일로,기타단일로,맑음,포장,건조,0,0,2,0
20170403,12시,경기,수원시,월,경상,차대차,기타,기타,안전거리 미확보,남,51-60세,승용차,경상,남,31-40세,화물차,경상,비사업용,승용차,승용차,비사업용,화물차,화물차,고속국도,단일로,기타단일로,맑음,포장,건조,0,0,3,0
20170404,02시,경기,이천시,화,중상,차대차,측면충돌,측면충돌,안전운전 의무 불이행,남,61-64세,화물차,상해없음,여,31-40세,승용차,중상,비사업용,화물차,화물차,비사업용,승용차,승용차,고속국도,단일로,기타단일로,맑음,포장,건조,0,3,0,0
20170404,09시,경기,성남시,화,중상,차대차,추돌,추돌,안전거리 미확보,남,41-50세,승합차,상해없음,남,51-60세,승합차,상해없음,사업용,노선버스,시외버스,사업용,노선버스,시외버스,고속국도,단일로,기타단일로,맑음,포장,건조,0,2,32,5
20170404,09시,경기,성남시,화,중상,차대차,측면충돌,측면충돌,안전거리 미확보,남,21-30세,화물차,상해없음,여,51-60세,승용차,중상,사업용,화물차,화물차,비사업용,승용차,승용차,고속국도,단일로,기타단일로,맑음,포장,건조,0,2,1,0
20170404,10시,경기,용인시,화,경상,차대차,추돌,추돌,안전운전 의무 불이행,남,21-30세,승용차,상해없음,남,31-40세,승합차,상해없음,비사업용,승용차,승용차,사업용,노선버스,고속버스,고속국도,단일로,기타단일로,맑음,포장,건조,0,0,2,0
20170404,12시,전남,무안군,화,중상,차대차,추돌,추돌,안전운전 의무 불이행,남,41-50세,화물차,상해없음,남,51-60세,승용차,중상,비사업용,화물차,화물차,비사업용,승용차,승용차,고속국도,단일로,기타단일로,맑음,포장,건조,0,2,2,0
20170404,13시,대전,대덕구,화,경상,차대차,추돌,추돌,안전운전 의무 불이행,남,51-60세,승용차,상해없음,남,51-60세,승용차,경상,비사업용,승용차,승용차,비사업용,승용차,승용차,고속국도,단일로,기타단일로,맑음,포장,건조,0,0,1,0
20170404,14시,부산,강서구,화,경상,차대차,기타,기타,기타,남,41-50세,화물차,상해없음,남,51-60세,승용차,경상,사업용,화물차,화물차,비사업용,승용차,승용차,고속국도,단일로,교량위,맑음,포장,건조,0,0,2,0
20170404,16시,경기,화성시,화,중상,차대차,추돌,추돌,안전거리 미확보,남,65세이상,승용차,상해없음,남,20세이하,승용차,중상,비사업용,승용차,승용차,비사업용,승용차,승용차,고속국도,단일로,기타단일로,맑음,포장,건조,0,1,3,0
20170404,17시,경기,평택시,화,경상,차대차,추돌,추돌,안전거리 미확보,여,41-50세,승용차,상해없음,남,65세이상,승용차,경상,비사업용,승용차,승용차,비사업용,승용차,승용차,고속국도,단일로,기타단일로,맑음,포장,건조,0,0,1,0
20170405,05시,경기,광명시,수,부상신고,차대차,기타,기타,안전거리 미확보,남,51-60세,화물차,부상신고,남,21-30세,승용차,부상신고,비사업용,화물차,화물차,비사업용,승용차,승용차,고속국도,단일로,기타단일로,맑음,포장,건조,0,0,0,3
20170405,05시,서울,노원구,수,사망,차대차,기타,기타,안전거리 미확보,남,41-50세,승용차,사망,남,61-64세,화물차,경상,비사업용,승용차,승용차,사업용,화물차,화물차,고속국도,단일로,터널안,흐림,포장,건조,1,0,1,0
20170405,07시,경기,오산시,수,경상,차대차,기타,기타,안전운전 의무 불이행,남,31-40세,승용차,경상,남,41-50세,화물차,상해없음,비사업용,승용차,승용차,사업용,화물차,화물차,고속국도,단일로,기타단일로,맑음,포장,건조,0,0,1,0
20170405,09시,경기,평택시,수,경상,차대차,기타,기타,안전거리 미확보,남,51-60세,승용차,상해없음,남,51-60세,승용차,상해없음,비사업용,승용차,승용차,사업용,택시,법인택시,고속국도,단일로,기타단일로,맑음,포장,건조,0,0,1,0
20170405,11시,경기,평택시,수,경상,차대차,측면충돌,측면충돌,안전거리 미확보,남,41-50세,화물차,상해없음,남,51-60세,화물차,상해없음,비사업용,화물차,화물차,사업용,화물차,화물차,고속국도,단일로,기타단일로,비,포장,젖음/습기,0,0,1,0
20170405,13시,충북,충주시,수,중상,차대차,기타,기타,안전운전 의무 불이행,기타불명,불명,불명,기타불명,남,21-30세,승용차,중상,불명,불명,불명,비사업용,승용차,승용차,고속국도,기타,기타,맑음,포장,건조,0,1,0,0
20170405,15시,경기,용인시,수,경상,차대차,추돌,추돌,안전운전 의무 불이행,남,61-64세,승합차,상해없음,남,41-50세,승합차,상해없음,사업용,전세버스,전세버스,사업용,전세버스,전세버스,고속국도,단일로,기타단일로,비,포장,젖음/습기,0,0,3,0
20170405,16시,인천,중구,수,경상,차량단독,기타,기타,과속,남,51-60세,승용차,상해없음,없음,불명,없음,없음,사업용,택시,법인택시,없음,없음,없음,고속국도,단일로,기타단일로,비,포장,젖음/습기,0,0,1,0
20170405,17시,경기,오산시,수,경상,차대차,측면충돌,측면충돌,안전거리 미확보,남,51-60세,승합차,경상,여,51-60세,승용차,경상,사업용,전세버스,전세버스,비사업용,승용차,승용차,고속국도,단일로,기타단일로,비,포장,젖음/습기,0,0,2,0
20170405,18시,경기,시흥시,수,경상,차대차,측면충돌,측면충돌,기타,기타불명,불명,불명,기타불명,여,31-40세,승용차,경상,불명,불명,불명,비사업용,승용차,승용차,고속국도,단일로,기타단일로,비,포장,젖음/습기,0,0,1,0
20170405,20시,경기,화성시,수,경상,차대차,기타,기타,기타,남,31-40세,화물차,상해없음,남,21-30세,승용차,경상,사업용,화물차,화물차,비사업용,승용차,승용차,고속국도,단일로,기타단일로,비,포장,젖음/습기,0,0,3,0
20170405,22시,경남,김해시,수,경상,차대차,측면충돌,측면충돌,안전운전 의무 불이행,남,41-50세,화물차,상해없음,남,21-30세,승용차,경상,비사업용,화물차,화물차,비사업용,승용차,승용차,고속국도,단일로,기타단일로,비,포장,젖음/습기,0,0,1,0
20170405,23시,경기,안양시,수,중상,차량단독,공작물충돌,공작물충돌,안전운전 의무 불이행,남,41-50세,승용차,상해없음,없음,불명,없음,없음,사업용,택시,법인택시,없음,없음,없음,고속국도,단일로,기타단일로,비,포장,젖음/습기,0,1,0,0
20170406,01시,경기,구리시,목,경상,차대차,측면충돌,측면충돌,안전운전 의무 불이행,여,51-60세,건설기계,상해없음,남,65세이상,승용차,경상,사업용,기타/건설기계,기타/건설기계,비사업용,승용차,승용차,고속국도,단일로,기타단일로,비,포장,젖음/습기,0,0,2,0
20170406,01시,인천,계양구,목,중상,차대차,추돌,추돌,안전운전 의무 불이행,남,21-30세,승용차,상해없음,남,51-60세,승용차,기타불명,사업용,렌터카,렌터카,비사업용,승용차,승용차,고속국도,단일로,기타단일로,비,포장,젖음/습기,0,1,1,0
20170406,03시,경기,평택시,목,사망,차대차,기타,기타,안전운전 의무 불이행,남,65세이상,화물차,사망,남,21-30세,승용차,상해없음,사업용,화물차,화물차,비사업용,승용차,승용차,고속국도,단일로,기타단일로,비,포장,젖음/습기,1,0,0,0
20170406,03시,인천,중구,목,경상,차량단독,공작물충돌,공작물충돌,안전운전 의무 불이행,남,41-50세,승용차,상해없음,없음,불명,없음,없음,사업용,택시,법인택시,없음,없음,없음,고속국도,단일로,기타단일로,안개,포장,젖음/습기,0,0,1,0
20170406,04시,인천,서구,목,경상,차대차,추돌,추돌,안전운전 의무 불이행,남,41-50세,승용차,상해없음,남,41-50세,승용차,경상,사업용,택시,법인택시,비사업용,승용차,승용차,고속국도,단일로,기타단일로,비,포장,젖음/습기,0,0,4,0
20170406,06시,인천,부평구,목,경상,차대차,측면충돌,측면충돌,안전운전 의무 불이행,남,41-50세,화물차,상해없음,남,31-40세,승용차,경상,비사업용,화물차,화물차,비사업용,승용차,승용차,고속국도,단일로,기타단일로,비,포장,젖음/습기,0,0,1,0
20170406,08시,경기,부천시,목,경상,차대차,추돌,추돌,안전운전 의무 불이행,남,31-40세,승용차,상해없음,남,31-40세,승용차,경상,사업용,렌터카,렌터카,비사업용,승용차,승용차,고속국도,단일로,기타단일로,맑음,포장,건조,0,0,1,0
20170406,08시,부산,금정구,목,중상,차량단독,전도,전도,안전운전 의무 불이행,남,21-30세,화물차,중상,없음,불명,없음,없음,비사업용,화물차,화물차,없음,없음,없음,고속국도,단일로,기타단일로,비,포장,젖음/습기,0,1,0,0
20170406,13시,경기,시흥시,목,경상,차대차,측면충돌,측면충돌,안전거리 미확보,남,51-60세,특수차,상해없음,남,41-50세,승용차,경상,사업용,화물차,화물차,비사업용,승용차,승용차,고속국도,단일로,기타단일로,맑음,포장,건조,0,0,1,0
20170406,14시,경기,광주시,목,경상,차대차,측면충돌,측면충돌,안전거리 미확보,남,51-60세,승용차,상해없음,남,41-50세,승용차,경상,비사업용,승용차,승용차,비사업용,승용차,승용차,고속국도,단일로,기타단일로,맑음,포장,건조,0,0,2,0
20170406,14시,경기,용인시,목,경상,차대차,측면충돌,측면충돌,안전운전 의무 불이행,남,65세이상,승용차,상해없음,여,21-30세,승용차,경상,비사업용,승용차,승용차,비사업용,승용차,승용차,고속국도,단일로,기타단일로,맑음,포장,건조,0,0,2,0
20170406,19시,경기,안산시,목,중상,차대사람,횡단중,횡단중,안전운전 의무 불이행,남,31-40세,승용차,상해없음,여,31-40세,보행자,중상,비사업용,승용차,승용차,보행자,보행자,보행자,고속국도,단일로,교량위,맑음,포장,건조,0,1,1,0
20170407,01시,충남,천안시,금,경상,차대차,추돌,추돌,안전운전 의무 불이행,남,41-50세,승용차,상해없음,남,51-60세,화물차,경상,비사업용,승용차,승용차,사업용,화물차,화물차,고속국도,단일로,기타단일로,맑음,포장,건조,0,0,1,0
20170407,03시,경기,남양주시,금,경상,차대차,추돌,추돌,안전운전 의무 불이행,남,21-30세,승용차,상해없음,남,51-60세,화물차,경상,비사업용,승용차,승용차,사업용,화물차,화물차,고속국도,단일로,기타단일로,맑음,포장,건조,0,0,1,0
20170407,03시,경기,부천시,금,경상,차대차,추돌,추돌,안전거리 미확보,남,31-40세,승용차,상해없음,남,41-50세,승용차,경상,비사업용,승용차,승용차,비사업용,승용차,승용차,고속국도,단일로,교량위,맑음,포장,건조,0,0,1,0
20170407,08시,경기,성남시,금,경상,차대차,측면충돌,측면충돌,안전거리 미확보,남,51-60세,승용차,상해없음,남,41-50세,승용차,경상,비사업용,승용차,승용차,비사업용,승용차,승용차,고속국도,단일로,기타단일로,맑음,포장,건조,0,0,2,0
20170407,10시,경북,구미시,금,중상,차대차,후진중충돌,후진중충돌,안전운전 의무 불이행,여,51-60세,승용차,상해없음,남,31-40세,승용차,중상,비사업용,승용차,승용차,비사업용,승용차,승용차,고속국도,기타,기타,맑음,포장,건조,0,1,0,0
20170407,12시,경기,용인시,금,경상,차대차,추돌,추돌,안전거리 미확보,여,41-50세,승용차,상해없음,남,31-40세,승용차,상해없음,비사업용,승용차,승용차,비사업용,승용차,승용차,고속국도,단일로,기타단일로,맑음,포장,건조,0,0,5,0
20170407,13시,광주,광산구,금,경상,차대차,기타,기타,기타,여,41-50세,승용차,상해없음,남,51-60세,승용차,경상,비사업용,승용차,승용차,비사업용,승용차,승용차,고속국도,단일로,기타단일로,맑음,포장,건조,0,0,2,0
20170407,13시,충북,단양군,금,중상,차대차,정면충돌,정면충돌,안전운전 의무 불이행,남,31-40세,화물차,경상,남,31-40세,화물차,중상,사업용,화물차,화물차,사업용,화물차,화물차,고속국도,단일로,기타단일로,맑음,포장,건조,0,1,1,0
20170407,16시,충북,진천군,금,경상,차대차,추돌,추돌,안전거리 미확보,남,21-30세,승용차,상해없음,여,21-30세,승용차,경상,비사업용,승용차,승용차,비사업용,승용차,승용차,고속국도,단일로,기타단일로,맑음,포장,건조,0,0,2,0
20170407,17시,전남,보성군,금,경상,차대차,기타,기타,안전운전 의무 불이행,남,31-40세,화물차,상해없음,남,51-60세,승용차,경상,비사업용,화물차,화물차,비사업용,승용차,승용차,고속국도,단일로,기타단일로,맑음,포장,건조,0,0,2,0
20170407,17시,충북,진천군,금,중상,차대차,측면충돌,측면충돌,안전운전 의무 불이행,남,21-30세,승용차,상해없음,남,31-40세,승용차,경상,비사업용,승용차,승용차,비사업용,승용차,승용차,고속국도,단일로,기타단일로,맑음,포장,건조,0,1,1,0
20170407,19시,전북,무주군,금,사망,차대차,측면충돌,측면충돌,안전운전 의무 불이행,남,65세이상,승용차,사망,남,41-50세,승용차,상해없음,비사업용,승용차,승용차,비사업용,승용차,승용차,고속국도,단일로,기타단일로,맑음,포장,건조,2,0,0,0
20170408,01시,인천,계양구,토,중상,차대차,추돌,추돌,안전운전 의무 불이행,남,51-60세,승용차,상해없음,남,41-50세,화물차,중상,비사업용,승용차,승용차,사업용,화물차,화물차,고속국도,기타,기타,맑음,포장,건조,0,2,0,0
20170408,08시,경기,성남시,토,경상,차대차,기타,기타,안전운전 의무 불이행,남,51-60세,승합차,상해없음,남,41-50세,승합차,상해없음,사업용,전세버스,전세버스,사업용,전세버스,전세버스,고속국도,단일로,기타단일로,맑음,포장,건조,0,0,3,10
20170408,08시,경기,성남시,토,중상,차대차,추돌,추돌,안전거리 미확보,남,41-50세,승합차,상해없음,남,41-50세,승합차,상해없음,사업용,노선버스,고속버스,사업용,노선버스,고속버스,고속국도,단일로,기타단일로,맑음,포장,건조,0,2,9,2
20170408,09시,대구,달성군,토,경상,차대차,기타,기타,안전운전 의무 불이행,남,51-60세,승용차,상해없음,남,21-30세,승용차,경상,비사업용,승용차,승용차,비사업용,승용차,승용차,고속국도,단일로,기타단일로,맑음,포장,건조,0,0,1,0
20170408,10시,대구,북구,토,중상,차대차,기타,기타,안전운전 의무 불이행,남,31-40세,승용차,상해없음,남,21-30세,승용차,경상,비사업용,승용차,승용차,비사업용,승용차,승용차,고속국도,단일로,기타단일로,맑음,포장,건조,0,1,4,1
20170408,11시,경기,구리시,토,경상,차대차,기타,기타,안전거리 미확보,기타불명,불명,불명,기타불명,여,65세이상,승용차,경상,불명,불명,불명,비사업용,승용차,승용차,고속국도,단일로,기타단일로,맑음,포장,건조,0,0,1,0
20170408,11시,경기,화성시,토,경상,차대차,기타,기타,안전운전 의무 불이행,남,31-40세,승용차,상해없음,여,31-40세,승용차,경상,비사업용,승용차,승용차,비사업용,승용차,승용차,고속국도,단일로,기타단일로,맑음,포장,건조,0,0,1,0
20170408,11시,경남,양산시,토,중상,차대차,측면충돌,측면충돌,안전운전 의무 불이행,여,51-60세,승용차,상해없음,남,31-40세,화물차,중상,비사업용,승용차,승용차,사업용,화물차,화물차,고속국도,단일로,기타단일로,맑음,포장,건조,0,1,0,0
20170408,11시,광주,북구,토,경상,차대차,기타,기타,안전운전 의무 불이행,남,51-60세,화물차,상해없음,남,31-40세,승용차,경상,비사업용,화물차,화물차,비사업용,승용차,승용차,고속국도,단일로,기타단일로,맑음,포장,건조,0,0,1,0
20170408,11시,인천,부평구,토,경상,차대차,측면충돌,측면충돌,안전거리 미확보,남,21-30세,화물차,상해없음,남,21-30세,승용차,경상,사업용,화물차,화물차,비사업용,승용차,승용차,고속국도,단일로,기타단일로,맑음,포장,건조,0,0,2,0
20170408,12시,전남,보성군,토,경상,차량단독,공작물충돌,공작물충돌,안전운전 의무 불이행,여,20세이하,승용차,경상,없음,불명,없음,없음,사업용,렌터카,렌터카,없음,없음,없음,고속국도,단일로,기타단일로,맑음,포장,건조,0,0,3,0
20170408,13시,경기,하남시,토,중상,차대차,기타,기타,안전운전 의무 불이행,남,51-60세,승용차,상해없음,남,41-50세,화물차,중상,비사업용,승용차,승용차,사업용,화물차,화물차,고속국도,단일로,기타단일로,맑음,포장,건조,0,1,0,0
20170408,13시,경남,창원시,토,경상,차대차,추돌,추돌,안전운전 의무 불이행,남,41-50세,승합차,상해없음,여,31-40세,승용차,경상,사업용,노선버스,고속버스,비사업용,승용차,승용차,고속국도,단일로,기타단일로,맑음,포장,건조,0,0,4,0
20170408,13시,전남,담양군,토,경상,차대차,기타,기타,안전운전 의무 불이행,남,31-40세,화물차,기타불명,여,21-30세,승용차,경상,비사업용,화물차,화물차,비사업용,승용차,승용차,고속국도,단일로,기타단일로,맑음,포장,건조,0,0,3,0
20170408,14시,전남,보성군,토,경상,차대차,추돌,추돌,안전운전 의무 불이행,남,61-64세,승합차,상해없음,여,41-50세,승용차,경상,비사업용,버스,버스,비사업용,승용차,승용차,고속국도,단일로,터널안,맑음,포장,건조,0,0,1,0
20170408,15시,광주,북구,토,경상,차대차,추돌,추돌,안전운전 의무 불이행,남,61-64세,화물차,상해없음,남,31-40세,승용차,경상,비사업용,화물차,화물차,비사업용,승용차,승용차,고속국도,단일로,기타단일로,맑음,포장,건조,0,0,1,0
20170408,17시,경기,수원시,토,경상,차대차,추돌,추돌,안전운전 의무 불이행,남,41-50세,승용차,상해없음,남,51-60세,승용차,경상,비사업용,승용차,승용차,비사업용,승용차,승용차,고속국도,단일로,기타단일로,맑음,포장,건조,0,0,2,0
20170408,20시,경기,화성시,토,중상,차대차,추돌,추돌,안전운전 의무 불이행,남,51-60세,승용차,상해없음,남,41-50세,화물차,부상신고,비사업용,승용차,승용차,비사업용,화물차,화물차,고속국도,단일로,기타단일로,맑음,포장,건조,0,1,0,1
20170409,01시,경남,밀양시,일,경상,차대차,정면충돌,정면충돌,안전운전 의무 불이행,남,31-40세,승용차,상해없음,남,51-60세,승용차,경상,비사업용,승용차,승용차,비사업용,승용차,승용차,고속국도,단일로,기타단일로,맑음,포장,건조,0,0,2,0
20170409,01시,경북,상주시,일,중상,차량단독,전도,전도,안전운전 의무 불이행,남,51-60세,승용차,상해없음,없음,불명,없음,없음,사업용,택시,법인택시,없음,없음,없음,고속국도,단일로,기타단일로,맑음,포장,건조,0,1,0,0
20170409,02시,경기,여주시,일,중상,차대차,기타,기타,안전운전 의무 불이행,남,51-60세,승합차,중상,남,31-40세,승용차,상해없음,비사업용,버스,버스,비사업용,승용차,승용차,고속국도,단일로,기타단일로,비,포장,젖음/습기,0,1,0,0
20170409,11시,경북,영천시,일,중상,차대차,측면충돌,측면충돌,안전운전 의무 불이행,남,41-50세,화물차,중상,남,51-60세,승용차,상해없음,비사업용,화물차,화물차,비사업용,승용차,승용차,고속국도,기타,기타,맑음,포장,건조,0,3,5,0
20170409,11시,광주,북구,일,경상,차대차,기타,기타,기타,남,61-64세,승용차,상해없음,여,21-30세,승용차,경상,비사업용,승용차,승용차,비사업용,승용차,승용차,고속국도,단일로,기타단일로,맑음,포장,건조,0,0,1,0
20170409,12시,경기,화성시,일,경상,차대차,기타,기타,안전거리 미확보,남,31-40세,승용차,상해없음,남,51-60세,승용차,경상,비사업용,승용차,승용차,비사업용,승용차,승용차,고속국도,단일로,기타단일로,맑음,포장,건조,0,0,1,0
20170409,14시,경기,용인시,일,중상,차대차,측면충돌,측면충돌,안전거리 미확보,남,61-64세,승용차,상해없음,남,41-50세,승합차,경상,비사업용,승용차,승용차,사업용,노선버스,고속버스,고속국도,단일로,기타단일로,맑음,포장,건조,0,1,8,0
20170409,14시,인천,부평구,일,부상신고,차대차,측면충돌,측면충돌,안전거리 미확보,남,51-60세,승용차,기타불명,남,21-30세,승용차,부상신고,비사업용,승용차,승용차,비사업용,승용차,승용차,고속국도,단일로,기타단일로,맑음,포장,건조,0,0,0,1
20170409,18시,경남,진주시,일,중상,차대차,기타,기타,안전운전 의무 불이행,남,21-30세,승용차,상해없음,남,31-40세,승용차,상해없음,비사업용,승용차,승용차,비사업용,승용차,승용차,고속국도,단일로,기타단일로,맑음,포장,건조,0,1,0,0
20170409,19시,충북,청주시,일,경상,차대차,추돌,추돌,기타,남,31-40세,승용차,상해없음,남,41-50세,승합차,상해없음,비사업용,승용차,승용차,사업용,노선버스,고속버스,고속국도,단일로,기타단일로,맑음,포장,건조,0,0,12,0
20170409,20시,경기,용인시,일,중상,차대차,추돌,추돌,안전거리 미확보,남,61-64세,승합차,부상신고,남,41-50세,승합차,부상신고,사업용,전세버스,전세버스,사업용,전세버스,전세버스,고속국도,단일로,기타단일로,맑음,포장,건조,0,9,34,31
20170409,20시,경북,칠곡군,일,경상,차대사람,기타,기타,안전운전 의무 불이행,남,41-50세,승용차,상해없음,남,41-50세,보행자,경상,비사업용,승용차,승용차,보행자,보행자,보행자,고속국도,기타,기타,맑음,포장,건조,0,0,1,0
20170409,21시,경기,평택시,일,경상,차대차,추돌,추돌,안전운전 의무 불이행,남,41-50세,승용차,상해없음,남,21-30세,승용차,경상,비사업용,승용차,승용차,비사업용,승용차,승용차,고속국도,단일로,기타단일로,맑음,포장,건조,0,0,1,0