발생일,발생시간,발생지_시도,발생지_시군구,요일,사고내용,사고유형_대분류,사고유형_중분류,사고유형,가해자법규위반,가해자성별,가해자연령,가해당사자종별,가해자신체상해정도,피해자성별,피해자연령,피해당사자종별,피해자신체상해정도,가해차량용도_대분류,가해차량용도_중분류,가해차량용도,피해차량용도_대분류,피해차량용도_중분류,피해차량용도,도로종류,도로형태_대분류,도로형태,기상상태,노면상태_대분류,노면상태,사망자수,중상자수,경상자수,부상신고자수
20170409,22시,경기,용인시,일,중상,차대차,추돌,추돌,안전거리 미확보,남,21-30세,승용차,상해없음,여,41-50세,화물차,중상,비사업용,승용차,승용차,비사업용,화물차,화물차,고속국도,단일로,기타단일로,맑음,포장,건조,0,1,0,0
20170409,23시,강원,원주시,일,경상,차대차,정면충돌,정면충돌,안전운전 의무 불이행,남,41-50세,화물차,상해없음,남,51-60세,화물차,상해없음,사업용,화물차,화물차,사업용,화물차,화물차,고속국도,단일로,기타단일로,맑음,포장,건조,0,0,10,0
20170410,00시,서울,노원구,월,중상,차대차,추돌,추돌,안전운전 의무 불이행,남,20세이하,승용차,상해없음,남,41-50세,화물차,중상,사업용,렌터카,렌터카,사업용,화물차,화물차,고속국도,단일로,기타단일로,맑음,포장,건조,0,1,0,0
20170410,01시,경기,평택시,월,중상,차대차,추돌,추돌,안전운전 의무 불이행,남,31-40세,승용차,기타불명,남,41-50세,승용차,중상,비사업용,승용차,승용차,비사업용,승용차,승용차,고속국도,단일로,기타단일로,맑음,포장,건조,0,1,0,0
20170410,08시,경기,군포시,월,경상,차대차,측면충돌,측면충돌,안전거리 미확보,남,61-64세,화물차,상해없음,남,21-30세,승용차,경상,사업용,화물차,화물차,비사업용,승용차,승용차,고속국도,단일로,기타단일로,맑음,포장,건조,0,0,1,0
20170410,08시,경남,양산시,월,중상,차대차,측면충돌,측면충돌,안전거리 미확보,남,51-60세,승합차,상해없음,남,51-60세,승용차,중상,사업용,전세버스,전세버스,비사업용,승용차,승용차,고속국도,단일로,기타단일로,맑음,포장,건조,0,1,0,0
20170410,09시,경기,성남시,월,경상,차대차,기타,기타,안전운전 의무 불이행,남,51-60세,화물차,상해없음,여,31-40세,승용차,경상,사업용,화물차,화물차,비사업용,승용차,승용차,고속국도,단일로,기타단일로,맑음,포장,건조,0,0,1,0
20170410,09시,경기,용인시,월,경상,차대차,기타,기타,안전운전 의무 불이행,남,41-50세,승용차,상해없음,여,41-50세,승용차,경상,비사업용,승용차,승용차,비사업용,승용차,승용차,고속국도,단일로,기타단일로,맑음,포장,건조,0,0,1,0
20170410,10시,강원,평창군,월,경상,차대차,추돌,추돌,기타,여,21-30세,승용차,상해없음,남,31-40세,승용차,경상,비사업용,승용차,승용차,비사업용,승용차,승용차,고속국도,단일로,기타단일로,맑음,포장,건조,0,0,1,0
20170410,10시,경기,수원시,월,경상,차대차,기타,기타,안전운전 의무 불이행,남,21-30세,승용차,상해없음,남,21-30세,승용차,경상,비사업용,승용차,승용차,사업용,렌터카,렌터카,고속국도,단일로,기타단일로,맑음,포장,건조,0,0,1,0
20170410,11시,강원,횡성군,월,경상,차대차,후진중충돌,후진중충돌,안전운전 의무 불이행,남,41-50세,건설기계,상해없음,남,41-50세,건설기계,경상,비사업용,기타/건설기계,기타/건설기계,비사업용,기타/건설기계,기타/건설기계,고속국도,단일로,교량위,맑음,포장,건조,0,0,1,0
20170410,11시,경기,구리시,월,경상,차대차,기타,기타,안전운전 의무 불이행,남,41-50세,화물차,상해없음,남,51-60세,승합차,상해없음,비사업용,화물차,화물차,사업용,노선버스,시내버스,고속국도,단일로,기타단일로,맑음,포장,건조,0,0,1,0
20170410,11시,대전,서구,월,경상,차대차,추돌,추돌,안전거리 미확보,남,21-30세,승용차,상해없음,남,65세이상,승용차,경상,비사업용,승용차,승용차,비사업용,승용차,승용차,고속국도,단일로,기타단일로,맑음,포장,건조,0,0,1,0
20170410,12시,경기,화성시,월,중상,차대차,기타,기타,안전운전 의무 불이행,기타불명,불명,불명,기타불명,남,61-64세,화물차,중상,불명,불명,불명,비사업용,화물차,화물차,고속국도,단일로,기타단일로,맑음,포장,건조,0,1,0,0
20170410,14시,울산,울주군,월,경상,차대차,측면충돌,측면충돌,안전거리 미확보,남,51-60세,화물차,상해없음,남,41-50세,화물차,경상,사업용,화물차,화물차,비사업용,화물차,화물차,고속국도,단일로,기타단일로,맑음,포장,건조,0,0,2,0
20170410,14시,인천,미추홀구,월,중상,차대차,기타,기타,기타,남,61-64세,특수차,중상,남,41-50세,승용차,중상,사업용,위험물운송,위험물운송,사업용,택시,개인택시,고속국도,단일로,기타단일로,맑음,포장,건조,0,2,0,0
20170410,15시,인천,미추홀구,월,중상,차대차,측면충돌,측면충돌,안전거리 미확보,남,61-64세,화물차,상해없음,남,61-64세,화물차,중상,사업용,화물차,화물차,비사업용,화물차,화물차,고속국도,단일로,교량위,맑음,포장,건조,0,2,0,0
20170410,17시,경기,안산시,월,중상,차대차,추돌,추돌,안전운전 의무 불이행,남,61-64세,화물차,부상신고,남,51-60세,승용차,부상신고,비사업용,화물차,화물차,비사업용,승용차,승용차,고속국도,단일로,기타단일로,맑음,포장,건조,0,2,6,2
20170410,22시,경북,칠곡군,월,중상,차대차,추돌,추돌,안전운전 의무 불이행,남,41-50세,화물차,상해없음,남,51-60세,화물차,중상,사업용,화물차,화물차,비사업용,화물차,화물차,고속국도,단일로,기타단일로,비,포장,젖음/습기,0,2,0,0
20170411,02시,경북,칠곡군,화,경상,차대차,후진중충돌,후진중충돌,안전운전 의무 불이행,남,51-60세,화물차,상해없음,남,31-40세,화물차,경상,사업용,화물차,화물차,사업용,화물차,화물차,고속국도,기타,기타,비,포장,젖음/습기,0,0,1,0
20170411,05시,경기,군포시,화,중상,차대차,추돌,추돌,안전거리 미확보,여,31-40세,승용차,중상,남,51-60세,승용차,경상,비사업용,승용차,승용차,비사업용,승용차,승용차,고속국도,단일로,기타단일로,맑음,포장,건조,0,1,1,0
20170411,10시,경기,양평군,화,중상,차대사람,기타,기타,안전운전 의무 불이행,남,41-50세,화물차,상해없음,남,21-30세,보행자,중상,비사업용,화물차,화물차,보행자,보행자,보행자,고속국도,단일로,기타단일로,맑음,포장,건조,0,1,0,0
20170411,10시,경기,용인시,화,중상,차대차,기타,기타,안전운전 의무 불이행,남,31-40세,승용차,상해없음,여,51-60세,승용차,경상,비사업용,승용차,승용차,비사업용,승용차,승용차,고속국도,단일로,기타단일로,맑음,포장,건조,0,2,2,0
20170411,10시,서울,강동구,화,경상,차대차,기타,기타,안전운전 의무 불이행,남,61-64세,화물차,상해없음,여,41-50세,승용차,경상,사업용,화물차,화물차,비사업용,승용차,승용차,고속국도,단일로,기타단일로,맑음,포장,건조,0,0,1,1
20170411,12시,대전,유성구,화,중상,차대차,기타,기타,안전운전 의무 불이행,남,31-40세,승용차,상해없음,남,31-40세,승용차,중상,비사업용,승용차,승용차,비사업용,승용차,승용차,고속국도,단일로,기타단일로,맑음,포장,건조,0,3,0,0
20170411,20시,경기,시흥시,화,경상,차대차,추돌,추돌,안전운전 의무 불이행,여,21-30세,승용차,상해없음,여,31-40세,승용차,경상,사업용,렌터카,렌터카,비사업용,승용차,승용차,고속국도,단일로,기타단일로,맑음,포장,건조,0,0,1,0
20170411,22시,경남,양산시,화,사망,차대차,측면충돌,측면충돌,안전운전 의무 불이행,남,51-60세,승용차,상해없음,여,51-60세,승용차,상해없음,비사업용,승용차,승용차,비사업용,승용차,승용차,고속국도,단일로,기타단일로,맑음,포장,건조,1,0,0,0
20170411,23시,경북,상주시,화,경상,차대차,기타,기타,안전운전 의무 불이행,남,31-40세,화물차,상해없음,남,31-40세,화물차,경상,사업용,화물차,화물차,사업용,화물차,화물차,고속국도,단일로,기타단일로,맑음,포장,건조,0,0,2,0
20170411,23시,서울,강동구,화,사망,차대차,측면충돌,측면충돌,안전거리 미확보,남,51-60세,화물차,중상,남,41-50세,승용차,경상,사업용,화물차,화물차,사업용,렌터카,렌터카,고속국도,단일로,기타단일로,맑음,포장,건조,1,1,2,0
20170412,00시,경기,안양시,수,사망,차대차,정면충돌,정면충돌,안전운전 의무 불이행,남,31-40세,승용차,사망,남,41-50세,승용차,사망,비사업용,승용차,승용차,비사업용,승용차,승용차,고속국도,단일로,기타단일로,맑음,포장,건조,2,0,0,0
20170412,09시,경기,부천시,수,경상,차대차,기타,기타,안전운전 의무 불이행,남,51-60세,특수차,상해없음,남,31-40세,승용차,경상,사업용,위험물운송,위험물운송,비사업용,승용차,승용차,고속국도,단일로,기타단일로,맑음,포장,건조,0,0,2,0
20170412,09시,경기,안성시,수,경상,차대차,기타,기타,안전운전 의무 불이행,남,51-60세,화물차,상해없음,남,21-30세,승용차,경상,사업용,화물차,화물차,비사업용,승용차,승용차,고속국도,단일로,기타단일로,맑음,포장,건조,0,0,1,0
20170412,09시,경남,김해시,수,경상,차대차,추돌,추돌,안전거리 미확보,남,65세이상,승합차,상해없음,남,21-30세,승용차,경상,비사업용,버스,버스,비사업용,승용차,승용차,고속국도,단일로,기타단일로,맑음,포장,건조,0,0,3,0
20170412,13시,전북,정읍시,수,중상,차대차,추돌,추돌,안전운전 의무 불이행,남,41-50세,승합차,중상,남,41-50세,화물차,중상,사업용,노선버스,고속버스,비사업용,화물차,화물차,고속국도,단일로,기타단일로,맑음,포장,건조,0,6,3,0
20170412,14시,경남,밀양시,수,중상,차대차,기타,기타,안전거리 미확보,남,21-30세,승용차,상해없음,남,51-60세,승용차,중상,비사업용,승용차,승용차,사업용,렌터카,렌터카,고속국도,단일로,기타단일로,맑음,포장,건조,0,1,0,0
20170412,15시,대전,중구,수,경상,차대차,기타,기타,안전운전 의무 불이행,남,51-60세,화물차,상해없음,남,31-40세,승용차,경상,비사업용,화물차,화물차,비사업용,승용차,승용차,고속국도,단일로,기타단일로,맑음,포장,건조,0,0,2,0
20170412,17시,인천,계양구,수,경상,차대차,기타,기타,기타,남,31-40세,승용차,상해없음,남,31-40세,승용차,경상,비사업용,승용차,승용차,비사업용,승용차,승용차,고속국도,단일로,기타단일로,맑음,포장,건조,0,0,1,0
20170412,18시,경기,화성시,수,경상,차량단독,기타,기타,안전운전 의무 불이행,남,51-60세,승합차,상해없음,없음,불명,없음,없음,사업용,노선버스,고속버스,없음,없음,없음,고속국도,단일로,기타단일로,맑음,포장,건조,0,0,1,0
20170412,18시,부산,강서구,수,경상,차대차,추돌,추돌,안전운전 의무 불이행,남,51-60세,승용차,상해없음,남,21-30세,승용차,경상,비사업용,승용차,승용차,비사업용,승용차,승용차,고속국도,단일로,기타단일로,맑음,포장,건조,0,0,1,0
20170412,19시,경기,여주시,수,중상,차대차,추돌,추돌,안전운전 의무 불이행,남,20세이하,화물차,상해없음,남,51-60세,승용차,중상,비사업용,화물차,화물차,비사업용,승용차,승용차,고속국도,단일로,기타단일로,맑음,포장,건조,0,1,0,0
20170412,22시,경북,청도군,수,경상,차대차,추돌,추돌,안전운전 의무 불이행,남,61-64세,특수차,상해없음,남,41-50세,특수차,경상,사업용,위험물운송,위험물운송,사업용,위험물운송,위험물운송,고속국도,기타,기타,맑음,포장,건조,0,0,1,0
20170412,23시,충남,공주시,수,중상,차대차,추돌,추돌,안전운전 의무 불이행,남,41-50세,화물차,상해없음,남,51-60세,화물차,상해없음,사업용,화물차,화물차,사업용,화물차,화물차,고속국도,단일로,기타단일로,맑음,포장,건조,0,1,0,0
20170413,02시,충북,제천시,목,경상,차대차,추돌,추돌,안전운전 의무 불이행,남,21-30세,승용차,상해없음,남,51-60세,승용차,경상,비사업용,승용차,승용차,비사업용,승용차,승용차,고속국도,단일로,기타단일로,맑음,포장,건조,0,0,1,0
20170413,05시,경남,양산시,목,중상,차대차,추돌,추돌,안전운전 의무 불이행,남,21-30세,승용차,상해없음,남,41-50세,화물차,중상,비사업용,승용차,승용차,사업용,화물차,화물차,고속국도,단일로,기타단일로,맑음,포장,건조,0,1,0,0
20170413,06시,경기,고양시,목,중상,차대차,측면충돌,측면충돌,안전거리 미확보,남,41-50세,화물차,상해없음,남,41-50세,화물차,중상,비사업용,화물차,화물차,사업용,화물차,화물차,고속국도,단일로,기타단일로,맑음,포장,건조,0,1,0,0
20170413,08시,대구,달성군,목,중상,차대차,추돌,추돌,안전운전 의무 불이행,남,41-50세,건설기계,상해없음,남,61-64세,화물차,중상,비사업용,기타/건설기계,기타/건설기계,비사업용,화물차,화물차,고속국도,단일로,기타단일로,맑음,포장,건조,0,1,0,0
20170413,08시,충남,청양군,목,사망,차대차,추돌,추돌,안전운전 의무 불이행,남,41-50세,승용차,사망,남,21-30세,화물차,부상신고,비사업용,승용차,승용차,비사업용,화물차,화물차,고속국도,단일로,기타단일로,맑음,포장,건조,1,0,0,1
20170413,09시,경기,용인시,목,경상,차대차,추돌,추돌,안전거리 미확보,남,65세이상,승용차,상해없음,여,31-40세,승용차,상해없음,비사업용,승용차,승용차,비사업용,승용차,승용차,고속국도,단일로,기타단일로,맑음,포장,건조,0,0,1,0
20170413,10시,경기,수원시,목,중상,차대차,기타,기타,안전운전 의무 불이행,남,61-64세,승용차,상해없음,남,41-50세,승용차,중상,비사업용,승용차,승용차,비사업용,승용차,승용차,고속국도,단일로,기타단일로,맑음,포장,건조,0,1,0,0
20170413,15시,충남,천안시,목,중상,차대차,추돌,추돌,안전운전 의무 불이행,남,21-30세,승용차,경상,남,31-40세,승용차,중상,비사업용,승용차,승용차,사업용,렌터카,렌터카,고속국도,단일로,터널안,맑음,포장,건조,0,2,3,0
20170413,19시,경기,성남시,목,경상,차대차,추돌,추돌,안전거리 미확보,남,51-60세,승용차,경상,남,61-64세,승용차,경상,사업용,렌터카,렌터카,비사업용,승용차,승용차,고속국도,단일로,기타단일로,맑음,포장,건조,0,0,3,0
20170413,19시,부산,기장군,목,중상,차대차,추돌,추돌,안전거리 미확보,남,21-30세,승용차,상해없음,여,51-60세,승용차,중상,비사업용,승용차,승용차,비사업용,승용차,승용차,고속국도,단일로,기타단일로,맑음,포장,건조,0,1,0,0
20170414,02시,경기,여주시,금,경상,차대차,추돌,추돌,안전운전 의무 불이행,남,51-60세,승용차,상해없음,여,51-60세,승용차,경상,비사업용,승용차,승용차,비사업용,승용차,승용차,고속국도,기타,기타,맑음,포장,건조,0,0,1,0
20170414,05시,충북,청주시,금,부상신고,차대차,측면충돌,측면충돌,안전운전 의무 불이행,기타불명,불명,불명,기타불명,남,41-50세,승용차,부상신고,불명,불명,불명,사업용,렌터카,렌터카,고속국도,단일로,기타단일로,맑음,포장,건조,0,0,0,1
20170414,06시,전북,군산시,금,중상,차량단독,기타,기타,안전운전 의무 불이행,남,51-60세,승합차,상해없음,없음,불명,없음,없음,사업용,노선버스,고속버스,없음,없음,없음,고속국도,단일로,기타단일로,맑음,포장,건조,0,1,1,0
20170414,07시,전남,순천시,금,경상,차대차,기타,기타,안전거리 미확보,남,61-64세,특수차,경상,남,20세이하,승용차,상해없음,사업용,화물차,화물차,비사업용,승용차,승용차,고속국도,단일로,교량위,맑음,포장,건조,0,0,1,0
20170414,10시,충북,청주시,금,경상,차대차,기타,기타,안전거리 미확보,남,51-60세,화물차,상해없음,남,21-30세,화물차,경상,사업용,화물차,화물차,비사업용,화물차,화물차,고속국도,단일로,기타단일로,맑음,포장,건조,0,0,2,0
20170414,14시,경기,성남시,금,경상,차대차,추돌,추돌,안전운전 의무 불이행,남,61-64세,화물차,상해없음,남,51-60세,승용차,경상,비사업용,화물차,화물차,비사업용,승용차,승용차,고속국도,단일로,기타단일로,맑음,포장,건조,0,0,2,0
20170414,16시,경기,안양시,금,경상,차대차,추돌,추돌,안전운전 의무 불이행,남,65세이상,승용차,상해없음,남,31-40세,승용차,경상,비사업용,승용차,승용차,비사업용,승용차,승용차,고속국도,단일로,기타단일로,맑음,포장,건조,0,0,1,0
20170414,16시,충남,천안시,금,경상,차대차,측면충돌,측면충돌,기타,여,51-60세,승용차,경상,여,51-60세,승합차,경상,비사업용,승용차,승용차,비사업용,버스,버스,고속국도,단일로,기타단일로,맑음,포장,건조,0,0,7,0
20170414,17시,충남,천안시,금,경상,차대차,추돌,추돌,안전운전 의무 불이행,남,41-50세,화물차,상해없음,남,31-40세,승용차,경상,비사업용,화물차,화물차,비사업용,승용차,승용차,고속국도,단일로,기타단일로,맑음,포장,건조,0,0,2,0
20170414,18시,경기,용인시,금,경상,차대차,추돌,추돌,안전운전 의무 불이행,여,31-40세,승용차,상해없음,남,41-50세,승용차,부상신고,비사업용,승용차,승용차,비사업용,승용차,승용차,고속국도,단일로,기타단일로,흐림,포장,건조,0,0,3,1
20170414,19시,강원,평창군,금,중상,차대차,추돌,추돌,안전운전 의무 불이행,남,41-50세,승용차,경상,남,51-60세,승용차,경상,사업용,렌터카,렌터카,비사업용,승용차,승용차,고속국도,단일로,기타단일로,비,포장,젖음/습기,0,3,6,0
20170414,21시,경기,하남시,금,경상,차대차,추돌,추돌,안전운전 의무 불이행,남,51-60세,승용차,상해없음,남,65세이상,화물차,상해없음,비사업용,승용차,승용차,사업용,화물차,화물차,고속국도,단일로,기타단일로,맑음,포장,건조,0,0,1,0
20170414,21시,경북,상주시,금,경상,차대차,측면충돌,측면충돌,안전거리 미확보,남,31-40세,특수차,상해없음,여,51-60세,승용차,경상,사업용,위험물운송,위험물운송,비사업용,승용차,승용차,고속국도,단일로,기타단일로,맑음,포장,건조,0,0,1,0
20170415,00시,경기,용인시,토,경상,차대차,기타,기타,안전운전 의무 불이행,남,41-50세,화물차,상해없음,여,51-60세,승용차,경상,사업용,화물차,화물차,비사업용,승용차,승용차,고속국도,단일로,기타단일로,맑음,포장,건조,0,0,2,0
20170415,00시,대구,서구,토,경상,차대차,추돌,추돌,안전운전 의무 불이행,남,65세이상,화물차,상해없음,남,51-60세,승용차,상해없음,비사업용,화물차,화물차,비사업용,승용차,승용차,고속국도,단일로,기타단일로,맑음,포장,건조,0,0,1,0
20170415,01시,충남,공주시,토,사망,차량단독,도로이탈,도로이탈 추락,안전운전 의무 불이행,남,41-50세,화물차,사망,없음,불명,없음,없음,비사업용,화물차,화물차,없음,없음,없음,고속국도,단일로,기타단일로,맑음,포장,건조,1,0,0,0
20170415,09시,경남,창원시,토,경상,차대차,추돌,추돌,안전운전 의무 불이행,남,65세이상,승용차,상해없음,남,51-60세,승용차,경상,비사업용,승용차,승용차,비사업용,승용차,승용차,고속국도,단일로,기타단일로,맑음,포장,건조,0,0,2,0
20170415,11시,인천,서구,토,부상신고,차량단독,공작물충돌,공작물충돌,안전운전 의무 불이행,남,41-50세,화물차,부상신고,없음,불명,없음,없음,사업용,화물차,화물차,없음,없음,없음,고속국도,단일로,기타단일로,맑음,포장,건조,0,0,0,1
20170415,13시,강원,홍천군,토,중상,차대차,추돌,추돌,안전운전 의무 불이행,여,31-40세,승용차,중상,남,41-50세,승용차,경상,사업용,렌터카,렌터카,비사업용,승용차,승용차,고속국도,교차로,교차로부근,맑음,포장,건조,0,1,2,0
20170415,14시,경기,하남시,토,경상,차대차,기타,기타,안전운전 의무 불이행,여,20세이하,승용차,기타불명,남,41-50세,승용차,경상,사업용,렌터카,렌터카,비사업용,승용차,승용차,고속국도,단일로,기타단일로,맑음,포장,건조,0,0,3,0
20170415,16시,대구,북구,토,중상,차대차,기타,기타,안전운전 의무 불이행,남,21-30세,승용차,경상,남,41-50세,승용차,상해없음,비사업용,승용차,승용차,비사업용,승용차,승용차,고속국도,단일로,기타단일로,맑음,포장,건조,0,7,6,0
20170415,17시,경남,창원시,토,경상,차대차,추돌,추돌,안전운전 의무 불이행,남,21-30세,승용차,상해없음,남,51-60세,승용차,경상,비사업용,승용차,승용차,비사업용,승용차,승용차,고속국도,단일로,기타단일로,맑음,포장,건조,0,0,2,0
20170415,17시,충북,청주시,토,중상,차대차,추돌,추돌,기타,남,21-30세,승용차,상해없음,남,51-60세,승합차,중상,사업용,렌터카,렌터카,사업용,전세버스,전세버스,고속국도,단일로,기타단일로,맑음,포장,건조,0,1,5,0
20170415,18시,충남,천안시,토,중상,차대차,추돌,추돌,안전운전 의무 불이행,남,61-64세,승용차,상해없음,남,51-60세,승용차,경상,비사업용,승용차,승용차,비사업용,승용차,승용차,고속국도,단일로,기타단일로,맑음,포장,건조,0,2,6,0
20170415,20시,경기,여주시,토,중상,차대차,추돌,추돌,안전운전 의무 불이행,남,61-64세,승용차,상해없음,남,31-40세,승용차,중상,비사업용,승용차,승용차,비사업용,승용차,승용차,고속국도,단일로,기타단일로,맑음,포장,건조,0,2,0,0
20170415,22시,경기,안산시,토,경상,차대차,기타,기타,안전거리 미확보,남,21-30세,승용차,상해없음,남,51-60세,승용차,경상,비사업용,승용차,승용차,비사업용,승용차,승용차,고속국도,단일로,교량위,맑음,포장,건조,0,0,1,0
20170415,23시,경기,구리시,토,경상,차대차,측면충돌,측면충돌,안전거리 미확보,남,51-60세,승용차,상해없음,남,31-40세,승용차,경상,사업용,택시,법인택시,비사업용,승용차,승용차,고속국도,단일로,기타단일로,맑음,포장,건조,0,0,1,0
20170416,00시,경기,의왕시,일,경상,차대차,추돌,추돌,안전운전 의무 불이행,남,31-40세,승용차,상해없음,남,31-40세,승용차,경상,사업용,렌터카,렌터카,비사업용,승용차,승용차,고속국도,단일로,기타단일로,맑음,포장,건조,0,0,2,0
20170416,10시,경기,광주시,일,경상,차대차,추돌,추돌,안전운전 의무 불이행,남,21-30세,승용차,상해없음,여,31-40세,승용차,경상,비사업용,승용차,승용차,비사업용,승용차,승용차,고속국도,단일로,기타단일로,맑음,포장,건조,0,0,3,0
20170416,11시,충남,공주시,일,경상,차대차,추돌,추돌,안전운전 의무 불이행,남,41-50세,승용차,상해없음,남,65세이상,승용차,상해없음,비사업용,승용차,승용차,비사업용,승용차,승용차,고속국도,단일로,기타단일로,맑음,포장,건조,0,0,1,0
20170416,12시,경기,화성시,일,경상,차대차,기타,기타,안전운전 의무 불이행,여,51-60세,승용차,상해없음,남,51-60세,승용차,경상,비사업용,승용차,승용차,비사업용,승용차,승용차,고속국도,단일로,기타단일로,맑음,포장,건조,0,0,1,0
20170416,15시,경기,군포시,일,경상,차대차,측면충돌,측면충돌,안전거리 미확보,남,51-60세,승용차,상해없음,남,41-50세,승용차,경상,비사업용,승용차,승용차,비사업용,승용차,승용차,고속국도,단일로,기타단일로,맑음,포장,건조,0,0,3,0
20170416,15시,경기,성남시,일,경상,차대차,측면충돌,측면충돌,안전거리 미확보,남,31-40세,승용차,상해없음,여,51-60세,승용차,경상,비사업용,승용차,승용차,비사업용,승용차,승용차,고속국도,단일로,기타단일로,맑음,포장,건조,0,0,2,0
20170416,15시,서울,강동구,일,중상,차대차,추돌,추돌,안전운전 의무 불이행,남,41-50세,승용차,상해없음,여,65세이상,승용차,중상,비사업용,승용차,승용차,비사업용,승용차,승용차,고속국도,단일로,기타단일로,맑음,포장,건조,0,1,0,0
20170416,15시,충남,청양군,일,경상,차대차,기타,기타,안전운전 의무 불이행,남,21-30세,승용차,상해없음,남,51-60세,승용차,상해없음,비사업용,승용차,승용차,비사업용,승용차,승용차,고속국도,단일로,기타단일로,맑음,포장,건조,0,0,3,0
20170416,15시,충남,청양군,일,경상,차대차,추돌,추돌,안전운전 의무 불이행,여,41-50세,승용차,상해없음,남,61-64세,승용차,경상,비사업용,승용차,승용차,비사업용,승용차,승용차,고속국도,단일로,기타단일로,맑음,포장,건조,0,0,2,0
20170416,15시,충북,청주시,일,경상,차대차,기타,기타,안전운전 의무 불이행,남,61-64세,승용차,상해없음,남,21-30세,승용차,경상,비사업용,승용차,승용차,비사업용,승용차,승용차,고속국도,단일로,기타단일로,맑음,포장,건조,0,0,2,0
20170416,16시,강원,원주시,일,경상,차대차,측면충돌,측면충돌,안전운전 의무 불이행,남,21-30세,승용차,상해없음,남,51-60세,승용차,경상,사업용,렌터카,렌터카,비사업용,승용차,승용차,고속국도,단일로,기타단일로,맑음,포장,건조,0,0,1,0
20170416,17시,경남,밀양시,일,경상,차대차,추돌,추돌,안전거리 미확보,남,31-40세,승용차,상해없음,여,21-30세,승용차,경상,비사업용,승용차,승용차,사업용,렌터카,렌터카,고속국도,단일로,기타단일로,맑음,포장,건조,0,0,1,0
20170416,18시,강원,춘천시,일,경상,차대차,추돌,추돌,안전거리 미확보,남,41-50세,승용차,상해없음,여,41-50세,승용차,상해없음,비사업용,승용차,승용차,비사업용,승용차,승용차,고속국도,단일로,터널안,맑음,포장,건조,0,0,1,0
20170416,19시,경기,안성시,일,경상,차대차,측면충돌,측면충돌,안전거리 미확보,남,65세이상,승합차,상해없음,남,31-40세,승용차,경상,사업용,전세버스,전세버스,비사업용,승용차,승용차,고속국도,단일로,기타단일로,맑음,포장,건조,0,0,4,0
20170416,20시,경기,광주시,일,경상,차대차,추돌,추돌,안전운전 의무 불이행,남,21-30세,승용차,상해없음,남,41-50세,승용차,경상,비사업용,승용차,승용차,비사업용,승용차,승용차,고속국도,단일로,기타단일로,맑음,포장,건조,0,0,1,0
20170416,21시,충남,서천군,일,경상,차대차,기타,기타,안전운전 의무 불이행,남,31-40세,승용차,상해없음,여,41-50세,승용차,상해없음,비사업용,승용차,승용차,비사업용,승용차,승용차,고속국도,단일로,기타단일로,맑음,포장,건조,0,0,3,0
20170416,23시,전북,고창군,일,경상,차대차,기타,기타,안전운전 의무 불이행,남,41-50세,화물차,상해없음,남,41-50세,화물차,경상,비사업용,화물차,화물차,비사업용,화물차,화물차,고속국도,단일로,기타단일로,맑음,포장,건조,0,0,1,0
20170417,02시,전북,익산시,월,중상,차대차,추돌,추돌,안전운전 의무 불이행,남,31-40세,승용차,상해없음,남,51-60세,승용차,상해없음,비사업용,승용차,승용차,비사업용,승용차,승용차,고속국도,단일로,기타단일로,맑음,포장,건조,0,1,4,0
20170417,04시,경북,안동시,월,중상,차대차,추돌,추돌,안전운전 의무 불이행,남,41-50세,승용차,경상,남,65세이상,화물차,중상,비사업용,승용차,승용차,비사업용,화물차,화물차,고속국도,단일로,기타단일로,맑음,포장,건조,0,1,1,0
20170417,09시,경북,의성군,월,중상,차량단독,전복,전복,안전운전 의무 불이행,남,61-64세,승용차,상해없음,없음,불명,없음,없음,비사업용,승용차,승용차,없음,없음,없음,고속국도,단일로,기타단일로,비,포장,젖음/습기,0,7,1,0
20170417,10시,경남,김해시,월,경상,차대차,측면충돌,측면충돌,안전운전 의무 불이행,남,41-50세,화물차,상해없음,남,21-30세,승용차,상해없음,사업용,화물차,화물차,비사업용,승용차,승용차,고속국도,단일로,기타단일로,비,포장,젖음/습기,0,0,2,0
20170417,10시,충남,논산시,월,사망,차대차,추돌,추돌,안전운전 의무 불이행,남,41-50세,승용차,상해없음,여,31-40세,승용차,중상,비사업용,승용차,승용차,비사업용,승용차,승용차,고속국도,단일로,기타단일로,비,포장,젖음/습기,1,2,2,0
20170417,13시,경기,의정부시,월,경상,차대차,기타,기타,안전운전 의무 불이행,남,41-50세,화물차,상해없음,여,21-30세,승용차,경상,사업용,화물차,화물차,비사업용,승용차,승용차,고속국도,단일로,기타단일로,맑음,포장,건조,0,0,1,0
20170417,14시,경기,부천시,월,경상,차대차,추돌,추돌,안전거리 미확보,남,20세이하,승용차,상해없음,남,21-30세,승용차,경상,비사업용,승용차,승용차,비사업용,승용차,승용차,고속국도,단일로,기타단일로,비,포장,젖음/습기,0,0,1,0
20170417,14시,경기,수원시,월,중상,차대차,측면충돌,측면충돌,안전거리 미확보,남,51-60세,특수차,상해없음,남,31-40세,승용차,중상,사업용,화물차,화물차,비사업용,승용차,승용차,고속국도,단일로,기타단일로,비,포장,젖음/습기,0,1,0,0