발생일,발생시간,발생지_시도,발생지_시군구,요일,사고내용,사고유형_대분류,사고유형_중분류,사고유형,가해자법규위반,가해자성별,가해자연령,가해당사자종별,가해자신체상해정도,피해자성별,피해자연령,피해당사자종별,피해자신체상해정도,가해차량용도_대분류,가해차량용도_중분류,가해차량용도,피해차량용도_대분류,피해차량용도_중분류,피해차량용도,도로종류,도로형태_대분류,도로형태,기상상태,노면상태_대분류,노면상태,사망자수,중상자수,경상자수,부상신고자수
20170506,14시,충남,공주시,토,중상,차대차,추돌,추돌,안전운전 의무 불이행,여,21-30세,승용차,상해없음,남,31-40세,승용차,중상,비사업용,승용차,승용차,비사업용,승용차,승용차,고속국도,단일로,터널안,맑음,포장,건조,0,1,3,0
20170506,16시,강원,강릉시,토,경상,차대차,추돌,추돌,안전거리 미확보,남,21-30세,승용차,경상,여,31-40세,승용차,상해없음,비사업용,승용차,승용차,비사업용,승용차,승용차,고속국도,단일로,기타단일로,맑음,포장,건조,0,0,7,0
20170506,17시,경남,함안군,토,중상,차대차,기타,기타,안전운전 의무 불이행,남,31-40세,화물차,상해없음,남,65세이상,승용차,경상,비사업용,화물차,화물차,비사업용,승용차,승용차,고속국도,단일로,기타단일로,맑음,포장,건조,0,4,2,0
20170506,18시,경기,용인시,토,경상,차대차,추돌,추돌,안전거리 미확보,남,65세이상,화물차,상해없음,남,41-50세,승용차,경상,비사업용,화물차,화물차,비사업용,승용차,승용차,고속국도,단일로,기타단일로,맑음,포장,건조,0,0,3,0
20170506,21시,전북,김제시,토,사망,차대사람,기타,기타,과속,남,65세이상,승용차,상해없음,여,31-40세,보행자,사망,비사업용,승용차,승용차,보행자,보행자,보행자,고속국도,기타,기타,맑음,포장,건조,1,0,0,0
20170507,01시,경기,군포시,일,경상,차대차,기타,기타,안전거리 미확보,기타불명,불명,불명,기타불명,남,41-50세,승용차,경상,불명,불명,불명,비사업용,승용차,승용차,고속국도,단일로,기타단일로,맑음,포장,건조,0,0,2,0
20170507,02시,충남,천안시,일,경상,차대차,기타,기타,안전운전 의무 불이행,남,21-30세,승용차,상해없음,남,51-60세,화물차,상해없음,비사업용,승용차,승용차,사업용,화물차,화물차,고속국도,단일로,기타단일로,맑음,포장,건조,0,0,1,0
20170507,03시,전북,정읍시,일,경상,차대차,기타,기타,안전운전 의무 불이행,여,31-40세,승용차,상해없음,남,41-50세,승용차,경상,비사업용,승용차,승용차,비사업용,승용차,승용차,고속국도,단일로,기타단일로,맑음,포장,건조,0,0,2,0
20170507,07시,경북,구미시,일,중상,차량단독,전도,전도,안전운전 의무 불이행,여,41-50세,승용차,부상신고,없음,불명,없음,없음,비사업용,승용차,승용차,없음,없음,없음,고속국도,단일로,기타단일로,맑음,포장,건조,0,1,0,1
20170507,08시,경기,이천시,일,중상,차대차,기타,기타,안전운전 의무 불이행,남,21-30세,승용차,상해없음,남,51-60세,화물차,중상,비사업용,승용차,승용차,사업용,화물차,화물차,고속국도,단일로,기타단일로,맑음,포장,건조,0,1,0,0
20170507,09시,강원,홍천군,일,경상,차대차,추돌,추돌,안전운전 의무 불이행,남,41-50세,화물차,상해없음,남,51-60세,승용차,경상,비사업용,화물차,화물차,비사업용,승용차,승용차,고속국도,단일로,기타단일로,맑음,포장,건조,0,0,3,0
20170507,09시,경기,여주시,일,경상,차대차,추돌,추돌,안전거리 미확보,남,31-40세,승용차,상해없음,남,21-30세,승용차,경상,비사업용,승용차,승용차,비사업용,승용차,승용차,고속국도,기타,기타,맑음,포장,건조,0,0,2,0
20170507,10시,경기,구리시,일,경상,차대차,추돌,추돌,안전운전 의무 불이행,남,21-30세,승용차,상해없음,남,51-60세,승용차,경상,비사업용,승용차,승용차,비사업용,승용차,승용차,고속국도,단일로,기타단일로,맑음,포장,건조,0,0,4,0
20170507,14시,경기,여주시,일,중상,차량단독,전도,전도,안전운전 의무 불이행,여,41-50세,승용차,상해없음,없음,불명,없음,없음,비사업용,승용차,승용차,없음,없음,없음,고속국도,기타,기타,맑음,포장,건조,0,1,3,0
20170507,15시,강원,평창군,일,중상,차대차,추돌,추돌,안전운전 의무 불이행,여,41-50세,승용차,경상,남,41-50세,승용차,상해없음,비사업용,승용차,승용차,사업용,렌터카,렌터카,고속국도,단일로,터널안,맑음,포장,건조,0,1,1,0
20170507,16시,인천,부평구,일,경상,차대차,기타,기타,안전운전 의무 불이행,남,31-40세,승용차,상해없음,남,51-60세,승용차,경상,비사업용,승용차,승용차,사업용,택시,법인택시,고속국도,단일로,기타단일로,맑음,포장,건조,0,0,1,0
20170507,17시,경기,화성시,일,경상,차대차,추돌,추돌,안전거리 미확보,남,31-40세,승용차,상해없음,남,31-40세,승합차,상해없음,비사업용,승용차,승용차,비사업용,기타/건설기계,기타/건설기계,고속국도,단일로,교량위,맑음,포장,건조,0,0,1,0
20170507,18시,대구,동구,일,경상,차대차,추돌,추돌,안전운전 의무 불이행,남,61-64세,승용차,상해없음,남,61-64세,승용차,경상,비사업용,승용차,승용차,비사업용,승용차,승용차,고속국도,단일로,기타단일로,맑음,포장,건조,0,0,2,0
20170507,21시,경기,평택시,일,경상,차대차,추돌,추돌,안전거리 미확보,남,51-60세,승용차,상해없음,남,41-50세,승용차,경상,비사업용,승용차,승용차,비사업용,승용차,승용차,고속국도,단일로,교량위,맑음,포장,건조,0,0,2,0
20170507,22시,서울,송파구,일,중상,차량단독,기타,기타,안전운전 의무 불이행,남,31-40세,승용차,상해없음,없음,불명,없음,없음,비사업용,승용차,승용차,없음,없음,없음,고속국도,단일로,기타단일로,맑음,포장,건조,0,1,0,0
20170507,23시,경남,양산시,일,경상,차대차,측면충돌,측면충돌,안전거리 미확보,남,61-64세,승용차,상해없음,남,31-40세,승용차,경상,비사업용,승용차,승용차,비사업용,승용차,승용차,고속국도,단일로,기타단일로,맑음,포장,건조,0,0,1,0
20170508,07시,경기,용인시,월,경상,차대차,기타,기타,안전거리 미확보,남,51-60세,화물차,상해없음,남,41-50세,승용차,경상,사업용,화물차,화물차,비사업용,승용차,승용차,고속국도,단일로,기타단일로,맑음,포장,건조,0,0,1,0
20170508,11시,경기,안성시,월,경상,차대차,측면충돌,측면충돌,안전운전 의무 불이행,남,51-60세,화물차,상해없음,남,21-30세,승합차,경상,비사업용,화물차,화물차,비사업용,버스,버스,고속국도,단일로,기타단일로,맑음,포장,건조,0,0,11,0
20170508,11시,충남,공주시,월,경상,차대차,측면충돌,측면충돌,안전거리 미확보,남,21-30세,승용차,상해없음,남,41-50세,승합차,경상,비사업용,승용차,승용차,사업용,노선버스,고속버스,고속국도,단일로,기타단일로,맑음,포장,건조,0,0,3,0
20170508,15시,경남,양산시,월,중상,차대차,측면충돌,측면충돌,안전거리 미확보,여,51-60세,승용차,상해없음,남,41-50세,승용차,중상,비사업용,승용차,승용차,비사업용,승용차,승용차,고속국도,단일로,기타단일로,맑음,포장,건조,0,1,0,0
20170508,23시,대전,유성구,월,경상,차대차,기타,기타,안전운전 의무 불이행,남,21-30세,승용차,상해없음,남,31-40세,승용차,경상,비사업용,승용차,승용차,비사업용,승용차,승용차,고속국도,단일로,기타단일로,흐림,포장,건조,0,0,1,0
20170509,00시,대전,유성구,화,중상,차대차,기타,기타,안전운전 의무 불이행,남,21-30세,승용차,상해없음,여,41-50세,승용차,중상,비사업용,승용차,승용차,비사업용,승용차,승용차,고속국도,단일로,기타단일로,흐림,포장,건조,0,1,0,0
20170509,05시,경기,오산시,화,경상,차대차,추돌,추돌,안전운전 의무 불이행,남,41-50세,승용차,부상신고,남,51-60세,승용차,경상,비사업용,승용차,승용차,비사업용,승용차,승용차,고속국도,단일로,기타단일로,맑음,포장,건조,0,0,1,1
20170509,12시,경기,안성시,화,중상,차대차,추돌,추돌,안전운전 의무 불이행,남,21-30세,승용차,상해없음,남,41-50세,승용차,상해없음,사업용,렌터카,렌터카,비사업용,승용차,승용차,고속국도,단일로,기타단일로,맑음,포장,건조,0,1,0,1
20170509,15시,인천,중구,화,경상,차대차,기타,기타,안전운전 의무 불이행,여,21-30세,승용차,상해없음,남,31-40세,화물차,경상,비사업용,승용차,승용차,사업용,화물차,화물차,고속국도,단일로,기타단일로,맑음,포장,건조,0,0,1,0
20170509,18시,강원,횡성군,화,중상,차량단독,기타,기타,안전운전 의무 불이행,남,61-64세,승합차,상해없음,없음,불명,없음,없음,비사업용,버스,버스,없음,없음,없음,고속국도,단일로,기타단일로,비,포장,젖음/습기,0,1,0,0
20170509,19시,경기,김포시,화,경상,차대차,측면충돌,측면충돌,안전운전 의무 불이행,여,65세이상,승용차,상해없음,여,51-60세,화물차,경상,비사업용,승용차,승용차,비사업용,화물차,화물차,고속국도,단일로,기타단일로,흐림,포장,젖음/습기,0,0,1,0
20170509,21시,충남,천안시,화,경상,차대차,측면충돌,측면충돌,안전운전 의무 불이행,남,31-40세,승용차,경상,남,41-50세,승용차,상해없음,비사업용,승용차,승용차,비사업용,승용차,승용차,고속국도,단일로,기타단일로,비,포장,젖음/습기,0,0,3,1
20170510,07시,경기,오산시,수,경상,차대차,측면충돌,측면충돌,안전운전 의무 불이행,남,51-60세,승합차,상해없음,남,21-30세,승용차,경상,비사업용,버스,버스,비사업용,승용차,승용차,고속국도,단일로,기타단일로,맑음,포장,건조,0,0,1,0
20170510,07시,경기,하남시,수,경상,차대차,측면충돌,측면충돌,안전운전 의무 불이행,여,61-64세,승용차,상해없음,남,31-40세,승용차,경상,비사업용,승용차,승용차,비사업용,승용차,승용차,고속국도,단일로,기타단일로,비,포장,젖음/습기,0,0,1,0
20170510,08시,강원,평창군,수,중상,차대사람,기타,기타,안전운전 의무 불이행,남,21-30세,승용차,상해없음,남,21-30세,보행자,중상,사업용,렌터카,렌터카,보행자,보행자,보행자,고속국도,단일로,기타단일로,맑음,포장,건조,0,2,0,0
20170510,10시,울산,울주군,수,경상,차대차,추돌,추돌,안전운전 의무 불이행,남,31-40세,화물차,상해없음,남,51-60세,승용차,경상,비사업용,화물차,화물차,비사업용,승용차,승용차,고속국도,단일로,기타단일로,맑음,포장,건조,0,0,1,0
20170510,15시,인천,남동구,수,경상,차대차,추돌,추돌,안전운전 의무 불이행,남,51-60세,승합차,상해없음,남,51-60세,화물차,경상,비사업용,버스,버스,비사업용,화물차,화물차,고속국도,단일로,기타단일로,맑음,포장,건조,0,0,1,0
20170510,17시,서울,서초구,수,중상,차대차,측면충돌,측면충돌,안전운전 의무 불이행,남,65세이상,승합차,상해없음,남,31-40세,승용차,경상,사업용,전세버스,전세버스,사업용,렌터카,렌터카,고속국도,단일로,기타단일로,맑음,포장,건조,0,1,2,0
20170510,20시,경기,시흥시,수,중상,차대차,추돌,추돌,안전거리 미확보,남,31-40세,승용차,중상,남,51-60세,승용차,상해없음,비사업용,승용차,승용차,비사업용,승용차,승용차,고속국도,단일로,교량위,맑음,포장,건조,0,2,0,0
20170510,22시,경기,여주시,수,중상,차대차,측면충돌,측면충돌,안전거리 미확보,남,51-60세,특수차,경상,남,31-40세,승용차,중상,비사업용,화물차,화물차,비사업용,승용차,승용차,고속국도,단일로,기타단일로,맑음,포장,건조,0,1,2,1
20170511,04시,충남,공주시,목,사망,차대차,기타,기타,안전운전 의무 불이행,남,21-30세,승용차,중상,남,41-50세,화물차,상해없음,사업용,렌터카,렌터카,사업용,화물차,화물차,고속국도,단일로,기타단일로,맑음,포장,건조,1,1,0,0
20170511,05시,경기,안산시,목,경상,차대차,기타,기타,기타,남,31-40세,화물차,상해없음,남,21-30세,승용차,경상,비사업용,화물차,화물차,비사업용,승용차,승용차,고속국도,단일로,기타단일로,맑음,포장,건조,0,0,2,0
20170511,08시,경기,시흥시,목,경상,차대차,측면충돌,측면충돌,안전운전 의무 불이행,남,51-60세,화물차,상해없음,남,41-50세,승용차,경상,사업용,화물차,화물차,비사업용,승용차,승용차,고속국도,단일로,기타단일로,맑음,포장,건조,0,0,1,0
20170511,08시,경기,오산시,목,부상신고,차대차,기타,기타,안전운전 의무 불이행,여,21-30세,승용차,상해없음,남,41-50세,특수차,부상신고,비사업용,승용차,승용차,사업용,화물차,화물차,고속국도,단일로,기타단일로,맑음,포장,건조,0,0,0,1
20170511,11시,충남,천안시,목,중상,차대차,추돌,추돌,안전운전 의무 불이행,남,21-30세,승용차,경상,남,31-40세,승용차,중상,사업용,렌터카,렌터카,비사업용,승용차,승용차,고속국도,단일로,터널안,맑음,포장,건조,0,1,2,0
20170511,13시,경북,김천시,목,경상,차대차,추돌,추돌,안전운전 의무 불이행,남,51-60세,화물차,상해없음,남,41-50세,승용차,경상,사업용,화물차,화물차,비사업용,승용차,승용차,고속국도,단일로,기타단일로,맑음,포장,건조,0,0,1,0
20170511,14시,충북,음성군,목,경상,차대차,기타,기타,기타,남,31-40세,특수차,상해없음,남,51-60세,승용차,경상,사업용,덤프트럭,덤프트럭,비사업용,승용차,승용차,고속국도,기타,기타,맑음,포장,건조,0,0,1,0
20170511,15시,강원,평창군,목,사망,차대차,추돌,추돌,안전운전 의무 불이행,남,41-50세,승합차,상해없음,남,61-64세,승합차,경상,사업용,노선버스,시외버스,비사업용,버스,버스,고속국도,단일로,기타단일로,맑음,포장,건조,5,1,8,0
20170511,15시,경기,용인시,목,경상,차대차,추돌,추돌,안전거리 미확보,남,65세이상,승합차,상해없음,남,65세이상,승합차,상해없음,사업용,전세버스,전세버스,사업용,전세버스,전세버스,고속국도,단일로,기타단일로,맑음,포장,건조,0,0,6,0
20170511,18시,경기,시흥시,목,경상,차대차,추돌,추돌,안전운전 의무 불이행,여,20세이하,승용차,상해없음,여,31-40세,승용차,경상,비사업용,승용차,승용차,비사업용,승용차,승용차,고속국도,단일로,터널안,맑음,포장,건조,0,0,2,0
20170511,19시,경기,안양시,목,경상,차대차,기타,기타,안전운전 의무 불이행,남,51-60세,화물차,상해없음,남,41-50세,승용차,경상,사업용,화물차,화물차,비사업용,승용차,승용차,고속국도,단일로,기타단일로,맑음,포장,건조,0,0,1,0
20170512,02시,인천,서구,금,부상신고,차대차,측면충돌,측면충돌,안전거리 미확보,기타불명,불명,불명,기타불명,남,21-30세,승용차,부상신고,불명,불명,불명,비사업용,승용차,승용차,고속국도,단일로,기타단일로,맑음,포장,건조,0,0,0,2
20170512,08시,경기,안산시,금,경상,차대차,측면충돌,측면충돌,안전거리 미확보,여,41-50세,승용차,상해없음,남,31-40세,승용차,경상,비사업용,승용차,승용차,사업용,렌터카,렌터카,고속국도,기타,기타,맑음,포장,건조,0,0,2,0
20170512,10시,경기,용인시,금,경상,차대차,측면충돌,측면충돌,안전운전 의무 불이행,남,21-30세,승용차,상해없음,남,31-40세,화물차,경상,비사업용,승용차,승용차,사업용,화물차,화물차,고속국도,단일로,기타단일로,맑음,포장,건조,0,0,2,0
20170512,10시,서울,강동구,금,경상,차대차,측면충돌,측면충돌,안전운전 의무 불이행,남,65세이상,승용차,상해없음,남,41-50세,화물차,경상,비사업용,승용차,승용차,사업용,화물차,화물차,고속국도,단일로,기타단일로,맑음,포장,건조,0,0,1,0
20170512,16시,경기,성남시,금,중상,차대차,추돌,추돌,안전운전 의무 불이행,남,31-40세,승합차,상해없음,남,41-50세,승용차,경상,비사업용,버스,버스,사업용,렌터카,렌터카,고속국도,단일로,기타단일로,맑음,포장,건조,0,4,2,0
20170512,17시,경기,성남시,금,경상,차대차,측면충돌,측면충돌,안전거리 미확보,남,21-30세,승용차,상해없음,남,65세이상,승합차,경상,비사업용,승용차,승용차,사업용,전세버스,전세버스,고속국도,단일로,기타단일로,맑음,포장,건조,0,0,1,0
20170512,19시,인천,서구,금,중상,차대차,추돌,추돌,안전거리 미확보,남,41-50세,화물차,상해없음,남,51-60세,승용차,중상,비사업용,화물차,화물차,사업용,렌터카,렌터카,고속국도,단일로,교량위,맑음,포장,건조,0,1,0,0
20170512,20시,경기,군포시,금,경상,차대차,추돌,추돌,안전운전 의무 불이행,남,31-40세,승용차,상해없음,여,51-60세,승용차,경상,비사업용,승용차,승용차,비사업용,승용차,승용차,고속국도,단일로,기타단일로,맑음,포장,건조,0,0,5,0
20170513,00시,경기,용인시,토,경상,차대차,기타,기타,안전운전 의무 불이행,기타불명,불명,불명,기타불명,남,51-60세,승용차,경상,불명,불명,불명,비사업용,승용차,승용차,고속국도,단일로,기타단일로,맑음,포장,건조,0,0,1,0
20170513,00시,경기,하남시,토,중상,차대차,추돌,추돌,안전운전 의무 불이행,남,51-60세,승용차,중상,남,51-60세,화물차,경상,비사업용,승용차,승용차,사업용,화물차,화물차,고속국도,단일로,기타단일로,맑음,포장,건조,0,1,1,0
20170513,03시,충북,충주시,토,경상,차대차,추돌,추돌,안전거리 미확보,남,41-50세,특수차,경상,남,41-50세,화물차,경상,사업용,화물차,화물차,사업용,화물차,화물차,고속국도,단일로,기타단일로,맑음,포장,건조,0,0,2,0
20170513,08시,경기,화성시,토,중상,차대차,추돌,추돌,안전운전 의무 불이행,남,65세이상,승용차,상해없음,여,31-40세,승용차,중상,비사업용,승용차,승용차,비사업용,승용차,승용차,고속국도,기타,기타,맑음,포장,건조,0,1,0,0
20170513,09시,경기,양평군,토,경상,차대차,기타,기타,안전운전 의무 불이행,남,65세이상,승용차,상해없음,여,41-50세,승용차,경상,비사업용,승용차,승용차,비사업용,승용차,승용차,고속국도,단일로,기타단일로,맑음,포장,건조,0,0,3,0
20170513,13시,충남,천안시,토,경상,차대차,추돌,추돌,안전운전 의무 불이행,여,21-30세,승용차,상해없음,남,21-30세,승용차,경상,비사업용,승용차,승용차,비사업용,승용차,승용차,고속국도,단일로,기타단일로,맑음,포장,건조,0,0,1,0
20170513,15시,경기,안산시,토,경상,차대차,추돌,추돌,안전운전 의무 불이행,남,51-60세,화물차,상해없음,여,51-60세,승용차,경상,사업용,화물차,화물차,비사업용,승용차,승용차,고속국도,단일로,기타단일로,비,포장,젖음/습기,0,0,2,0
20170513,15시,경기,하남시,토,중상,차대차,추돌,추돌,안전운전 의무 불이행,여,31-40세,승용차,상해없음,여,31-40세,승용차,중상,비사업용,승용차,승용차,비사업용,승용차,승용차,고속국도,단일로,기타단일로,흐림,포장,젖음/습기,0,1,0,0
20170513,20시,경기,시흥시,토,중상,차대차,추돌,추돌,기타,남,21-30세,특수차,상해없음,여,21-30세,승용차,중상,사업용,화물차,화물차,비사업용,승용차,승용차,고속국도,단일로,기타단일로,맑음,포장,건조,0,1,1,0
20170514,00시,경기,이천시,일,사망,차대차,추돌,추돌,안전운전 의무 불이행,남,51-60세,승용차,상해없음,남,61-64세,승용차,사망,비사업용,승용차,승용차,비사업용,승용차,승용차,고속국도,단일로,기타단일로,맑음,포장,건조,1,0,0,2
20170514,09시,부산,강서구,일,경상,차대차,측면충돌,측면충돌,안전운전 의무 불이행,남,51-60세,건설기계,상해없음,남,41-50세,승용차,경상,사업용,기타/건설기계,기타/건설기계,비사업용,승용차,승용차,고속국도,단일로,기타단일로,맑음,포장,건조,0,0,1,0
20170514,12시,충남,금산군,일,중상,차대차,기타,기타,안전운전 의무 불이행,여,61-64세,승용차,상해없음,남,51-60세,승용차,상해없음,비사업용,승용차,승용차,비사업용,승용차,승용차,고속국도,단일로,기타단일로,맑음,포장,건조,0,1,0,0
20170514,17시,경기,평택시,일,중상,차대차,기타,기타,기타,남,41-50세,승용차,상해없음,여,21-30세,승용차,경상,비사업용,승용차,승용차,비사업용,승용차,승용차,고속국도,단일로,기타단일로,맑음,포장,건조,0,1,2,0
20170514,19시,경기,성남시,일,중상,차량단독,공작물충돌,공작물충돌,안전운전 의무 불이행,남,51-60세,승합차,경상,없음,불명,없음,없음,사업용,전세버스,전세버스,없음,없음,없음,고속국도,단일로,기타단일로,맑음,포장,건조,0,4,7,7
20170514,20시,경기,성남시,일,중상,차대차,기타,기타,안전운전 의무 불이행,남,51-60세,승합차,상해없음,남,41-50세,승합차,상해없음,비사업용,버스,버스,사업용,전세버스,전세버스,고속국도,기타,기타,맑음,포장,건조,0,2,12,8
20170514,22시,경기,성남시,일,경상,차대차,기타,기타,안전운전 의무 불이행,여,51-60세,승용차,상해없음,남,41-50세,승용차,경상,사업용,렌터카,렌터카,비사업용,승용차,승용차,고속국도,단일로,기타단일로,맑음,포장,건조,0,0,2,0
20170514,23시,충북,충주시,일,경상,차대차,측면충돌,측면충돌,안전거리 미확보,남,21-30세,승용차,상해없음,남,51-60세,승합차,상해없음,비사업용,승용차,승용차,사업용,전세버스,전세버스,고속국도,단일로,기타단일로,맑음,포장,건조,0,0,1,0
20170515,04시,전북,정읍시,월,경상,차대차,추돌,추돌,안전운전 의무 불이행,여,51-60세,승합차,상해없음,여,41-50세,화물차,경상,비사업용,버스,버스,비사업용,화물차,화물차,고속국도,단일로,기타단일로,맑음,포장,건조,0,0,2,0
20170515,10시,경기,성남시,월,경상,차대차,측면충돌,측면충돌,안전거리 미확보,여,41-50세,승용차,상해없음,여,51-60세,승용차,경상,비사업용,승용차,승용차,비사업용,승용차,승용차,고속국도,단일로,기타단일로,맑음,포장,건조,0,0,1,0
20170515,10시,경기,하남시,월,경상,차대차,측면충돌,측면충돌,안전거리 미확보,남,41-50세,승용차,상해없음,남,31-40세,승용차,경상,비사업용,승용차,승용차,비사업용,승용차,승용차,고속국도,단일로,기타단일로,맑음,포장,건조,0,0,1,0
20170515,10시,경기,화성시,월,경상,차대차,측면충돌,측면충돌,안전거리 미확보,여,21-30세,승용차,경상,남,51-60세,승합차,경상,비사업용,승용차,승용차,사업용,전세버스,전세버스,고속국도,단일로,기타단일로,맑음,포장,건조,0,0,4,3
20170515,10시,경기,화성시,월,중상,차대차,추돌,추돌,안전운전 의무 불이행,남,41-50세,화물차,상해없음,남,51-60세,승용차,중상,사업용,화물차,화물차,비사업용,승용차,승용차,고속국도,단일로,기타단일로,맑음,포장,건조,0,2,0,0
20170515,11시,강원,횡성군,월,중상,차대차,측면충돌,측면충돌,안전거리 미확보,여,51-60세,승용차,경상,남,65세이상,승용차,중상,비사업용,승용차,승용차,비사업용,승용차,승용차,고속국도,단일로,기타단일로,맑음,포장,건조,0,1,1,0
20170515,15시,경기,여주시,월,경상,차대차,측면충돌,측면충돌,안전운전 의무 불이행,남,31-40세,승합차,상해없음,남,21-30세,승용차,경상,비사업용,버스,버스,비사업용,승용차,승용차,고속국도,단일로,터널안,맑음,포장,건조,0,0,2,0
20170515,17시,경기,시흥시,월,경상,차대차,추돌,추돌,안전거리 미확보,남,65세이상,화물차,상해없음,남,31-40세,화물차,경상,사업용,화물차,화물차,사업용,화물차,화물차,고속국도,단일로,기타단일로,맑음,포장,건조,0,0,1,0
20170515,21시,충북,충주시,월,경상,차대차,기타,기타,안전운전 의무 불이행,남,41-50세,화물차,상해없음,남,61-64세,화물차,경상,사업용,화물차,화물차,사업용,화물차,화물차,고속국도,단일로,기타단일로,맑음,포장,건조,0,0,7,0
20170515,21시,충북,충주시,월,사망,차대차,측면충돌,측면충돌,안전거리 미확보,남,41-50세,화물차,사망,남,21-30세,승용차,중상,사업용,화물차,화물차,비사업용,승용차,승용차,고속국도,단일로,기타단일로,맑음,포장,건조,1,1,0,0
20170515,23시,강원,원주시,월,중상,차대차,추돌,추돌,안전거리 미확보,남,31-40세,승용차,중상,남,41-50세,화물차,경상,비사업용,승용차,승용차,사업용,화물차,화물차,고속국도,단일로,기타단일로,맑음,포장,건조,0,1,1,0
20170515,23시,충북,충주시,월,사망,차대차,추돌,추돌,안전운전 의무 불이행,남,41-50세,화물차,사망,남,41-50세,화물차,중상,사업용,화물차,화물차,사업용,화물차,화물차,고속국도,단일로,기타단일로,맑음,포장,건조,1,2,1,0
20170516,10시,경기,안양시,화,경상,차대차,기타,기타,안전거리 미확보,기타불명,불명,불명,기타불명,남,41-50세,승용차,경상,불명,불명,불명,사업용,렌터카,렌터카,고속국도,단일로,기타단일로,맑음,포장,건조,0,0,1,0
20170516,13시,강원,원주시,화,중상,차대차,측면충돌,측면충돌,중앙선 침범,남,21-30세,승용차,경상,남,51-60세,승용차,경상,비사업용,승용차,승용차,사업용,택시,법인택시,고속국도,교차로,교차로내,맑음,포장,건조,0,1,2,0
20170516,17시,경기,용인시,화,경상,차대차,측면충돌,측면충돌,안전운전 의무 불이행,남,51-60세,승합차,상해없음,남,31-40세,승용차,경상,비사업용,버스,버스,비사업용,승용차,승용차,고속국도,단일로,기타단일로,맑음,포장,건조,0,0,1,0
20170516,17시,전남,곡성군,화,중상,차대차,기타,기타,안전운전 의무 불이행,남,21-30세,승용차,상해없음,남,51-60세,승용차,중상,비사업용,승용차,승용차,비사업용,승용차,승용차,고속국도,단일로,기타단일로,맑음,포장,건조,0,2,0,0
20170516,18시,경기,시흥시,화,경상,차대차,추돌,추돌,안전거리 미확보,남,31-40세,승합차,상해없음,남,41-50세,화물차,경상,사업용,노선버스,시외버스,비사업용,화물차,화물차,고속국도,단일로,기타단일로,맑음,포장,건조,0,0,3,1
20170516,18시,경기,시흥시,화,경상,차대차,추돌,추돌,안전거리 미확보,남,51-60세,승합차,상해없음,남,65세이상,승용차,경상,사업용,노선버스,고속버스,비사업용,승용차,승용차,고속국도,단일로,기타단일로,맑음,포장,건조,0,0,1,0
20170517,07시,경남,양산시,수,중상,차대차,측면충돌,측면충돌,안전거리 미확보,남,65세이상,승용차,중상,여,51-60세,승용차,중상,비사업용,승용차,승용차,비사업용,승용차,승용차,고속국도,단일로,기타단일로,맑음,포장,건조,0,3,0,0
20170517,08시,인천,남동구,수,중상,차대차,기타,기타,기타,여,41-50세,승용차,상해없음,남,51-60세,승합차,중상,비사업용,승용차,승용차,사업용,노선버스,시외버스,고속국도,단일로,기타단일로,맑음,포장,건조,0,3,6,0
20170517,10시,경기,이천시,수,경상,차대차,기타,기타,안전운전 의무 불이행,남,51-60세,승용차,상해없음,남,41-50세,승용차,경상,비사업용,승용차,승용차,사업용,렌터카,렌터카,고속국도,단일로,기타단일로,맑음,포장,건조,0,0,1,0
20170517,10시,서울,서초구,수,중상,차대차,추돌,추돌,안전운전 의무 불이행,남,41-50세,승용차,경상,남,61-64세,화물차,중상,비사업용,승용차,승용차,사업용,화물차,화물차,고속국도,단일로,기타단일로,맑음,포장,건조,0,1,2,0
20170517,12시,경북,군위군,수,경상,차대차,측면충돌,측면충돌,안전운전 의무 불이행,남,65세이상,승용차,상해없음,남,31-40세,건설기계,경상,비사업용,승용차,승용차,사업용,기타/건설기계,기타/건설기계,고속국도,기타,기타,맑음,포장,건조,0,0,1,0
20170517,14시,경기,구리시,수,경상,차대차,후진중충돌,후진중충돌,안전운전 의무 불이행,남,51-60세,승용차,상해없음,남,41-50세,승용차,경상,비사업용,승용차,승용차,비사업용,승용차,승용차,고속국도,단일로,기타단일로,맑음,포장,건조,0,0,1,0
20170517,15시,경기,여주시,수,경상,차대차,추돌,추돌,안전운전 의무 불이행,남,61-64세,승용차,상해없음,남,31-40세,승용차,경상,비사업용,승용차,승용차,비사업용,승용차,승용차,고속국도,단일로,기타단일로,맑음,포장,건조,0,0,1,0
20170517,16시,경북,경주시,수,사망,차량단독,전도,전도,안전운전 의무 불이행,남,20세이하,승용차,경상,없음,불명,없음,없음,비사업용,승용차,승용차,없음,없음,없음,고속국도,단일로,기타단일로,맑음,포장,건조,1,0,1,0
20170517,17시,서울,송파구,수,경상,차대차,기타,기타,안전운전 의무 불이행,남,21-30세,승용차,상해없음,남,31-40세,승용차,경상,비사업용,승용차,승용차,비사업용,승용차,승용차,고속국도,단일로,기타단일로,맑음,포장,건조,0,0,1,0
20170517,18시,경기,의왕시,수,경상,차대차,기타,기타,안전운전 의무 불이행,남,20세이하,승용차,경상,남,21-30세,승용차,경상,비사업용,승용차,승용차,비사업용,승용차,승용차,고속국도,단일로,기타단일로,맑음,포장,건조,0,0,5,0