발생일,발생시간,발생지_시도,발생지_시군구,요일,사고내용,사고유형_대분류,사고유형_중분류,사고유형,가해자법규위반,가해자성별,가해자연령,가해당사자종별,가해자신체상해정도,피해자성별,피해자연령,피해당사자종별,피해자신체상해정도,가해차량용도_대분류,가해차량용도_중분류,가해차량용도,피해차량용도_대분류,피해차량용도_중분류,피해차량용도,도로종류,도로형태_대분류,도로형태,기상상태,노면상태_대분류,노면상태,사망자수,중상자수,경상자수,부상신고자수
20170517,18시,경기,하남시,수,부상신고,차대차,기타,기타,안전운전 의무 불이행,남,51-60세,승용차,상해없음,여,51-60세,승용차,부상신고,비사업용,승용차,승용차,비사업용,승용차,승용차,고속국도,단일로,기타단일로,맑음,포장,건조,0,0,0,1
20170517,19시,경기,남양주시,수,경상,차대차,측면충돌,측면충돌,안전거리 미확보,남,65세이상,승용차,상해없음,남,31-40세,승용차,경상,비사업용,승용차,승용차,비사업용,승용차,승용차,고속국도,단일로,기타단일로,맑음,포장,건조,0,0,2,0
20170518,00시,경북,성주군,목,경상,차대차,측면충돌,측면충돌,중앙선 침범,여,61-64세,승용차,상해없음,남,41-50세,승합차,경상,비사업용,승용차,승용차,비사업용,버스,버스,고속국도,단일로,기타단일로,맑음,포장,건조,0,0,2,0
20170518,06시,경기,의왕시,목,중상,차대차,추돌,추돌,안전운전 의무 불이행,여,41-50세,승용차,상해없음,남,41-50세,승용차,중상,비사업용,승용차,승용차,비사업용,승용차,승용차,고속국도,단일로,기타단일로,맑음,포장,건조,0,2,2,0
20170518,11시,경기,의왕시,목,경상,차대차,추돌,추돌,안전운전 의무 불이행,남,65세이상,승용차,상해없음,남,41-50세,승용차,경상,비사업용,승용차,승용차,비사업용,승용차,승용차,고속국도,단일로,기타단일로,맑음,포장,건조,0,0,1,0
20170518,11시,서울,강동구,목,경상,차대차,기타,기타,안전거리 미확보,남,41-50세,건설기계,상해없음,남,61-64세,승용차,경상,사업용,기타/건설기계,기타/건설기계,사업용,렌터카,렌터카,고속국도,단일로,기타단일로,맑음,포장,건조,0,0,2,0
20170518,15시,전남,보성군,목,사망,차대차,추돌,추돌,안전운전 의무 불이행,남,65세이상,화물차,사망,남,21-30세,건설기계,경상,사업용,화물차,화물차,사업용,기타/건설기계,기타/건설기계,고속국도,단일로,터널안,맑음,포장,건조,1,0,1,0
20170518,16시,경기,화성시,목,중상,차대차,추돌,추돌,안전운전 의무 불이행,남,41-50세,승용차,상해없음,남,31-40세,화물차,경상,비사업용,승용차,승용차,비사업용,화물차,화물차,고속국도,단일로,기타단일로,맑음,포장,건조,0,1,1,0
20170518,18시,경기,오산시,목,중상,차대차,추돌,추돌,안전거리 미확보,남,65세이상,화물차,상해없음,남,31-40세,승용차,중상,비사업용,화물차,화물차,사업용,렌터카,렌터카,고속국도,단일로,기타단일로,맑음,포장,건조,0,6,0,0
20170518,20시,강원,횡성군,목,경상,차대차,기타,기타,안전거리 미확보,여,51-60세,승용차,경상,남,65세이상,승용차,상해없음,비사업용,승용차,승용차,비사업용,승용차,승용차,고속국도,단일로,기타단일로,맑음,포장,건조,0,0,1,0
20170518,22시,충남,천안시,목,경상,차대차,측면충돌,측면충돌,안전운전 의무 불이행,남,41-50세,승용차,상해없음,남,31-40세,승용차,경상,비사업용,승용차,승용차,비사업용,승용차,승용차,고속국도,단일로,기타단일로,맑음,포장,건조,0,0,2,0
20170519,03시,경기,여주시,금,중상,차대차,기타,기타,안전거리 미확보,남,51-60세,특수차,상해없음,남,21-30세,화물차,중상,사업용,화물차,화물차,비사업용,화물차,화물차,고속국도,단일로,기타단일로,맑음,포장,건조,0,2,0,0
20170519,11시,경기,성남시,금,중상,차대차,측면충돌,측면충돌,안전운전 의무 불이행,남,51-60세,승용차,상해없음,남,31-40세,승용차,중상,비사업용,승용차,승용차,비사업용,승용차,승용차,고속국도,단일로,기타단일로,맑음,포장,건조,0,1,0,0
20170519,11시,경기,하남시,금,경상,차대차,추돌,추돌,안전운전 의무 불이행,남,41-50세,화물차,상해없음,남,51-60세,화물차,경상,사업용,화물차,화물차,사업용,화물차,화물차,고속국도,단일로,기타단일로,맑음,포장,건조,0,0,4,0
20170519,12시,인천,부평구,금,경상,차대차,추돌,추돌,안전운전 의무 불이행,남,21-30세,승용차,상해없음,여,21-30세,승용차,경상,사업용,렌터카,렌터카,비사업용,승용차,승용차,고속국도,단일로,기타단일로,맑음,포장,건조,0,0,1,0
20170519,13시,강원,평창군,금,경상,차대차,추돌,추돌,안전운전 의무 불이행,남,65세이상,승용차,상해없음,여,21-30세,승용차,경상,비사업용,승용차,승용차,비사업용,승용차,승용차,고속국도,단일로,기타단일로,맑음,포장,건조,0,0,3,0
20170519,13시,경남,양산시,금,경상,차대차,정면충돌,정면충돌,안전거리 미확보,남,41-50세,화물차,상해없음,남,51-60세,화물차,경상,사업용,화물차,화물차,비사업용,화물차,화물차,고속국도,단일로,기타단일로,맑음,포장,건조,0,0,1,0
20170519,13시,충남,천안시,금,중상,차대차,추돌,추돌,안전운전 의무 불이행,남,65세이상,화물차,상해없음,남,41-50세,화물차,중상,사업용,화물차,화물차,비사업용,화물차,화물차,고속국도,단일로,터널안,맑음,포장,건조,0,1,0,0
20170519,16시,경기,성남시,금,부상신고,차대차,측면충돌,측면충돌,안전거리 미확보,남,31-40세,승용차,부상신고,남,21-30세,승용차,부상신고,비사업용,승용차,승용차,비사업용,승용차,승용차,고속국도,단일로,기타단일로,맑음,포장,건조,0,0,0,2
20170519,18시,경기,용인시,금,경상,차대차,측면충돌,측면충돌,안전거리 미확보,남,21-30세,승용차,상해없음,여,41-50세,승용차,경상,비사업용,승용차,승용차,비사업용,승용차,승용차,고속국도,단일로,기타단일로,맑음,포장,건조,0,0,1,0
20170519,19시,인천,미추홀구,금,경상,차대차,추돌,추돌,안전운전 의무 불이행,남,51-60세,화물차,상해없음,남,61-64세,승용차,상해없음,비사업용,화물차,화물차,비사업용,승용차,승용차,고속국도,단일로,기타단일로,맑음,포장,건조,0,0,1,0
20170519,21시,인천,연수구,금,경상,차대차,추돌,추돌,안전거리 미확보,남,31-40세,승용차,상해없음,남,41-50세,승용차,부상신고,비사업용,승용차,승용차,비사업용,승용차,승용차,고속국도,단일로,교량위,맑음,포장,건조,0,0,1,1
20170519,22시,인천,미추홀구,금,경상,차대차,추돌,추돌,안전운전 의무 불이행,남,21-30세,승용차,상해없음,남,41-50세,승합차,경상,비사업용,승용차,승용차,비사업용,버스,버스,고속국도,단일로,기타단일로,맑음,포장,건조,0,0,2,0
20170520,03시,경기,용인시,토,중상,차대차,추돌,추돌,안전운전 의무 불이행,남,41-50세,승용차,상해없음,남,41-50세,화물차,중상,비사업용,승용차,승용차,사업용,화물차,화물차,고속국도,단일로,기타단일로,흐림,포장,젖음/습기,0,1,0,0
20170520,03시,울산,울주군,토,경상,차대차,기타,기타,안전운전 의무 불이행,여,21-30세,승용차,상해없음,남,41-50세,화물차,경상,비사업용,승용차,승용차,사업용,화물차,화물차,고속국도,단일로,기타단일로,맑음,포장,건조,0,0,1,0
20170520,04시,인천,남동구,토,중상,차대차,기타,기타,안전운전 의무 불이행,남,31-40세,승용차,상해없음,남,41-50세,승용차,중상,비사업용,승용차,승용차,비사업용,승용차,승용차,고속국도,단일로,기타단일로,맑음,포장,건조,0,1,0,0
20170520,11시,경북,김천시,토,중상,차대차,측면충돌,측면충돌,안전운전 의무 불이행,남,61-64세,승용차,중상,남,31-40세,특수차,상해없음,비사업용,승용차,승용차,사업용,화물차,화물차,고속국도,단일로,기타단일로,맑음,포장,건조,0,2,0,0
20170520,15시,충북,청주시,토,경상,차대차,추돌,추돌,안전운전 의무 불이행,남,21-30세,승용차,상해없음,남,51-60세,화물차,경상,사업용,렌터카,렌터카,비사업용,화물차,화물차,고속국도,단일로,기타단일로,맑음,포장,건조,0,0,3,0
20170520,16시,경기,남양주시,토,중상,차대차,측면충돌,측면충돌,안전운전 의무 불이행,여,61-64세,승용차,경상,남,65세이상,화물차,중상,비사업용,승용차,승용차,비사업용,화물차,화물차,고속국도,단일로,기타단일로,맑음,포장,건조,0,1,1,0
20170520,16시,경기,오산시,토,중상,차대차,측면충돌,측면충돌,안전운전 의무 불이행,여,41-50세,승용차,상해없음,여,20세이하,자전거,중상,비사업용,승용차,승용차,자전거,자전거,자전거,고속국도,단일로,기타단일로,맑음,포장,건조,0,1,0,0
20170520,17시,충남,천안시,토,경상,차대차,추돌,추돌,안전운전 의무 불이행,남,31-40세,승용차,상해없음,남,51-60세,화물차,경상,비사업용,승용차,승용차,비사업용,화물차,화물차,고속국도,단일로,기타단일로,맑음,포장,건조,0,0,2,0
20170520,18시,경기,수원시,토,경상,차대차,추돌,추돌,안전운전 의무 불이행,남,51-60세,승합차,상해없음,남,31-40세,승용차,경상,비사업용,버스,버스,비사업용,승용차,승용차,고속국도,단일로,기타단일로,맑음,포장,건조,0,0,4,0
20170520,23시,경남,밀양시,토,경상,차대차,기타,기타,기타,남,41-50세,특수차,상해없음,남,61-64세,승용차,상해없음,비사업용,화물차,화물차,사업용,택시,법인택시,고속국도,단일로,기타단일로,맑음,포장,건조,0,0,4,0
20170521,00시,경기,시흥시,일,경상,차대차,추돌,추돌,안전운전 의무 불이행,남,31-40세,승용차,상해없음,남,21-30세,승용차,경상,비사업용,승용차,승용차,비사업용,승용차,승용차,고속국도,단일로,기타단일로,맑음,포장,건조,0,0,2,0
20170521,03시,충남,홍성군,일,중상,차대차,기타,기타,안전운전 의무 불이행,남,31-40세,화물차,상해없음,남,41-50세,화물차,중상,사업용,화물차,화물차,비사업용,화물차,화물차,고속국도,단일로,기타단일로,맑음,포장,건조,0,1,0,0
20170521,07시,경기,하남시,일,중상,차대차,측면충돌,측면충돌,안전거리 미확보,남,31-40세,승용차,상해없음,남,21-30세,승용차,중상,비사업용,승용차,승용차,비사업용,승용차,승용차,고속국도,단일로,기타단일로,맑음,포장,건조,0,2,0,0
20170521,07시,경북,경주시,일,중상,차대차,측면충돌,측면충돌,안전운전 의무 불이행,남,21-30세,승용차,상해없음,남,51-60세,화물차,중상,사업용,렌터카,렌터카,사업용,화물차,화물차,고속국도,단일로,기타단일로,맑음,포장,건조,0,2,0,0
20170521,11시,경북,경주시,일,중상,차대차,추돌,추돌,안전운전 의무 불이행,남,51-60세,특수차,상해없음,남,41-50세,승용차,중상,사업용,위험물운송,위험물운송,비사업용,승용차,승용차,고속국도,단일로,기타단일로,맑음,포장,건조,0,3,3,0
20170521,12시,경기,수원시,일,중상,차량단독,전복,전복,안전운전 의무 불이행,남,65세이상,승용차,부상신고,없음,불명,없음,없음,비사업용,승용차,승용차,없음,없음,없음,고속국도,단일로,기타단일로,맑음,포장,건조,0,1,0,3
20170521,13시,충북,충주시,일,중상,차대차,추돌,추돌,안전운전 의무 불이행,남,41-50세,승용차,상해없음,여,31-40세,승용차,중상,비사업용,승용차,승용차,비사업용,승용차,승용차,고속국도,단일로,기타단일로,맑음,포장,건조,0,1,1,0
20170521,14시,경기,용인시,일,중상,차대차,추돌,추돌,안전운전 의무 불이행,남,51-60세,승합차,중상,남,51-60세,승합차,경상,사업용,전세버스,전세버스,사업용,노선버스,고속버스,고속국도,단일로,기타단일로,맑음,포장,건조,0,2,6,2
20170521,15시,경북,구미시,일,부상신고,차대차,기타,기타,안전운전 의무 불이행,기타불명,불명,불명,기타불명,여,41-50세,승용차,부상신고,불명,불명,불명,비사업용,승용차,승용차,고속국도,기타,기타,맑음,포장,건조,0,0,0,2
20170521,15시,충북,진천군,일,중상,차대차,추돌,추돌,안전운전 의무 불이행,남,31-40세,승용차,상해없음,남,31-40세,승용차,경상,비사업용,승용차,승용차,비사업용,승용차,승용차,고속국도,단일로,터널안,맑음,포장,건조,0,1,5,0
20170521,18시,경기,이천시,일,중상,차대차,후진중충돌,후진중충돌,안전운전 의무 불이행,남,41-50세,승용차,상해없음,여,21-30세,승용차,중상,비사업용,승용차,승용차,비사업용,승용차,승용차,고속국도,기타,기타,맑음,포장,건조,0,1,1,0
20170522,06시,인천,계양구,월,중상,차대차,기타,기타,기타,남,51-60세,승용차,상해없음,남,61-64세,화물차,중상,비사업용,승용차,승용차,비사업용,화물차,화물차,고속국도,단일로,기타단일로,맑음,포장,건조,0,1,0,0
20170522,10시,경기,광주시,월,경상,차대차,추돌,추돌,안전운전 의무 불이행,남,41-50세,승용차,상해없음,남,31-40세,승용차,경상,비사업용,승용차,승용차,사업용,렌터카,렌터카,고속국도,단일로,기타단일로,맑음,포장,건조,0,0,2,0
20170522,11시,경기,평택시,월,중상,차대차,추돌,추돌,안전거리 미확보,남,21-30세,승용차,경상,남,31-40세,승용차,경상,비사업용,승용차,승용차,비사업용,승용차,승용차,고속국도,단일로,기타단일로,맑음,포장,건조,0,1,4,0
20170522,12시,경기,화성시,월,경상,차대차,추돌,추돌,안전거리 미확보,남,21-30세,승용차,상해없음,남,31-40세,승용차,경상,비사업용,승용차,승용차,비사업용,승용차,승용차,고속국도,단일로,기타단일로,맑음,포장,건조,0,0,1,0
20170522,15시,경기,안양시,월,경상,차대차,측면충돌,측면충돌,안전거리 미확보,남,41-50세,화물차,상해없음,남,41-50세,승용차,경상,사업용,화물차,화물차,비사업용,승용차,승용차,고속국도,단일로,기타단일로,맑음,포장,건조,0,0,1,0
20170522,17시,대구,서구,월,경상,차대차,기타,기타,안전거리 미확보,남,31-40세,건설기계,상해없음,여,41-50세,승용차,경상,사업용,기타/건설기계,기타/건설기계,비사업용,승용차,승용차,고속국도,단일로,기타단일로,맑음,포장,건조,0,0,1,0
20170522,19시,경기,수원시,월,부상신고,차대차,기타,기타,안전운전 의무 불이행,기타불명,불명,불명,기타불명,남,20세이하,승용차,부상신고,불명,불명,불명,비사업용,승용차,승용차,고속국도,단일로,기타단일로,맑음,포장,건조,0,0,0,1
20170523,00시,경기,용인시,화,중상,차량단독,공작물충돌,공작물충돌,안전운전 의무 불이행,남,51-60세,승합차,상해없음,없음,불명,없음,없음,사업용,노선버스,시외버스,없음,없음,없음,고속국도,단일로,기타단일로,맑음,포장,건조,0,1,2,0
20170523,06시,대구,달서구,화,중상,차대차,기타,기타,안전거리 미확보,남,41-50세,승용차,상해없음,남,21-30세,승용차,중상,비사업용,승용차,승용차,비사업용,승용차,승용차,고속국도,단일로,기타단일로,맑음,포장,건조,0,1,0,0
20170523,07시,경기,용인시,화,중상,차대차,기타,기타,안전운전 의무 불이행,남,51-60세,특수차,상해없음,남,21-30세,승용차,중상,사업용,화물차,화물차,비사업용,승용차,승용차,고속국도,단일로,기타단일로,맑음,포장,건조,0,1,0,2
20170523,09시,인천,부평구,화,경상,차대차,추돌,추돌,안전거리 미확보,남,20세이하,승용차,상해없음,남,31-40세,승용차,경상,비사업용,승용차,승용차,비사업용,승용차,승용차,고속국도,단일로,기타단일로,맑음,포장,건조,0,0,1,0
20170523,12시,강원,횡성군,화,경상,차대차,정면충돌,정면충돌,안전거리 미확보,남,20세이하,승용차,상해없음,여,61-64세,승용차,경상,비사업용,승용차,승용차,비사업용,승용차,승용차,고속국도,단일로,기타단일로,맑음,포장,건조,0,0,2,0
20170523,13시,충북,청주시,화,중상,차대차,측면충돌,측면충돌,안전운전 의무 불이행,남,51-60세,화물차,상해없음,여,41-50세,승용차,중상,비사업용,화물차,화물차,비사업용,승용차,승용차,고속국도,단일로,기타단일로,맑음,포장,건조,0,1,0,0
20170523,14시,경기,성남시,화,경상,차량단독,기타,기타,안전운전 의무 불이행,남,51-60세,승합차,상해없음,없음,불명,없음,없음,사업용,노선버스,고속버스,없음,없음,없음,고속국도,단일로,기타단일로,맑음,포장,건조,0,0,4,0
20170523,14시,충남,천안시,화,중상,차대차,기타,기타,안전운전 의무 불이행,남,41-50세,승용차,상해없음,남,51-60세,화물차,경상,비사업용,승용차,승용차,사업용,화물차,화물차,고속국도,단일로,기타단일로,맑음,포장,건조,0,1,1,0
20170523,15시,충북,괴산군,화,경상,차대차,기타,기타,안전거리 미확보,남,61-64세,승용차,경상,남,41-50세,화물차,상해없음,비사업용,승용차,승용차,사업용,화물차,화물차,고속국도,기타,기타,맑음,포장,건조,0,0,1,0
20170523,16시,경북,고령군,화,중상,차량단독,공작물충돌,공작물충돌,안전운전 의무 불이행,여,41-50세,승용차,중상,없음,불명,없음,없음,비사업용,승용차,승용차,없음,없음,없음,고속국도,단일로,기타단일로,맑음,포장,건조,0,1,0,0
20170523,16시,충북,충주시,화,중상,차대차,정면충돌,정면충돌,안전거리 미확보,남,51-60세,화물차,상해없음,남,31-40세,승합차,중상,사업용,화물차,화물차,비사업용,버스,버스,고속국도,기타,기타,맑음,포장,건조,0,3,4,1
20170523,17시,경기,안성시,화,중상,차대차,추돌,추돌,과속,남,31-40세,승용차,상해없음,여,41-50세,승용차,경상,비사업용,승용차,승용차,비사업용,승용차,승용차,고속국도,단일로,기타단일로,맑음,포장,건조,0,1,2,0
20170523,18시,경기,성남시,화,경상,차대차,측면충돌,측면충돌,안전운전 의무 불이행,남,51-60세,승합차,상해없음,남,41-50세,승용차,경상,비사업용,버스,버스,비사업용,승용차,승용차,고속국도,단일로,기타단일로,비,포장,젖음/습기,0,0,1,0
20170523,22시,인천,미추홀구,화,경상,차대차,추돌,추돌,안전운전 의무 불이행,남,65세이상,승용차,상해없음,남,31-40세,승용차,경상,비사업용,승용차,승용차,비사업용,승용차,승용차,고속국도,단일로,교량위,비,포장,젖음/습기,0,0,1,0
20170524,02시,충남,천안시,수,경상,차대차,추돌,추돌,안전운전 의무 불이행,남,31-40세,승용차,상해없음,남,41-50세,화물차,경상,비사업용,승용차,승용차,비사업용,화물차,화물차,고속국도,단일로,기타단일로,비,포장,젖음/습기,0,0,3,0
20170524,06시,경기,시흥시,수,경상,차대차,기타,기타,기타,남,31-40세,승용차,상해없음,남,41-50세,승용차,상해없음,비사업용,승용차,승용차,비사업용,승용차,승용차,고속국도,단일로,기타단일로,맑음,포장,건조,0,0,3,0
20170524,10시,서울,서초구,수,경상,차대차,추돌,추돌,안전운전 의무 불이행,남,41-50세,승용차,상해없음,남,31-40세,승용차,경상,사업용,택시,법인택시,비사업용,승용차,승용차,고속국도,단일로,기타단일로,맑음,포장,건조,0,0,7,0
20170524,15시,충북,제천시,수,중상,차대차,추돌,추돌,안전운전 의무 불이행,남,51-60세,승용차,상해없음,여,51-60세,승용차,중상,비사업용,승용차,승용차,비사업용,승용차,승용차,고속국도,단일로,교량위,맑음,포장,건조,0,2,0,0
20170524,17시,경북,경주시,수,경상,차대차,측면충돌,측면충돌,안전거리 미확보,남,51-60세,화물차,상해없음,남,41-50세,승용차,경상,사업용,화물차,화물차,사업용,렌터카,렌터카,고속국도,단일로,기타단일로,맑음,포장,건조,0,0,1,0
20170524,21시,충남,예산군,수,경상,차대차,기타,기타,안전운전 의무 불이행,남,20세이하,승용차,상해없음,남,31-40세,화물차,상해없음,비사업용,승용차,승용차,사업용,화물차,화물차,고속국도,단일로,기타단일로,맑음,포장,건조,0,0,1,0
20170525,05시,경기,의왕시,목,부상신고,차량단독,공작물충돌,공작물충돌,안전운전 의무 불이행,남,31-40세,승용차,부상신고,없음,불명,없음,없음,비사업용,승용차,승용차,없음,없음,없음,고속국도,단일로,기타단일로,맑음,포장,건조,0,0,0,1
20170525,07시,경기,용인시,목,경상,차대차,추돌,추돌,안전운전 의무 불이행,여,21-30세,승용차,상해없음,여,41-50세,승용차,경상,비사업용,승용차,승용차,비사업용,승용차,승용차,고속국도,단일로,기타단일로,맑음,포장,건조,0,0,1,0
20170525,09시,강원,평창군,목,중상,차대사람,기타,기타,안전운전 의무 불이행,남,41-50세,화물차,상해없음,남,65세이상,보행자,중상,비사업용,화물차,화물차,보행자,보행자,보행자,고속국도,단일로,기타단일로,맑음,포장,건조,0,1,0,0
20170525,09시,경기,화성시,목,경상,차대차,추돌,추돌,안전운전 의무 불이행,남,51-60세,화물차,상해없음,남,21-30세,승용차,경상,비사업용,화물차,화물차,비사업용,승용차,승용차,고속국도,단일로,기타단일로,맑음,포장,건조,0,0,1,0
20170525,10시,경기,양주시,목,중상,차대차,기타,기타,안전운전 의무 불이행,남,41-50세,화물차,상해없음,남,51-60세,승합차,상해없음,비사업용,화물차,화물차,사업용,전세버스,전세버스,고속국도,단일로,기타단일로,맑음,포장,건조,0,1,1,0
20170525,16시,전북,정읍시,목,중상,차대차,기타,기타,안전거리 미확보,남,41-50세,승합차,상해없음,여,31-40세,승용차,경상,비사업용,버스,버스,비사업용,승용차,승용차,고속국도,단일로,기타단일로,맑음,포장,건조,0,1,3,1
20170525,17시,경기,화성시,목,경상,차대차,기타,기타,안전운전 의무 불이행,남,61-64세,특수차,상해없음,남,31-40세,승용차,경상,사업용,화물차,화물차,비사업용,승용차,승용차,고속국도,단일로,기타단일로,맑음,포장,건조,0,0,1,1
20170526,00시,충북,청주시,금,경상,차대차,추돌,추돌,안전운전 의무 불이행,남,31-40세,승용차,상해없음,남,41-50세,화물차,경상,비사업용,승용차,승용차,사업용,화물차,화물차,고속국도,단일로,기타단일로,맑음,포장,건조,0,0,1,0
20170526,03시,경기,광명시,금,부상신고,차대차,추돌,추돌,안전운전 의무 불이행,남,21-30세,승용차,상해없음,남,41-50세,승용차,부상신고,비사업용,승용차,승용차,비사업용,승용차,승용차,고속국도,단일로,터널안,맑음,포장,건조,0,0,0,1
20170526,08시,대전,동구,금,경상,차대차,기타,기타,안전운전 의무 불이행,남,31-40세,승용차,상해없음,남,21-30세,화물차,경상,비사업용,승용차,승용차,비사업용,화물차,화물차,고속국도,단일로,터널안,맑음,포장,건조,0,0,2,0
20170526,16시,경기,구리시,금,경상,차대차,측면충돌,측면충돌,안전운전 의무 불이행,남,51-60세,특수차,상해없음,남,41-50세,승용차,경상,사업용,화물차,화물차,비사업용,승용차,승용차,고속국도,단일로,기타단일로,맑음,포장,건조,0,0,1,0
20170526,16시,인천,부평구,금,중상,차대차,측면충돌,측면충돌,안전운전 의무 불이행,남,65세이상,승용차,상해없음,남,21-30세,승용차,상해없음,비사업용,승용차,승용차,비사업용,승용차,승용차,고속국도,단일로,교량위,맑음,포장,건조,0,6,13,2
20170526,18시,경기,수원시,금,경상,차대차,추돌,추돌,안전거리 미확보,남,31-40세,승용차,상해없음,남,41-50세,승용차,경상,비사업용,승용차,승용차,비사업용,승용차,승용차,고속국도,단일로,터널안,맑음,포장,건조,0,0,1,0
20170526,19시,부산,강서구,금,경상,차대차,측면충돌,측면충돌,안전거리 미확보,남,65세이상,승용차,상해없음,남,61-64세,승용차,경상,비사업용,승용차,승용차,비사업용,승용차,승용차,고속국도,단일로,교량위,맑음,포장,건조,0,0,1,0
20170526,23시,충남,공주시,금,중상,차대차,측면충돌,측면충돌,안전운전 의무 불이행,남,41-50세,승용차,상해없음,여,41-50세,승용차,중상,사업용,렌터카,렌터카,비사업용,승용차,승용차,고속국도,단일로,기타단일로,기타/불명,포장,건조,0,1,0,0
20170526,23시,충남,천안시,금,중상,차대차,기타,기타,안전운전 의무 불이행,여,21-30세,승용차,상해없음,남,21-30세,승용차,중상,사업용,렌터카,렌터카,비사업용,승용차,승용차,고속국도,단일로,기타단일로,맑음,포장,건조,0,1,0,0
20170527,01시,서울,서초구,토,경상,차대차,기타,기타,안전운전 의무 불이행,남,31-40세,승용차,상해없음,남,51-60세,승용차,상해없음,비사업용,승용차,승용차,사업용,택시,개인택시,고속국도,단일로,기타단일로,맑음,포장,건조,0,0,1,0
20170527,03시,경기,용인시,토,사망,차량단독,공작물충돌,공작물충돌,안전운전 의무 불이행,남,31-40세,화물차,사망,없음,불명,없음,없음,사업용,화물차,화물차,없음,없음,없음,고속국도,단일로,기타단일로,맑음,포장,건조,1,0,0,0
20170527,04시,경기,이천시,토,사망,차대사람,기타,기타,안전운전 의무 불이행,남,31-40세,화물차,상해없음,남,51-60세,보행자,사망,사업용,화물차,화물차,보행자,보행자,보행자,고속국도,기타,기타,맑음,포장,건조,1,0,0,0
20170527,04시,경기,이천시,토,중상,차대사람,차도통행중,차도통행중,안전운전 의무 불이행,남,31-40세,화물차,상해없음,남,51-60세,보행자,중상,사업용,화물차,화물차,보행자,보행자,보행자,고속국도,단일로,기타단일로,맑음,포장,건조,0,1,0,0
20170527,06시,전남,담양군,토,경상,차대차,기타,기타,안전거리 미확보,남,51-60세,건설기계,상해없음,남,21-30세,승용차,경상,사업용,기타/건설기계,기타/건설기계,비사업용,승용차,승용차,고속국도,단일로,기타단일로,맑음,포장,건조,0,0,2,0
20170527,07시,경남,김해시,토,중상,차량단독,전도,전도,안전운전 의무 불이행,남,61-64세,승용차,상해없음,없음,불명,없음,없음,사업용,택시,개인택시,없음,없음,없음,고속국도,단일로,기타단일로,맑음,포장,건조,0,2,0,2
20170527,08시,전남,담양군,토,경상,차대차,측면충돌,측면충돌,기타,여,41-50세,승용차,상해없음,남,65세이상,승용차,경상,비사업용,승용차,승용차,비사업용,승용차,승용차,고속국도,단일로,기타단일로,맑음,포장,건조,0,0,1,0
20170527,12시,경기,화성시,토,경상,차대차,측면충돌,측면충돌,안전운전 의무 불이행,남,41-50세,승용차,상해없음,여,41-50세,승용차,경상,비사업용,승용차,승용차,비사업용,승용차,승용차,고속국도,단일로,기타단일로,맑음,포장,건조,0,0,1,0
20170527,16시,경기,광주시,토,경상,차대차,추돌,추돌,안전거리 미확보,남,61-64세,승용차,상해없음,여,31-40세,승용차,경상,비사업용,승용차,승용차,비사업용,승용차,승용차,고속국도,기타,기타,맑음,포장,건조,0,0,1,0
20170527,17시,경기,여주시,토,중상,차대차,추돌,추돌,안전거리 미확보,남,21-30세,승용차,상해없음,여,21-30세,승용차,중상,비사업용,승용차,승용차,사업용,렌터카,렌터카,고속국도,기타,기타,맑음,포장,건조,0,1,0,0
20170527,17시,경기,평택시,토,중상,차대차,추돌,추돌,안전운전 의무 불이행,남,51-60세,승용차,상해없음,남,41-50세,승용차,중상,비사업용,승용차,승용차,비사업용,승용차,승용차,고속국도,단일로,기타단일로,맑음,포장,건조,0,1,0,0
20170527,17시,대구,서구,토,경상,차대차,측면충돌,측면충돌,안전운전 의무 불이행,남,65세이상,화물차,상해없음,남,31-40세,승용차,상해없음,비사업용,화물차,화물차,비사업용,승용차,승용차,고속국도,단일로,기타단일로,맑음,포장,건조,0,0,1,0
20170527,18시,경기,화성시,토,경상,차대차,기타,기타,안전운전 의무 불이행,남,51-60세,화물차,상해없음,남,41-50세,승용차,상해없음,비사업용,화물차,화물차,비사업용,승용차,승용차,고속국도,단일로,기타단일로,맑음,포장,건조,0,0,3,0
20170527,18시,광주,광산구,토,경상,차대차,기타,기타,안전운전 의무 불이행,남,21-30세,승용차,상해없음,남,21-30세,승용차,경상,비사업용,승용차,승용차,비사업용,승용차,승용차,고속국도,단일로,기타단일로,맑음,포장,건조,0,0,2,0
20170527,23시,경기,고양시,토,경상,차대차,추돌,추돌,안전거리 미확보,남,65세이상,화물차,상해없음,남,41-50세,승용차,경상,비사업용,화물차,화물차,비사업용,승용차,승용차,고속국도,단일로,기타단일로,맑음,포장,건조,0,0,2,0
20170527,23시,경기,용인시,토,중상,차대차,측면충돌,측면충돌,안전운전 의무 불이행,기타불명,불명,불명,기타불명,남,21-30세,승용차,중상,불명,불명,불명,비사업용,승용차,승용차,고속국도,단일로,기타단일로,맑음,포장,건조,0,1,0,0
20170528,09시,경기,안산시,일,중상,차대차,기타,기타,기타,남,41-50세,특수차,상해없음,남,21-30세,화물차,중상,사업용,화물차,화물차,비사업용,화물차,화물차,고속국도,단일로,기타단일로,맑음,포장,건조,0,2,0,0