발생일,발생시간,발생지_시도,발생지_시군구,요일,사고내용,사고유형_대분류,사고유형_중분류,사고유형,가해자법규위반,가해자성별,가해자연령,가해당사자종별,가해자신체상해정도,피해자성별,피해자연령,피해당사자종별,피해자신체상해정도,가해차량용도_대분류,가해차량용도_중분류,가해차량용도,피해차량용도_대분류,피해차량용도_중분류,피해차량용도,도로종류,도로형태_대분류,도로형태,기상상태,노면상태_대분류,노면상태,사망자수,중상자수,경상자수,부상신고자수
20170528,11시,대전,대덕구,일,경상,차대차,측면충돌,측면충돌,안전운전 의무 불이행,남,51-60세,승용차,상해없음,남,31-40세,승용차,상해없음,비사업용,승용차,승용차,비사업용,승용차,승용차,고속국도,단일로,기타단일로,맑음,포장,건조,0,0,2,0
20170528,11시,충남,공주시,일,중상,차대차,측면충돌,측면충돌,안전운전 의무 불이행,남,20세이하,승용차,상해없음,남,51-60세,승용차,중상,비사업용,승용차,승용차,비사업용,승용차,승용차,고속국도,단일로,기타단일로,맑음,포장,건조,0,2,0,0
20170528,14시,강원,강릉시,일,경상,차대차,정면충돌,정면충돌,안전운전 의무 불이행,남,41-50세,승용차,경상,남,31-40세,승용차,경상,비사업용,승용차,승용차,비사업용,승용차,승용차,고속국도,단일로,기타단일로,맑음,포장,건조,0,0,2,0
20170528,14시,강원,강릉시,일,중상,차대차,정면충돌,정면충돌,중앙선 침범,여,21-30세,승용차,상해없음,남,41-50세,승용차,중상,사업용,렌터카,렌터카,비사업용,승용차,승용차,고속국도,단일로,기타단일로,맑음,포장,건조,0,4,1,0
20170528,14시,충남,공주시,일,경상,차대차,추돌,추돌,안전운전 의무 불이행,남,31-40세,승용차,경상,남,31-40세,승용차,경상,비사업용,승용차,승용차,비사업용,승용차,승용차,고속국도,단일로,터널안,맑음,포장,건조,0,0,7,0
20170528,17시,경기,용인시,일,경상,차대차,측면충돌,측면충돌,안전거리 미확보,남,41-50세,화물차,상해없음,여,31-40세,승용차,경상,비사업용,화물차,화물차,비사업용,승용차,승용차,고속국도,단일로,기타단일로,맑음,포장,건조,0,0,1,0
20170528,17시,전남,광양시,일,경상,차대차,측면충돌,측면충돌,안전운전 의무 불이행,남,51-60세,화물차,상해없음,남,31-40세,승용차,경상,비사업용,화물차,화물차,비사업용,승용차,승용차,고속국도,단일로,기타단일로,맑음,포장,건조,0,0,2,0
20170528,21시,경기,하남시,일,중상,차대차,추돌,추돌,안전운전 의무 불이행,남,61-64세,승용차,상해없음,여,51-60세,승용차,중상,비사업용,승용차,승용차,비사업용,승용차,승용차,고속국도,단일로,기타단일로,맑음,포장,건조,0,2,0,0
20170528,22시,서울,서초구,일,경상,차대차,추돌,추돌,안전운전 의무 불이행,남,31-40세,승용차,상해없음,여,41-50세,승용차,경상,비사업용,승용차,승용차,비사업용,승용차,승용차,고속국도,단일로,기타단일로,맑음,포장,건조,0,0,1,0
20170529,01시,인천,서구,월,중상,차량단독,공작물충돌,공작물충돌,안전운전 의무 불이행,남,20세이하,승용차,상해없음,없음,불명,없음,없음,사업용,렌터카,렌터카,없음,없음,없음,고속국도,단일로,기타단일로,맑음,포장,건조,0,1,1,0
20170529,08시,경기,의왕시,월,경상,차대차,추돌,추돌,안전운전 의무 불이행,남,61-64세,화물차,상해없음,남,51-60세,승용차,경상,사업용,화물차,화물차,비사업용,승용차,승용차,고속국도,단일로,기타단일로,맑음,포장,건조,0,0,2,1
20170529,13시,인천,부평구,월,경상,차대차,기타,기타,기타,기타불명,불명,불명,기타불명,남,21-30세,화물차,상해없음,불명,불명,불명,비사업용,화물차,화물차,고속국도,단일로,기타단일로,맑음,포장,건조,0,0,1,0
20170529,14시,경기,용인시,월,중상,차대차,측면충돌,측면충돌,안전거리 미확보,남,31-40세,승용차,경상,남,41-50세,승합차,경상,비사업용,승용차,승용차,사업용,노선버스,고속버스,고속국도,단일로,기타단일로,맑음,포장,건조,0,3,4,0
20170529,21시,광주,북구,월,경상,차대차,추돌,추돌,중앙선 침범,남,31-40세,승용차,상해없음,남,41-50세,승용차,경상,비사업용,승용차,승용차,비사업용,승용차,승용차,고속국도,단일로,기타단일로,맑음,포장,건조,0,0,1,0
20170530,03시,경기,구리시,화,중상,차대차,추돌,추돌,안전운전 의무 불이행,남,31-40세,화물차,상해없음,남,41-50세,화물차,중상,사업용,화물차,화물차,사업용,화물차,화물차,고속국도,단일로,기타단일로,맑음,포장,건조,0,1,0,0
20170530,08시,전북,부안군,화,중상,차대차,측면충돌,측면충돌,안전운전 의무 불이행,남,31-40세,승용차,상해없음,남,65세이상,화물차,중상,비사업용,승용차,승용차,비사업용,화물차,화물차,고속국도,단일로,기타단일로,맑음,포장,건조,0,1,0,0
20170530,10시,강원,횡성군,화,경상,차대차,측면충돌,측면충돌,기타,남,41-50세,승용차,상해없음,남,51-60세,승용차,경상,비사업용,승용차,승용차,사업용,렌터카,렌터카,고속국도,단일로,기타단일로,맑음,포장,건조,0,0,1,0
20170530,16시,경기,화성시,화,경상,차대차,추돌,추돌,안전운전 의무 불이행,남,61-64세,화물차,상해없음,남,21-30세,승용차,경상,비사업용,화물차,화물차,비사업용,승용차,승용차,고속국도,단일로,기타단일로,맑음,포장,건조,0,0,3,0
20170530,21시,경기,용인시,화,사망,차대차,기타,기타,과속,남,31-40세,승용차,중상,여,51-60세,승용차,사망,비사업용,승용차,승용차,비사업용,승용차,승용차,고속국도,단일로,기타단일로,맑음,포장,건조,1,2,0,0
20170531,04시,경북,구미시,수,중상,차대차,측면충돌,측면충돌,안전운전 의무 불이행,여,21-30세,승용차,상해없음,남,41-50세,화물차,중상,비사업용,승용차,승용차,사업용,화물차,화물차,고속국도,단일로,기타단일로,맑음,포장,건조,0,1,0,0
20170531,05시,경기,군포시,수,경상,차대차,측면충돌,측면충돌,안전운전 의무 불이행,남,41-50세,승용차,상해없음,남,31-40세,승용차,경상,비사업용,승용차,승용차,비사업용,승용차,승용차,고속국도,단일로,기타단일로,맑음,포장,건조,0,0,1,0
20170531,06시,경남,김해시,수,경상,차대차,측면충돌,측면충돌,안전거리 미확보,남,61-64세,화물차,상해없음,남,61-64세,승합차,경상,비사업용,화물차,화물차,비사업용,버스,버스,고속국도,단일로,기타단일로,맑음,포장,건조,0,0,1,0
20170531,08시,경기,하남시,수,경상,차대차,기타,기타,안전운전 의무 불이행,여,41-50세,승용차,경상,남,51-60세,화물차,상해없음,비사업용,승용차,승용차,사업용,화물차,화물차,고속국도,단일로,기타단일로,맑음,포장,건조,0,0,1,0
20170531,09시,경남,진주시,수,중상,차대차,기타,기타,안전운전 의무 불이행,여,51-60세,승용차,상해없음,남,41-50세,화물차,중상,비사업용,승용차,승용차,비사업용,화물차,화물차,고속국도,단일로,기타단일로,맑음,포장,건조,0,3,0,0
20170531,12시,강원,강릉시,수,경상,차대차,측면충돌,측면충돌,기타,남,21-30세,승용차,상해없음,남,31-40세,승용차,경상,비사업용,승용차,승용차,비사업용,승용차,승용차,고속국도,단일로,터널안,맑음,포장,건조,0,0,2,0
20170531,12시,경기,하남시,수,경상,차대차,측면충돌,측면충돌,안전거리 미확보,남,51-60세,화물차,상해없음,여,21-30세,승용차,경상,사업용,화물차,화물차,비사업용,승용차,승용차,고속국도,단일로,기타단일로,맑음,포장,건조,0,0,1,0
20170531,14시,경기,여주시,수,중상,차대차,추돌,추돌,안전거리 미확보,남,31-40세,특수차,상해없음,여,41-50세,승용차,중상,사업용,화물차,화물차,비사업용,승용차,승용차,고속국도,기타,기타,맑음,포장,건조,0,2,1,0
20170531,14시,경남,함안군,수,중상,차대차,추돌,추돌,안전운전 의무 불이행,남,31-40세,승용차,중상,남,61-64세,화물차,상해없음,비사업용,승용차,승용차,사업용,화물차,화물차,고속국도,단일로,기타단일로,맑음,포장,건조,0,1,4,0
20170531,15시,경기,안성시,수,중상,차대차,추돌,추돌,안전운전 의무 불이행,남,31-40세,화물차,상해없음,남,41-50세,승용차,경상,사업용,화물차,화물차,사업용,렌터카,렌터카,고속국도,기타,기타,맑음,포장,건조,0,1,2,0
20170531,17시,경남,김해시,수,중상,차대차,측면충돌,측면충돌,안전거리 미확보,남,61-64세,승용차,상해없음,남,51-60세,승합차,상해없음,비사업용,승용차,승용차,사업용,전세버스,전세버스,고속국도,단일로,기타단일로,맑음,포장,건조,0,2,2,0
20170531,18시,경기,안양시,수,경상,차대차,추돌,추돌,안전운전 의무 불이행,남,51-60세,화물차,상해없음,남,41-50세,화물차,경상,비사업용,화물차,화물차,사업용,화물차,화물차,고속국도,단일로,기타단일로,맑음,포장,건조,0,0,1,0
20170601,03시,경북,칠곡군,목,중상,차대차,기타,기타,안전운전 의무 불이행,남,41-50세,특수차,상해없음,남,41-50세,화물차,중상,사업용,위험물운송,위험물운송,사업용,화물차,화물차,고속국도,기타,기타,맑음,포장,건조,0,1,0,0
20170601,12시,충북,음성군,목,경상,차대차,측면충돌,측면충돌,안전거리 미확보,남,31-40세,화물차,상해없음,남,41-50세,승용차,경상,비사업용,화물차,화물차,비사업용,승용차,승용차,고속국도,단일로,기타단일로,비,포장,젖음/습기,0,0,1,0
20170601,13시,인천,계양구,목,중상,차대차,측면충돌,측면충돌,안전운전 의무 불이행,여,41-50세,화물차,상해없음,남,31-40세,화물차,중상,비사업용,화물차,화물차,비사업용,화물차,화물차,고속국도,단일로,기타단일로,맑음,포장,건조,0,1,0,0
20170601,14시,경기,오산시,목,경상,차대차,측면충돌,측면충돌,안전운전 의무 불이행,남,51-60세,건설기계,상해없음,남,51-60세,승용차,경상,사업용,기타/건설기계,기타/건설기계,사업용,렌터카,렌터카,고속국도,단일로,기타단일로,맑음,포장,건조,0,0,1,0
20170601,16시,울산,울주군,목,경상,차대차,추돌,추돌,안전거리 미확보,여,51-60세,화물차,경상,남,51-60세,승용차,경상,비사업용,화물차,화물차,비사업용,승용차,승용차,고속국도,단일로,기타단일로,비,포장,젖음/습기,0,0,2,0
20170601,17시,경기,안성시,목,경상,차대차,추돌,추돌,안전운전 의무 불이행,남,31-40세,화물차,경상,남,51-60세,화물차,부상신고,사업용,화물차,화물차,사업용,화물차,화물차,고속국도,단일로,기타단일로,맑음,포장,건조,0,0,1,1
20170601,17시,경기,안양시,목,중상,차대차,기타,기타,안전거리 미확보,여,51-60세,승용차,기타불명,남,51-60세,화물차,경상,비사업용,승용차,승용차,비사업용,화물차,화물차,고속국도,단일로,기타단일로,맑음,포장,건조,0,1,1,0
20170601,17시,경기,의왕시,목,경상,차대차,추돌,추돌,안전운전 의무 불이행,남,41-50세,화물차,상해없음,남,41-50세,승용차,경상,사업용,화물차,화물차,비사업용,승용차,승용차,고속국도,단일로,기타단일로,맑음,포장,건조,0,0,3,1
20170601,17시,경기,의왕시,목,경상,차대차,측면충돌,측면충돌,안전운전 의무 불이행,남,21-30세,승용차,상해없음,여,31-40세,승용차,경상,비사업용,승용차,승용차,비사업용,승용차,승용차,고속국도,단일로,기타단일로,맑음,포장,건조,0,0,1,0
20170601,18시,인천,중구,목,경상,차대차,기타,기타,안전운전 의무 불이행,남,21-30세,승용차,경상,남,21-30세,승용차,경상,비사업용,승용차,승용차,비사업용,승용차,승용차,고속국도,단일로,기타단일로,맑음,포장,건조,0,0,3,0
20170601,20시,경기,화성시,목,중상,차대차,측면충돌,측면충돌,안전거리 미확보,남,51-60세,승용차,상해없음,남,21-30세,승용차,중상,비사업용,승용차,승용차,비사업용,승용차,승용차,고속국도,단일로,기타단일로,맑음,포장,건조,0,1,0,0
20170602,00시,인천,서구,금,경상,차대차,추돌,추돌,안전거리 미확보,남,31-40세,승합차,상해없음,남,31-40세,승용차,상해없음,비사업용,기타/건설기계,기타/건설기계,비사업용,승용차,승용차,고속국도,단일로,교량위,맑음,포장,건조,0,0,2,1
20170602,02시,경기,화성시,금,경상,차대차,추돌,추돌,안전운전 의무 불이행,남,31-40세,승용차,상해없음,남,41-50세,특수차,상해없음,비사업용,승용차,승용차,사업용,화물차,화물차,고속국도,단일로,기타단일로,맑음,포장,건조,0,0,1,0
20170602,09시,경기,성남시,금,경상,차대차,기타,기타,안전운전 의무 불이행,남,51-60세,승용차,상해없음,남,51-60세,승합차,경상,비사업용,승용차,승용차,사업용,노선버스,고속버스,고속국도,단일로,기타단일로,맑음,포장,건조,0,0,2,0
20170602,10시,충남,천안시,금,중상,차대차,기타,기타,안전운전 의무 불이행,남,51-60세,승용차,상해없음,남,31-40세,승용차,중상,비사업용,승용차,승용차,사업용,렌터카,렌터카,고속국도,단일로,기타단일로,맑음,포장,건조,0,1,1,0
20170602,11시,경기,안성시,금,중상,차대차,추돌,추돌,안전거리 미확보,남,65세이상,승용차,상해없음,남,21-30세,승용차,중상,비사업용,승용차,승용차,비사업용,승용차,승용차,고속국도,단일로,터널안,맑음,포장,건조,0,1,3,0
20170602,11시,서울,서초구,금,경상,차대차,추돌,추돌,안전운전 의무 불이행,여,41-50세,승용차,상해없음,여,41-50세,승용차,경상,사업용,렌터카,렌터카,비사업용,승용차,승용차,고속국도,단일로,기타단일로,맑음,포장,건조,0,0,1,0
20170602,15시,경북,안동시,금,경상,차대차,측면충돌,측면충돌,안전운전 의무 불이행,남,20세이하,승용차,상해없음,남,20세이하,승용차,경상,비사업용,승용차,승용차,사업용,렌터카,렌터카,고속국도,단일로,기타단일로,맑음,포장,건조,0,0,1,0
20170602,16시,강원,원주시,금,경상,차대차,기타,기타,안전거리 미확보,남,61-64세,승합차,상해없음,여,31-40세,승용차,경상,사업용,전세버스,전세버스,비사업용,승용차,승용차,고속국도,단일로,기타단일로,맑음,포장,건조,0,0,1,0
20170602,16시,경기,성남시,금,중상,차대차,추돌,추돌,안전운전 의무 불이행,남,41-50세,화물차,중상,남,51-60세,화물차,중상,사업용,화물차,화물차,비사업용,화물차,화물차,고속국도,단일로,기타단일로,맑음,포장,건조,0,2,0,0
20170602,16시,충남,논산시,금,경상,차대차,추돌,추돌,안전운전 의무 불이행,여,51-60세,승용차,상해없음,남,41-50세,승용차,경상,비사업용,승용차,승용차,비사업용,승용차,승용차,고속국도,단일로,기타단일로,맑음,포장,건조,0,0,3,0
20170602,18시,전남,무안군,금,중상,차대차,추돌,추돌,안전운전 의무 불이행,남,41-50세,승합차,상해없음,남,41-50세,화물차,중상,사업용,노선버스,고속버스,사업용,화물차,화물차,고속국도,단일로,기타단일로,맑음,포장,건조,0,1,3,0
20170602,19시,충북,영동군,금,경상,차대차,추돌,추돌,안전운전 의무 불이행,남,31-40세,승용차,상해없음,남,51-60세,승용차,경상,비사업용,승용차,승용차,비사업용,승용차,승용차,고속국도,단일로,기타단일로,맑음,포장,건조,0,0,1,0
20170602,23시,강원,양양군,금,부상신고,차대차,정면충돌,정면충돌,안전운전 의무 불이행,남,41-50세,승용차,부상신고,남,31-40세,승용차,상해없음,비사업용,승용차,승용차,비사업용,승용차,승용차,고속국도,단일로,기타단일로,맑음,포장,건조,0,0,0,1
20170602,23시,경기,성남시,금,경상,차대차,추돌,추돌,안전운전 의무 불이행,남,51-60세,화물차,경상,남,41-50세,특수차,경상,사업용,화물차,화물차,사업용,화물차,화물차,고속국도,단일로,기타단일로,맑음,포장,건조,0,0,2,0
20170603,06시,경기,시흥시,토,부상신고,차량단독,공작물충돌,공작물충돌,안전운전 의무 불이행,여,51-60세,승용차,부상신고,없음,불명,없음,없음,비사업용,승용차,승용차,없음,없음,없음,고속국도,단일로,기타단일로,맑음,포장,건조,0,0,0,1
20170603,08시,경북,구미시,토,경상,차대차,기타,기타,안전운전 의무 불이행,여,51-60세,승용차,상해없음,남,61-64세,승용차,상해없음,비사업용,승용차,승용차,비사업용,승용차,승용차,고속국도,단일로,기타단일로,맑음,포장,건조,0,0,2,0
20170603,11시,대구,북구,토,경상,차대차,추돌,추돌,안전운전 의무 불이행,여,51-60세,승용차,경상,남,31-40세,승용차,경상,비사업용,승용차,승용차,비사업용,승용차,승용차,고속국도,단일로,기타단일로,맑음,포장,건조,0,0,5,0
20170603,12시,경기,이천시,토,경상,차대차,추돌,추돌,안전운전 의무 불이행,남,31-40세,화물차,상해없음,남,31-40세,승용차,경상,사업용,화물차,화물차,비사업용,승용차,승용차,고속국도,단일로,기타단일로,맑음,포장,건조,0,0,2,0
20170603,14시,경기,가평군,토,경상,차대차,추돌,추돌,안전운전 의무 불이행,여,21-30세,승용차,상해없음,남,31-40세,승용차,경상,비사업용,승용차,승용차,비사업용,승용차,승용차,고속국도,단일로,터널안,맑음,포장,건조,0,0,2,0
20170603,17시,강원,강릉시,토,중상,차대차,기타,기타,안전운전 의무 불이행,여,41-50세,승용차,중상,남,21-30세,승용차,상해없음,비사업용,승용차,승용차,비사업용,승용차,승용차,고속국도,단일로,기타단일로,맑음,포장,건조,0,2,0,0
20170603,17시,강원,춘천시,토,중상,차대차,후진중충돌,후진중충돌,안전운전 의무 불이행,여,41-50세,승용차,상해없음,남,65세이상,승용차,중상,비사업용,승용차,승용차,비사업용,승용차,승용차,고속국도,단일로,기타단일로,맑음,포장,건조,0,3,0,0
20170603,17시,경기,성남시,토,경상,차대차,측면충돌,측면충돌,안전거리 미확보,남,51-60세,화물차,상해없음,남,41-50세,승용차,경상,비사업용,화물차,화물차,비사업용,승용차,승용차,고속국도,단일로,기타단일로,맑음,포장,건조,0,0,1,0
20170603,17시,전남,장성군,토,중상,차대차,기타,기타,안전거리 미확보,남,21-30세,승용차,상해없음,여,31-40세,승용차,경상,비사업용,승용차,승용차,비사업용,승용차,승용차,고속국도,단일로,기타단일로,맑음,포장,건조,0,1,2,0
20170603,21시,경기,용인시,토,경상,차대차,기타,기타,안전운전 의무 불이행,남,31-40세,승용차,상해없음,남,41-50세,승용차,경상,비사업용,승용차,승용차,비사업용,승용차,승용차,고속국도,단일로,기타단일로,맑음,포장,건조,0,0,2,0
20170604,06시,경기,여주시,일,중상,차대차,기타,기타,안전운전 의무 불이행,남,20세이하,승용차,중상,남,41-50세,승용차,상해없음,사업용,렌터카,렌터카,비사업용,승용차,승용차,고속국도,단일로,기타단일로,맑음,포장,건조,0,4,0,0
20170604,07시,울산,울주군,일,중상,차량단독,전도,전도,안전운전 의무 불이행,남,41-50세,승용차,경상,없음,불명,없음,없음,비사업용,승용차,승용차,없음,없음,없음,고속국도,단일로,기타단일로,맑음,포장,건조,0,1,1,0
20170604,07시,충북,음성군,일,중상,차대차,기타,기타,안전거리 미확보,여,61-64세,승용차,상해없음,남,31-40세,승용차,중상,비사업용,승용차,승용차,비사업용,승용차,승용차,고속국도,단일로,기타단일로,맑음,포장,건조,0,1,0,0
20170604,09시,경북,문경시,일,경상,차대사람,횡단중,횡단중,안전운전 의무 불이행,남,65세이상,승용차,상해없음,여,51-60세,보행자,경상,비사업용,승용차,승용차,보행자,보행자,보행자,고속국도,기타,기타,맑음,포장,건조,0,0,1,0
20170604,09시,충북,보은군,일,중상,차대차,기타,기타,과속,남,31-40세,승용차,상해없음,남,31-40세,승용차,상해없음,비사업용,승용차,승용차,비사업용,승용차,승용차,고속국도,기타,기타,맑음,포장,건조,0,1,0,0
20170604,12시,대전,동구,일,경상,차량단독,전도,전도,안전운전 의무 불이행,남,51-60세,승용차,경상,없음,불명,없음,없음,비사업용,승용차,승용차,없음,없음,없음,고속국도,단일로,기타단일로,맑음,포장,건조,0,0,1,0
20170604,14시,경기,시흥시,일,중상,차대차,측면충돌,측면충돌,안전거리 미확보,남,21-30세,승용차,중상,남,51-60세,승용차,경상,비사업용,승용차,승용차,비사업용,승용차,승용차,고속국도,단일로,교량위,맑음,포장,건조,0,1,1,0
20170604,15시,경기,군포시,일,사망,차대차,추돌,추돌,안전운전 의무 불이행,남,65세이상,승용차,상해없음,여,41-50세,승용차,경상,비사업용,승용차,승용차,비사업용,승용차,승용차,고속국도,단일로,기타단일로,맑음,포장,건조,1,0,1,0
20170604,15시,경기,용인시,일,경상,차대차,추돌,추돌,안전거리 미확보,남,21-30세,승용차,상해없음,남,20세이하,승용차,경상,비사업용,승용차,승용차,비사업용,승용차,승용차,고속국도,단일로,기타단일로,맑음,포장,건조,0,0,2,0
20170604,16시,경기,성남시,일,경상,차대차,추돌,추돌,안전거리 미확보,남,65세이상,승용차,상해없음,남,21-30세,화물차,경상,비사업용,승용차,승용차,비사업용,화물차,화물차,고속국도,단일로,기타단일로,맑음,포장,건조,0,0,3,0
20170604,16시,경북,칠곡군,일,경상,차대차,측면충돌,측면충돌,기타,남,51-60세,승용차,상해없음,남,41-50세,화물차,경상,사업용,렌터카,렌터카,비사업용,화물차,화물차,고속국도,단일로,기타단일로,맑음,포장,건조,0,0,1,0
20170604,21시,경기,광주시,일,경상,차대차,추돌,추돌,안전운전 의무 불이행,남,51-60세,승용차,상해없음,남,41-50세,승용차,경상,비사업용,승용차,승용차,비사업용,승용차,승용차,고속국도,단일로,기타단일로,맑음,포장,건조,0,0,5,0
20170604,21시,경기,이천시,일,경상,차대차,측면충돌,측면충돌,안전거리 미확보,여,41-50세,승용차,상해없음,남,51-60세,승용차,경상,비사업용,승용차,승용차,비사업용,승용차,승용차,고속국도,단일로,기타단일로,맑음,포장,건조,0,0,1,0
20170604,21시,대구,서구,일,경상,차대차,추돌,추돌,안전운전 의무 불이행,여,51-60세,승용차,상해없음,여,31-40세,승용차,경상,비사업용,승용차,승용차,비사업용,승용차,승용차,고속국도,단일로,기타단일로,맑음,포장,건조,0,0,1,0
20170605,01시,충북,청주시,월,중상,차대차,추돌,추돌,안전거리 미확보,남,51-60세,화물차,중상,남,31-40세,승용차,중상,사업용,화물차,화물차,비사업용,승용차,승용차,고속국도,기타,기타,맑음,포장,건조,0,2,0,0
20170605,07시,경기,안산시,월,중상,차대차,기타,기타,안전운전 의무 불이행,여,31-40세,승용차,상해없음,남,21-30세,승용차,중상,비사업용,승용차,승용차,비사업용,승용차,승용차,고속국도,단일로,교량위,맑음,포장,건조,0,2,0,0
20170605,10시,경기,용인시,월,중상,차대차,기타,기타,안전운전 의무 불이행,남,65세이상,승용차,상해없음,남,65세이상,화물차,중상,사업용,택시,개인택시,사업용,화물차,화물차,고속국도,단일로,기타단일로,맑음,포장,건조,0,1,0,0
20170605,13시,충북,음성군,월,사망,차량단독,전도전복,전도전복,안전운전 의무 불이행,남,41-50세,화물차,사망,없음,불명,없음,없음,사업용,화물차,화물차,없음,없음,없음,고속국도,단일로,기타단일로,맑음,포장,건조,1,0,0,0
20170605,14시,전남,순천시,월,경상,차대차,기타,기타,기타,남,41-50세,화물차,상해없음,남,31-40세,승용차,경상,비사업용,화물차,화물차,비사업용,승용차,승용차,고속국도,단일로,기타단일로,맑음,포장,건조,0,0,1,0
20170605,15시,인천,연수구,월,경상,차대차,기타,기타,안전운전 의무 불이행,여,51-60세,승용차,상해없음,남,51-60세,승용차,경상,비사업용,승용차,승용차,비사업용,승용차,승용차,고속국도,단일로,기타단일로,맑음,포장,건조,0,0,1,0
20170605,16시,충남,천안시,월,중상,차대차,추돌,추돌,안전운전 의무 불이행,남,41-50세,승용차,경상,남,61-64세,승용차,중상,비사업용,승용차,승용차,비사업용,승용차,승용차,고속국도,단일로,터널안,맑음,포장,건조,0,1,1,0
20170605,18시,서울,강동구,월,경상,차대차,측면충돌,측면충돌,안전거리 미확보,남,61-64세,화물차,상해없음,남,51-60세,승용차,경상,비사업용,화물차,화물차,비사업용,승용차,승용차,고속국도,단일로,기타단일로,맑음,포장,건조,0,0,3,0
20170605,19시,경기,성남시,월,경상,차대차,측면충돌,측면충돌,안전거리 미확보,남,21-30세,승용차,부상신고,남,51-60세,화물차,경상,사업용,렌터카,렌터카,사업용,화물차,화물차,고속국도,단일로,기타단일로,맑음,포장,건조,0,0,2,1
20170605,21시,경북,경주시,월,경상,차대차,측면충돌,측면충돌,안전거리 미확보,기타불명,불명,불명,기타불명,남,20세이하,승용차,경상,불명,불명,불명,사업용,렌터카,렌터카,고속국도,단일로,기타단일로,맑음,포장,건조,0,0,1,0
20170605,21시,충북,청주시,월,사망,차대차,추돌,추돌,중앙선 침범,남,41-50세,화물차,경상,남,41-50세,화물차,사망,사업용,화물차,화물차,사업용,화물차,화물차,고속국도,단일로,기타단일로,맑음,포장,건조,1,0,1,0
20170606,01시,충북,음성군,화,경상,차대차,추돌,추돌,안전운전 의무 불이행,남,31-40세,승용차,상해없음,남,61-64세,화물차,경상,비사업용,승용차,승용차,사업용,화물차,화물차,고속국도,단일로,기타단일로,흐림,포장,건조,0,0,4,0
20170606,03시,인천,서구,화,경상,차대차,측면충돌,측면충돌,안전운전 의무 불이행,기타불명,불명,불명,기타불명,남,41-50세,승용차,경상,불명,불명,불명,사업용,택시,개인택시,고속국도,단일로,기타단일로,맑음,포장,건조,0,0,1,0
20170606,07시,경기,부천시,화,경상,차대차,기타,기타,안전운전 의무 불이행,남,31-40세,승용차,상해없음,여,21-30세,승용차,경상,비사업용,승용차,승용차,비사업용,승용차,승용차,고속국도,단일로,기타단일로,맑음,포장,건조,0,0,1,0
20170606,18시,경기,안산시,화,중상,차대사람,기타,기타,안전운전 의무 불이행,남,41-50세,승용차,상해없음,남,65세이상,보행자,중상,비사업용,승용차,승용차,보행자,보행자,보행자,고속국도,단일로,교량위,비,포장,젖음/습기,0,1,0,0
20170606,22시,경기,성남시,화,중상,차대차,기타,기타,안전운전 의무 불이행,기타불명,불명,불명,기타불명,남,51-60세,승용차,상해없음,불명,불명,불명,비사업용,승용차,승용차,고속국도,단일로,기타단일로,비,포장,젖음/습기,0,1,0,0
20170606,23시,인천,계양구,화,중상,차대차,추돌,추돌,안전거리 미확보,남,51-60세,승용차,중상,남,31-40세,승용차,중상,비사업용,승용차,승용차,비사업용,승용차,승용차,고속국도,단일로,교량위,비,포장,젖음/습기,0,2,1,0
20170607,08시,경기,안성시,수,경상,차대차,측면충돌,측면충돌,안전운전 의무 불이행,남,41-50세,승합차,상해없음,남,41-50세,승용차,경상,사업용,전세버스,전세버스,사업용,렌터카,렌터카,고속국도,기타,기타,비,포장,젖음/습기,0,0,1,0
20170607,09시,경기,군포시,수,경상,차대차,추돌,추돌,안전운전 의무 불이행,남,65세이상,화물차,상해없음,남,41-50세,화물차,경상,사업용,화물차,화물차,비사업용,화물차,화물차,고속국도,단일로,기타단일로,비,포장,젖음/습기,0,0,1,0
20170607,17시,경북,칠곡군,수,경상,차대차,기타,기타,안전거리 미확보,남,65세이상,승용차,상해없음,남,51-60세,승용차,경상,비사업용,승용차,승용차,비사업용,승용차,승용차,고속국도,단일로,기타단일로,맑음,포장,건조,0,0,1,0
20170607,21시,경기,성남시,수,부상신고,차대차,기타,기타,안전운전 의무 불이행,남,65세이상,승용차,부상신고,남,41-50세,승용차,상해없음,비사업용,승용차,승용차,비사업용,승용차,승용차,고속국도,단일로,기타단일로,맑음,포장,건조,0,0,0,1
20170607,21시,경기,용인시,수,경상,차대차,기타,기타,안전운전 의무 불이행,기타불명,불명,불명,기타불명,여,31-40세,승용차,경상,불명,불명,불명,비사업용,승용차,승용차,고속국도,단일로,기타단일로,맑음,포장,건조,0,0,1,0
20170607,22시,경기,구리시,수,경상,차대차,기타,기타,안전운전 의무 불이행,기타불명,불명,불명,기타불명,여,51-60세,승용차,경상,불명,불명,불명,비사업용,승용차,승용차,고속국도,단일로,기타단일로,맑음,포장,건조,0,0,1,0
20170607,23시,충남,공주시,수,중상,차대차,추돌,추돌,안전운전 의무 불이행,남,51-60세,화물차,중상,남,51-60세,특수차,상해없음,사업용,화물차,화물차,사업용,화물차,화물차,고속국도,단일로,기타단일로,맑음,포장,건조,0,1,0,0
20170608,05시,경기,성남시,목,중상,차대차,기타,기타,안전운전 의무 불이행,남,65세이상,승용차,경상,남,51-60세,화물차,중상,비사업용,승용차,승용차,비사업용,화물차,화물차,고속국도,단일로,기타단일로,맑음,포장,건조,0,1,1,0