발생일,발생시간,발생지_시도,발생지_시군구,요일,사고내용,사고유형_대분류,사고유형_중분류,사고유형,가해자법규위반,가해자성별,가해자연령,가해당사자종별,가해자신체상해정도,피해자성별,피해자연령,피해당사자종별,피해자신체상해정도,가해차량용도_대분류,가해차량용도_중분류,가해차량용도,피해차량용도_대분류,피해차량용도_중분류,피해차량용도,도로종류,도로형태_대분류,도로형태,기상상태,노면상태_대분류,노면상태,사망자수,중상자수,경상자수,부상신고자수
20170704,00시,경기,시흥시,화,경상,차량단독,공작물충돌,공작물충돌,안전운전 의무 불이행,남,51-60세,승용차,상해없음,없음,불명,없음,없음,사업용,택시,법인택시,없음,없음,없음,고속국도,단일로,교량위,비,포장,젖음/습기,0,0,2,0
20170704,00시,인천,서구,화,중상,차대차,측면충돌,측면충돌,안전운전 의무 불이행,남,21-30세,승용차,상해없음,남,41-50세,화물차,중상,사업용,렌터카,렌터카,비사업용,화물차,화물차,고속국도,단일로,기타단일로,맑음,포장,건조,0,1,0,0
20170704,02시,경기,성남시,화,부상신고,차량단독,기타,기타,안전운전 의무 불이행,남,51-60세,승용차,상해없음,없음,불명,없음,없음,사업용,택시,법인택시,없음,없음,없음,고속국도,단일로,기타단일로,비,포장,젖음/습기,0,0,0,1
20170704,02시,경기,성남시,화,중상,차량단독,기타,기타,안전운전 의무 불이행,남,41-50세,승용차,상해없음,없음,불명,없음,없음,사업용,택시,법인택시,없음,없음,없음,고속국도,단일로,기타단일로,비,포장,젖음/습기,0,1,0,0
20170704,08시,경기,부천시,화,경상,차대차,추돌,추돌,안전운전 의무 불이행,여,41-50세,승용차,상해없음,여,21-30세,승용차,경상,사업용,렌터카,렌터카,비사업용,승용차,승용차,고속국도,단일로,기타단일로,맑음,포장,건조,0,0,1,0
20170704,09시,경기,화성시,화,경상,차대차,추돌,추돌,안전운전 의무 불이행,남,41-50세,화물차,상해없음,남,41-50세,화물차,상해없음,비사업용,화물차,화물차,사업용,화물차,화물차,고속국도,단일로,기타단일로,맑음,포장,건조,0,0,2,0
20170704,13시,대구,동구,화,중상,차대차,측면충돌,측면충돌,안전운전 의무 불이행,남,65세이상,화물차,상해없음,남,41-50세,화물차,경상,사업용,화물차,화물차,사업용,화물차,화물차,고속국도,단일로,기타단일로,비,포장,젖음/습기,0,1,1,0
20170704,14시,경기,화성시,화,중상,차대차,기타,기타,안전운전 의무 불이행,남,31-40세,승합차,상해없음,남,51-60세,승합차,상해없음,비사업용,버스,버스,비사업용,버스,버스,고속국도,단일로,기타단일로,맑음,포장,건조,0,2,5,4
20170704,18시,대전,서구,화,경상,차대차,추돌,추돌,안전운전 의무 불이행,남,51-60세,승용차,상해없음,남,41-50세,화물차,경상,비사업용,승용차,승용차,비사업용,화물차,화물차,고속국도,단일로,기타단일로,흐림,포장,젖음/습기,0,0,2,0
20170704,20시,강원,횡성군,화,경상,차대차,기타,기타,안전거리 미확보,남,41-50세,건설기계,상해없음,남,20세이하,승용차,경상,사업용,기타/건설기계,기타/건설기계,비사업용,승용차,승용차,고속국도,단일로,기타단일로,맑음,포장,건조,0,0,1,0
20170705,01시,경기,용인시,수,경상,차량단독,공작물충돌,공작물충돌,안전운전 의무 불이행,남,41-50세,승용차,상해없음,없음,불명,없음,없음,비사업용,승용차,승용차,없음,없음,없음,고속국도,단일로,기타단일로,맑음,포장,건조,0,0,3,0
20170705,03시,충남,홍성군,수,경상,차대차,기타,기타,안전운전 의무 불이행,남,21-30세,승용차,상해없음,남,51-60세,화물차,경상,비사업용,승용차,승용차,사업용,화물차,화물차,고속국도,단일로,기타단일로,흐림,포장,건조,0,0,1,0
20170705,03시,충남,홍성군,수,중상,차대차,기타,기타,안전운전 의무 불이행,남,31-40세,화물차,상해없음,남,21-30세,특수차,중상,비사업용,화물차,화물차,사업용,화물차,화물차,고속국도,단일로,기타단일로,흐림,포장,건조,0,1,0,0
20170705,04시,부산,북구,수,사망,차량단독,공작물충돌,공작물충돌,안전운전 의무 불이행,남,51-60세,승용차,사망,없음,불명,없음,없음,비사업용,승용차,승용차,없음,없음,없음,고속국도,단일로,기타단일로,비,포장,젖음/습기,1,0,0,0
20170705,05시,경기,안산시,수,경상,차대차,추돌,추돌,안전운전 의무 불이행,기타불명,불명,불명,기타불명,남,61-64세,승용차,경상,불명,불명,불명,비사업용,승용차,승용차,고속국도,단일로,기타단일로,맑음,포장,건조,0,0,2,0
20170705,09시,경기,수원시,수,경상,차대차,기타,기타,안전거리 미확보,남,61-64세,승합차,상해없음,여,41-50세,승용차,경상,사업용,노선버스,고속버스,비사업용,승용차,승용차,고속국도,단일로,기타단일로,맑음,포장,건조,0,0,1,0
20170705,12시,경기,시흥시,수,경상,차대차,추돌,추돌,안전운전 의무 불이행,남,51-60세,승용차,상해없음,남,41-50세,승용차,경상,비사업용,승용차,승용차,비사업용,승용차,승용차,고속국도,단일로,기타단일로,맑음,포장,건조,0,0,2,0
20170705,12시,경기,이천시,수,경상,차대차,후진중충돌,후진중충돌,기타,남,41-50세,승용차,상해없음,남,21-30세,화물차,경상,비사업용,승용차,승용차,비사업용,화물차,화물차,고속국도,기타,기타,맑음,포장,건조,0,0,1,0
20170705,12시,경북,영천시,수,사망,차대차,추돌,추돌,안전운전 의무 불이행,남,21-30세,화물차,중상,남,65세이상,승용차,중상,비사업용,화물차,화물차,비사업용,승용차,승용차,고속국도,단일로,기타단일로,맑음,포장,건조,2,5,0,0
20170705,14시,경기,이천시,수,경상,차대차,기타,기타,안전거리 미확보,남,31-40세,승용차,상해없음,남,51-60세,승용차,경상,비사업용,승용차,승용차,사업용,렌터카,렌터카,고속국도,기타,기타,맑음,포장,건조,0,0,1,0
20170705,14시,전남,광양시,수,중상,차대차,기타,기타,안전운전 의무 불이행,남,41-50세,승용차,부상신고,남,41-50세,건설기계,상해없음,사업용,렌터카,렌터카,사업용,기타/건설기계,기타/건설기계,고속국도,단일로,기타단일로,맑음,포장,건조,0,1,1,1
20170705,14시,전남,광양시,수,중상,차대차,추돌,추돌,안전운전 의무 불이행,남,41-50세,승용차,상해없음,남,41-50세,건설기계,상해없음,사업용,렌터카,렌터카,사업용,기타/건설기계,기타/건설기계,고속국도,단일로,기타단일로,맑음,포장,건조,0,1,1,0
20170705,15시,경기,고양시,수,중상,차대차,측면충돌,측면충돌,기타,기타불명,불명,불명,기타불명,여,41-50세,승용차,중상,불명,불명,불명,비사업용,승용차,승용차,고속국도,단일로,기타단일로,맑음,포장,건조,0,1,0,0
20170705,16시,전남,장성군,수,경상,차대차,추돌,추돌,안전운전 의무 불이행,기타불명,불명,승용차,기타불명,남,41-50세,화물차,경상,비사업용,승용차,승용차,비사업용,화물차,화물차,고속국도,단일로,기타단일로,맑음,포장,건조,0,0,2,0
20170705,18시,충남,천안시,수,사망,차대차,추돌,추돌,안전운전 의무 불이행,남,61-64세,화물차,사망,남,21-30세,화물차,경상,사업용,화물차,화물차,사업용,화물차,화물차,고속국도,단일로,기타단일로,맑음,포장,건조,1,0,1,0
20170705,22시,충북,청주시,수,경상,차대차,측면충돌,측면충돌,안전운전 의무 불이행,남,51-60세,특수차,상해없음,남,21-30세,화물차,경상,사업용,화물차,화물차,사업용,화물차,화물차,고속국도,단일로,기타단일로,맑음,포장,건조,0,0,2,0
20170705,23시,경기,성남시,수,경상,차대차,추돌,추돌,안전운전 의무 불이행,남,31-40세,승용차,상해없음,남,41-50세,승용차,상해없음,비사업용,승용차,승용차,사업용,렌터카,렌터카,고속국도,단일로,기타단일로,맑음,포장,건조,0,0,2,0
20170706,01시,경남,함양군,목,사망,차대차,추돌,추돌,안전운전 의무 불이행,남,51-60세,화물차,상해없음,남,41-50세,화물차,사망,사업용,화물차,화물차,사업용,화물차,화물차,고속국도,단일로,기타단일로,맑음,포장,건조,1,0,1,0
20170706,04시,경기,용인시,목,사망,차대차,기타,기타,안전운전 의무 불이행,남,41-50세,화물차,사망,남,51-60세,화물차,경상,비사업용,화물차,화물차,사업용,화물차,화물차,고속국도,기타,기타,맑음,포장,건조,1,0,1,0
20170706,08시,경기,성남시,목,중상,차대차,기타,기타,안전운전 의무 불이행,남,31-40세,화물차,상해없음,남,41-50세,승용차,중상,사업용,화물차,화물차,비사업용,승용차,승용차,고속국도,단일로,기타단일로,맑음,포장,건조,0,1,0,0
20170706,09시,경기,양주시,목,경상,차대차,측면충돌,측면충돌,기타,남,21-30세,승용차,상해없음,남,51-60세,승용차,경상,비사업용,승용차,승용차,사업용,택시,개인택시,고속국도,단일로,기타단일로,맑음,포장,건조,0,0,3,0
20170706,12시,경기,안성시,목,사망,차대차,추돌,추돌,안전운전 의무 불이행,남,21-30세,화물차,사망,남,51-60세,화물차,상해없음,비사업용,화물차,화물차,사업용,화물차,화물차,고속국도,단일로,기타단일로,맑음,포장,건조,1,0,0,0
20170706,14시,대구,동구,목,중상,차대차,기타,기타,안전운전 의무 불이행,남,51-60세,승용차,상해없음,남,41-50세,승용차,경상,비사업용,승용차,승용차,비사업용,승용차,승용차,고속국도,단일로,기타단일로,맑음,포장,건조,0,1,1,0
20170706,18시,경기,시흥시,목,경상,차대차,측면충돌,측면충돌,기타,남,41-50세,승합차,상해없음,남,41-50세,화물차,경상,사업용,노선버스,고속버스,비사업용,화물차,화물차,고속국도,단일로,기타단일로,흐림,포장,건조,0,0,3,1
20170706,19시,경남,사천시,목,경상,차대차,추돌,추돌,안전운전 의무 불이행,여,51-60세,승용차,상해없음,여,21-30세,승용차,경상,비사업용,승용차,승용차,사업용,렌터카,렌터카,고속국도,단일로,기타단일로,흐림,포장,건조,0,0,1,0
20170706,20시,인천,부평구,목,경상,차대차,추돌,추돌,안전운전 의무 불이행,여,21-30세,승용차,상해없음,남,41-50세,승용차,경상,비사업용,승용차,승용차,비사업용,승용차,승용차,고속국도,단일로,기타단일로,맑음,포장,건조,0,0,1,0
20170706,22시,경기,성남시,목,경상,차대차,기타,기타,안전거리 미확보,기타불명,불명,불명,기타불명,남,41-50세,승합차,상해없음,불명,불명,불명,사업용,노선버스,시내버스,고속국도,단일로,기타단일로,맑음,포장,건조,0,0,1,0
20170707,00시,경기,화성시,금,사망,차대차,추돌,추돌,안전운전 의무 불이행,남,51-60세,화물차,사망,남,51-60세,화물차,상해없음,사업용,화물차,화물차,비사업용,화물차,화물차,고속국도,단일로,기타단일로,맑음,포장,건조,1,1,1,0
20170707,05시,충남,천안시,금,경상,차대차,기타,기타,안전운전 의무 불이행,남,51-60세,승용차,상해없음,여,41-50세,승용차,경상,사업용,택시,개인택시,비사업용,승용차,승용차,고속국도,단일로,기타단일로,맑음,포장,건조,0,0,4,0
20170707,08시,경기,성남시,금,경상,차대차,측면충돌,측면충돌,안전운전 의무 불이행,남,21-30세,승용차,상해없음,남,31-40세,승용차,경상,사업용,렌터카,렌터카,비사업용,승용차,승용차,고속국도,단일로,기타단일로,맑음,포장,건조,0,0,1,0
20170707,10시,전남,담양군,금,경상,차대차,측면충돌,측면충돌,안전운전 의무 불이행,남,21-30세,화물차,상해없음,여,41-50세,화물차,경상,비사업용,화물차,화물차,비사업용,화물차,화물차,고속국도,단일로,기타단일로,맑음,포장,건조,0,0,1,0
20170707,12시,충북,충주시,금,중상,차대차,추돌,추돌,안전운전 의무 불이행,남,61-64세,승합차,상해없음,남,41-50세,승용차,경상,사업용,전세버스,전세버스,비사업용,승용차,승용차,고속국도,단일로,기타단일로,비,포장,젖음/습기,0,1,1,0
20170707,17시,경남,함안군,금,경상,차대차,추돌,추돌,안전운전 의무 불이행,남,31-40세,승용차,상해없음,남,51-60세,화물차,경상,비사업용,승용차,승용차,비사업용,화물차,화물차,고속국도,단일로,기타단일로,맑음,포장,건조,0,0,3,0
20170707,17시,경북,상주시,금,중상,차대차,측면충돌,측면충돌,안전운전 의무 불이행,여,41-50세,승용차,상해없음,남,51-60세,화물차,중상,사업용,렌터카,렌터카,사업용,화물차,화물차,고속국도,단일로,기타단일로,맑음,포장,건조,0,1,0,0
20170707,17시,인천,계양구,금,경상,차대차,추돌,추돌,안전거리 미확보,남,51-60세,승용차,상해없음,여,51-60세,승용차,경상,비사업용,승용차,승용차,비사업용,승용차,승용차,고속국도,단일로,기타단일로,맑음,포장,건조,0,0,1,0
20170707,19시,경기,시흥시,금,경상,차대차,기타,기타,기타,남,31-40세,승용차,상해없음,남,41-50세,승용차,상해없음,사업용,렌터카,렌터카,비사업용,승용차,승용차,고속국도,단일로,기타단일로,비,포장,젖음/습기,0,0,1,0
20170707,19시,경북,상주시,금,경상,차대차,기타,기타,안전운전 의무 불이행,기타불명,불명,불명,기타불명,여,51-60세,승용차,경상,불명,불명,불명,비사업용,승용차,승용차,고속국도,단일로,기타단일로,맑음,포장,건조,0,0,2,0
20170707,20시,경기,용인시,금,경상,차대차,측면충돌,측면충돌,안전거리 미확보,여,31-40세,화물차,상해없음,남,51-60세,승용차,경상,사업용,화물차,화물차,비사업용,승용차,승용차,고속국도,단일로,기타단일로,비,포장,젖음/습기,0,0,1,0
20170707,21시,경기,안산시,금,경상,차대차,측면충돌,측면충돌,안전거리 미확보,남,65세이상,화물차,상해없음,남,51-60세,승용차,경상,사업용,화물차,화물차,비사업용,승용차,승용차,고속국도,단일로,교량위,비,포장,젖음/습기,0,0,2,0
20170707,23시,전북,익산시,금,중상,차대차,추돌,추돌,안전운전 의무 불이행,남,31-40세,승용차,상해없음,남,31-40세,승용차,중상,비사업용,승용차,승용차,비사업용,승용차,승용차,고속국도,단일로,기타단일로,흐림,포장,건조,0,1,0,0
20170708,04시,경기,수원시,토,부상신고,차대차,측면충돌,측면충돌,안전운전 의무 불이행,남,41-50세,화물차,부상신고,남,31-40세,승용차,부상신고,사업용,화물차,화물차,비사업용,승용차,승용차,고속국도,단일로,기타단일로,맑음,포장,건조,0,0,0,2
20170708,05시,경북,의성군,토,중상,차량단독,공작물충돌,공작물충돌,안전운전 의무 불이행,여,31-40세,승용차,중상,없음,불명,없음,없음,비사업용,승용차,승용차,없음,없음,없음,고속국도,단일로,기타단일로,맑음,포장,건조,0,1,0,0
20170708,05시,부산,강서구,토,중상,차대차,추돌,추돌,안전거리 미확보,남,31-40세,승용차,상해없음,남,65세이상,화물차,중상,비사업용,승용차,승용차,비사업용,화물차,화물차,고속국도,단일로,기타단일로,흐림,포장,젖음/습기,0,1,0,0
20170708,07시,전북,남원시,토,사망,차대차,정면충돌,정면충돌,안전운전 의무 불이행,여,65세이상,승용차,상해없음,남,31-40세,승용차,사망,비사업용,승용차,승용차,비사업용,승용차,승용차,고속국도,단일로,기타단일로,비,포장,젖음/습기,1,1,2,0
20170708,14시,대구,북구,토,중상,차대차,추돌,추돌,안전운전 의무 불이행,남,31-40세,승용차,상해없음,남,31-40세,승용차,중상,비사업용,승용차,승용차,비사업용,승용차,승용차,고속국도,단일로,기타단일로,맑음,포장,건조,0,2,1,0
20170708,16시,충남,천안시,토,경상,차대차,추돌,추돌,안전운전 의무 불이행,여,51-60세,승용차,상해없음,여,51-60세,승용차,상해없음,비사업용,승용차,승용차,비사업용,승용차,승용차,고속국도,단일로,기타단일로,맑음,포장,건조,0,0,1,0
20170708,19시,경북,경주시,토,경상,차대차,측면충돌,측면충돌,안전거리 미확보,남,51-60세,화물차,상해없음,여,31-40세,승용차,경상,사업용,화물차,화물차,비사업용,승용차,승용차,고속국도,단일로,기타단일로,맑음,포장,건조,0,0,4,0
20170708,21시,강원,원주시,토,중상,차대차,정면충돌,정면충돌,안전운전 의무 불이행,남,51-60세,승합차,상해없음,남,65세이상,승용차,중상,사업용,노선버스,고속버스,비사업용,승용차,승용차,고속국도,단일로,기타단일로,흐림,포장,건조,0,1,0,0
20170708,21시,경기,안성시,토,경상,차대차,기타,기타,안전운전 의무 불이행,기타불명,불명,불명,기타불명,남,21-30세,승용차,경상,불명,불명,불명,비사업용,승용차,승용차,고속국도,단일로,기타단일로,흐림,포장,건조,0,0,1,0
20170709,04시,충북,청주시,일,경상,차대차,추돌,추돌,안전운전 의무 불이행,남,21-30세,승용차,상해없음,남,41-50세,화물차,경상,사업용,렌터카,렌터카,사업용,화물차,화물차,고속국도,단일로,기타단일로,흐림,포장,건조,0,0,2,0
20170709,05시,경기,용인시,일,경상,차대차,측면충돌,측면충돌,안전운전 의무 불이행,남,41-50세,승용차,상해없음,남,31-40세,승용차,경상,비사업용,승용차,승용차,비사업용,승용차,승용차,고속국도,단일로,기타단일로,비,포장,젖음/습기,0,0,1,0
20170709,10시,강원,강릉시,일,중상,차대차,추돌,추돌,안전운전 의무 불이행,남,31-40세,승용차,상해없음,남,51-60세,승용차,중상,비사업용,승용차,승용차,비사업용,승용차,승용차,고속국도,단일로,터널안,맑음,포장,건조,0,1,1,0
20170709,12시,강원,춘천시,일,중상,차대차,추돌,추돌,안전거리 미확보,남,41-50세,승용차,경상,남,41-50세,승용차,상해없음,비사업용,승용차,승용차,비사업용,승용차,승용차,고속국도,단일로,터널안,맑음,포장,건조,0,1,5,0
20170709,13시,경기,광주시,일,경상,차대차,추돌,추돌,안전거리 미확보,남,21-30세,승용차,상해없음,여,31-40세,승용차,경상,비사업용,승용차,승용차,비사업용,승용차,승용차,고속국도,단일로,기타단일로,맑음,포장,건조,0,0,11,0
20170709,14시,강원,횡성군,일,경상,차대차,기타,기타,안전운전 의무 불이행,남,31-40세,승용차,상해없음,남,31-40세,승용차,상해없음,비사업용,승용차,승용차,사업용,렌터카,렌터카,고속국도,기타,기타,맑음,포장,건조,0,0,1,0
20170709,14시,서울,서초구,일,사망,차대차,추돌,추돌,안전운전 의무 불이행,남,41-50세,승합차,상해없음,남,51-60세,승용차,사망,사업용,노선버스,시외버스,비사업용,승용차,승용차,고속국도,단일로,기타단일로,비,포장,젖음/습기,2,4,9,1
20170709,15시,충남,당진시,일,중상,차대차,추돌,추돌,안전운전 의무 불이행,남,41-50세,승용차,상해없음,남,41-50세,승용차,중상,사업용,렌터카,렌터카,비사업용,승용차,승용차,고속국도,단일로,기타단일로,흐림,포장,젖음/습기,0,4,5,0
20170709,16시,강원,평창군,일,중상,차대차,기타,기타,안전거리 미확보,남,21-30세,승용차,상해없음,남,21-30세,승용차,중상,비사업용,승용차,승용차,사업용,렌터카,렌터카,고속국도,단일로,터널안,맑음,포장,건조,0,1,0,0
20170709,16시,경북,안동시,일,경상,차대차,추돌,추돌,안전운전 의무 불이행,남,20세이하,승용차,상해없음,남,31-40세,승용차,경상,비사업용,승용차,승용차,비사업용,승용차,승용차,고속국도,단일로,기타단일로,맑음,포장,건조,0,0,2,0
20170709,17시,경기,군포시,일,경상,차대차,측면충돌,측면충돌,안전운전 의무 불이행,남,41-50세,승용차,상해없음,남,21-30세,승용차,경상,비사업용,승용차,승용차,비사업용,승용차,승용차,고속국도,단일로,기타단일로,맑음,포장,건조,0,0,2,0
20170709,21시,경기,김포시,일,경상,차대차,추돌,추돌,안전운전 의무 불이행,남,61-64세,승용차,상해없음,남,31-40세,승용차,경상,비사업용,승용차,승용차,비사업용,승용차,승용차,고속국도,단일로,기타단일로,비,포장,젖음/습기,0,0,3,0
20170709,21시,서울,금천구,일,경상,차대차,추돌,추돌,안전거리 미확보,남,61-64세,승용차,상해없음,남,41-50세,화물차,경상,사업용,택시,법인택시,사업용,화물차,화물차,고속국도,단일로,기타단일로,비,포장,젖음/습기,0,0,4,0
20170709,22시,경남,김해시,일,중상,차대차,기타,기타,안전거리 미확보,남,21-30세,승용차,상해없음,여,51-60세,승용차,중상,사업용,렌터카,렌터카,비사업용,승용차,승용차,고속국도,단일로,기타단일로,맑음,포장,건조,0,1,0,0
20170710,00시,인천,연수구,월,경상,차대차,추돌,추돌,안전운전 의무 불이행,남,21-30세,승용차,상해없음,남,31-40세,화물차,경상,비사업용,승용차,승용차,사업용,화물차,화물차,고속국도,단일로,교량위,비,포장,젖음/습기,0,0,1,0
20170710,07시,강원,강릉시,월,경상,차대차,추돌,추돌,안전거리 미확보,남,31-40세,승합차,경상,남,41-50세,화물차,경상,비사업용,버스,버스,사업용,화물차,화물차,고속국도,단일로,기타단일로,맑음,포장,건조,0,0,2,0
20170710,12시,인천,부평구,월,경상,차대차,추돌,추돌,안전거리 미확보,남,41-50세,화물차,상해없음,남,31-40세,화물차,경상,비사업용,화물차,화물차,비사업용,화물차,화물차,고속국도,단일로,교량위,비,포장,젖음/습기,0,0,1,0
20170710,13시,경기,용인시,월,경상,차대차,기타,기타,안전운전 의무 불이행,남,20세이하,승용차,상해없음,남,20세이하,승용차,경상,사업용,렌터카,렌터카,비사업용,승용차,승용차,고속국도,단일로,기타단일로,비,포장,젖음/습기,0,0,3,0
20170710,16시,경기,성남시,월,경상,차대차,측면충돌,측면충돌,과속,남,51-60세,승용차,상해없음,남,51-60세,승합차,상해없음,사업용,택시,법인택시,사업용,노선버스,시내버스,고속국도,단일로,기타단일로,비,포장,젖음/습기,0,0,1,0
20170710,16시,경기,용인시,월,중상,차대차,측면충돌,측면충돌,안전운전 의무 불이행,남,31-40세,승용차,중상,남,21-30세,승용차,경상,비사업용,승용차,승용차,사업용,렌터카,렌터카,고속국도,단일로,기타단일로,비,포장,젖음/습기,0,3,6,5
20170710,17시,부산,강서구,월,경상,차대차,기타,기타,안전거리 미확보,남,41-50세,특수차,상해없음,남,21-30세,승용차,경상,사업용,화물차,화물차,비사업용,승용차,승용차,고속국도,단일로,기타단일로,맑음,포장,건조,0,0,1,0
20170710,18시,경기,여주시,월,사망,차대차,측면충돌,측면충돌,중앙선 침범,남,51-60세,승합차,상해없음,남,21-30세,승용차,사망,사업용,노선버스,고속버스,비사업용,승용차,승용차,고속국도,단일로,기타단일로,흐림,포장,젖음/습기,1,1,0,0
20170710,21시,인천,남동구,월,경상,차대차,추돌,추돌,안전운전 의무 불이행,남,51-60세,화물차,상해없음,남,21-30세,승용차,경상,비사업용,화물차,화물차,비사업용,승용차,승용차,고속국도,단일로,기타단일로,비,포장,젖음/습기,0,0,1,0
20170710,22시,경기,성남시,월,사망,차량단독,전도전복,전도전복,안전운전 의무 불이행,남,21-30세,승용차,중상,없음,불명,없음,없음,사업용,렌터카,렌터카,없음,없음,없음,고속국도,단일로,기타단일로,비,포장,젖음/습기,2,1,0,0
20170710,23시,충북,청주시,월,중상,차대차,측면충돌,측면충돌,안전운전 의무 불이행,여,21-30세,승용차,경상,남,21-30세,승용차,중상,비사업용,승용차,승용차,비사업용,승용차,승용차,고속국도,단일로,기타단일로,비,포장,젖음/습기,0,1,1,0
20170711,00시,인천,부평구,화,중상,차대차,추돌,추돌,안전운전 의무 불이행,여,41-50세,승용차,상해없음,남,61-64세,화물차,중상,비사업용,승용차,승용차,비사업용,화물차,화물차,고속국도,단일로,기타단일로,비,포장,젖음/습기,0,1,0,0
20170711,08시,경기,의왕시,화,중상,차대차,기타,기타,기타,기타불명,불명,불명,기타불명,남,41-50세,승합차,상해없음,불명,불명,불명,사업용,노선버스,시외버스,고속국도,단일로,기타단일로,맑음,포장,건조,0,1,0,0
20170711,08시,경북,경산시,화,경상,차대차,측면충돌,측면충돌,안전운전 의무 불이행,남,31-40세,특수차,상해없음,여,21-30세,승용차,경상,사업용,화물차,화물차,비사업용,승용차,승용차,고속국도,단일로,기타단일로,맑음,포장,건조,0,0,2,0
20170711,09시,경기,시흥시,화,중상,차대차,기타,기타,안전운전 의무 불이행,남,31-40세,특수차,상해없음,남,41-50세,화물차,중상,사업용,화물차,화물차,비사업용,화물차,화물차,고속국도,단일로,기타단일로,맑음,포장,건조,0,3,1,0
20170711,09시,경기,양주시,화,경상,차대차,추돌,추돌,안전거리 미확보,남,41-50세,승용차,부상신고,여,41-50세,승용차,경상,사업용,택시,법인택시,비사업용,승용차,승용차,고속국도,단일로,터널안,맑음,포장,건조,0,0,1,1
20170711,12시,강원,평창군,화,경상,차대차,기타,기타,안전운전 의무 불이행,여,51-60세,승용차,상해없음,남,41-50세,특수차,경상,비사업용,승용차,승용차,사업용,화물차,화물차,고속국도,단일로,기타단일로,맑음,포장,건조,0,0,1,0
20170711,21시,충남,당진시,화,중상,차대차,추돌,추돌,안전운전 의무 불이행,남,31-40세,승용차,상해없음,남,51-60세,승용차,중상,비사업용,승용차,승용차,비사업용,승용차,승용차,고속국도,단일로,기타단일로,흐림,포장,젖음/습기,0,1,1,0
20170712,00시,충북,옥천군,수,사망,차대차,추돌,추돌,안전운전 의무 불이행,남,61-64세,화물차,사망,남,41-50세,특수차,중상,사업용,화물차,화물차,사업용,화물차,화물차,고속국도,단일로,기타단일로,맑음,포장,건조,1,1,2,0
20170712,02시,경기,성남시,수,중상,차대차,추돌,추돌,안전운전 의무 불이행,남,51-60세,승용차,상해없음,남,41-50세,승용차,중상,사업용,택시,개인택시,비사업용,승용차,승용차,고속국도,단일로,기타단일로,흐림,포장,젖음/습기,0,1,1,0
20170712,02시,경북,구미시,수,중상,차대차,추돌,추돌,안전운전 의무 불이행,여,41-50세,승용차,중상,남,65세이상,화물차,상해없음,비사업용,승용차,승용차,사업용,화물차,화물차,고속국도,단일로,기타단일로,맑음,포장,건조,0,1,0,0
20170712,07시,충남,천안시,수,중상,차대차,측면충돌,측면충돌,과속,남,31-40세,승용차,상해없음,남,61-64세,승합차,경상,비사업용,승용차,승용차,사업용,전세버스,전세버스,고속국도,단일로,기타단일로,맑음,포장,건조,0,2,9,0
20170712,08시,경기,가평군,수,중상,차대차,추돌,추돌,안전운전 의무 불이행,남,51-60세,화물차,경상,남,41-50세,화물차,중상,비사업용,화물차,화물차,비사업용,화물차,화물차,고속국도,단일로,터널안,맑음,포장,건조,0,1,1,0
20170712,14시,부산,강서구,수,경상,차대차,추돌,추돌,안전운전 의무 불이행,남,65세이상,승용차,경상,남,31-40세,화물차,경상,비사업용,승용차,승용차,비사업용,화물차,화물차,고속국도,단일로,터널안,맑음,포장,건조,0,0,2,0
20170712,15시,경기,성남시,수,경상,차대차,기타,기타,안전운전 의무 불이행,여,51-60세,승용차,경상,여,41-50세,승용차,상해없음,비사업용,승용차,승용차,비사업용,승용차,승용차,고속국도,단일로,기타단일로,맑음,포장,건조,0,0,1,0
20170712,15시,경남,김해시,수,중상,차대차,측면충돌,측면충돌,안전운전 의무 불이행,여,21-30세,승용차,상해없음,남,31-40세,화물차,중상,비사업용,승용차,승용차,비사업용,화물차,화물차,고속국도,단일로,기타단일로,맑음,포장,건조,0,1,0,0
20170712,17시,인천,부평구,수,중상,차대차,추돌,추돌,안전거리 미확보,남,31-40세,승용차,상해없음,남,51-60세,승용차,중상,비사업용,승용차,승용차,비사업용,승용차,승용차,고속국도,단일로,기타단일로,맑음,포장,건조,0,1,0,0
20170712,23시,경기,군포시,수,경상,차대차,측면충돌,측면충돌,안전운전 의무 불이행,남,41-50세,화물차,상해없음,남,31-40세,승용차,경상,사업용,화물차,화물차,비사업용,승용차,승용차,고속국도,단일로,기타단일로,맑음,포장,건조,0,0,1,0
20170713,00시,경기,시흥시,목,경상,차대차,추돌,추돌,안전거리 미확보,남,31-40세,승용차,상해없음,남,51-60세,화물차,경상,사업용,렌터카,렌터카,사업용,화물차,화물차,고속국도,단일로,교량위,맑음,포장,건조,0,0,1,0
20170713,01시,충남,천안시,목,중상,차대차,추돌,추돌,안전운전 의무 불이행,남,51-60세,승용차,상해없음,남,31-40세,승용차,경상,사업용,택시,법인택시,비사업용,승용차,승용차,고속국도,단일로,기타단일로,맑음,포장,건조,0,1,1,0
20170713,08시,경기,성남시,목,경상,차대차,추돌,추돌,안전운전 의무 불이행,남,51-60세,승용차,상해없음,여,51-60세,승용차,경상,사업용,택시,법인택시,비사업용,승용차,승용차,고속국도,단일로,기타단일로,맑음,포장,건조,0,0,2,0
20170713,12시,경기,시흥시,목,중상,차대차,추돌,추돌,안전운전 의무 불이행,남,21-30세,화물차,상해없음,남,51-60세,승용차,중상,비사업용,화물차,화물차,비사업용,승용차,승용차,고속국도,단일로,기타단일로,맑음,포장,건조,0,1,0,0