발생일,발생시간,발생지_시도,발생지_시군구,요일,사고내용,사고유형_대분류,사고유형_중분류,사고유형,가해자법규위반,가해자성별,가해자연령,가해당사자종별,가해자신체상해정도,피해자성별,피해자연령,피해당사자종별,피해자신체상해정도,가해차량용도_대분류,가해차량용도_중분류,가해차량용도,피해차량용도_대분류,피해차량용도_중분류,피해차량용도,도로종류,도로형태_대분류,도로형태,기상상태,노면상태_대분류,노면상태,사망자수,중상자수,경상자수,부상신고자수
20170713,14시,경기,안산시,목,중상,차대차,측면충돌,측면충돌,안전거리 미확보,여,41-50세,승용차,상해없음,남,51-60세,화물차,상해없음,비사업용,승용차,승용차,사업용,화물차,화물차,고속국도,단일로,기타단일로,맑음,포장,건조,0,1,0,0
20170713,14시,부산,강서구,목,경상,차대차,기타,기타,안전운전 의무 불이행,남,51-60세,승용차,상해없음,남,51-60세,특수차,상해없음,사업용,택시,법인택시,사업용,화물차,화물차,고속국도,단일로,기타단일로,맑음,포장,건조,0,0,1,0
20170713,16시,경기,화성시,목,중상,차대차,추돌,추돌,안전운전 의무 불이행,남,65세이상,화물차,상해없음,남,61-64세,화물차,중상,사업용,화물차,화물차,사업용,화물차,화물차,고속국도,단일로,기타단일로,맑음,포장,건조,0,2,0,0
20170713,16시,전북,장수군,목,사망,차대차,기타,기타,안전운전 의무 불이행,남,51-60세,승용차,상해없음,남,불명,화물차,기타불명,비사업용,승용차,승용차,비사업용,화물차,화물차,고속국도,단일로,터널안,맑음,포장,건조,1,1,0,0
20170713,16시,충남,천안시,목,경상,차대차,추돌,추돌,안전운전 의무 불이행,남,41-50세,화물차,상해없음,여,21-30세,승용차,경상,비사업용,화물차,화물차,비사업용,승용차,승용차,고속국도,단일로,터널안,맑음,포장,건조,0,0,2,0
20170713,16시,충북,보은군,목,중상,차대차,기타,기타,안전운전 의무 불이행,남,31-40세,화물차,상해없음,남,51-60세,화물차,경상,비사업용,화물차,화물차,사업용,화물차,화물차,고속국도,기타,기타,맑음,포장,건조,0,1,4,0
20170713,17시,경기,오산시,목,경상,차대차,추돌,추돌,안전거리 미확보,남,51-60세,화물차,상해없음,남,65세이상,화물차,경상,비사업용,화물차,화물차,비사업용,화물차,화물차,고속국도,단일로,기타단일로,맑음,포장,건조,0,0,2,0
20170713,18시,경기,부천시,목,경상,차량단독,공작물충돌,공작물충돌,안전운전 의무 불이행,남,51-60세,승합차,상해없음,없음,불명,없음,없음,사업용,노선버스,시외버스,없음,없음,없음,고속국도,단일로,기타단일로,맑음,포장,건조,0,0,2,0
20170713,19시,경북,경주시,목,경상,차대차,추돌,추돌,안전운전 의무 불이행,남,51-60세,승용차,상해없음,남,51-60세,화물차,경상,사업용,택시,법인택시,비사업용,화물차,화물차,고속국도,단일로,기타단일로,맑음,포장,건조,0,0,1,0
20170713,21시,경기,군포시,목,경상,차대차,측면충돌,측면충돌,안전운전 의무 불이행,남,41-50세,승용차,경상,남,41-50세,승용차,경상,비사업용,승용차,승용차,비사업용,승용차,승용차,고속국도,단일로,기타단일로,맑음,포장,건조,0,0,3,0
20170714,11시,인천,계양구,금,사망,차대차,추돌,추돌,안전운전 의무 불이행,남,31-40세,화물차,사망,남,41-50세,승용차,경상,비사업용,화물차,화물차,사업용,렌터카,렌터카,고속국도,단일로,기타단일로,맑음,포장,건조,1,0,1,0
20170714,12시,경기,오산시,금,경상,차대차,추돌,추돌,안전운전 의무 불이행,남,21-30세,승용차,상해없음,남,31-40세,승용차,경상,비사업용,승용차,승용차,비사업용,승용차,승용차,고속국도,단일로,기타단일로,흐림,포장,건조,0,0,2,0
20170714,14시,충남,천안시,금,경상,차대차,추돌,추돌,안전운전 의무 불이행,남,21-30세,승용차,상해없음,남,21-30세,승용차,경상,비사업용,승용차,승용차,비사업용,승용차,승용차,고속국도,단일로,기타단일로,맑음,포장,건조,0,0,2,0
20170714,15시,대구,북구,금,경상,차대차,기타,기타,안전운전 의무 불이행,기타불명,불명,기타,기타불명,남,31-40세,승용차,경상,기타,기타,기타,비사업용,승용차,승용차,고속국도,단일로,기타단일로,맑음,포장,건조,0,0,2,0
20170714,16시,강원,원주시,금,중상,차대차,측면충돌,측면충돌,안전운전 의무 불이행,남,51-60세,승용차,상해없음,남,41-50세,화물차,중상,비사업용,승용차,승용차,비사업용,화물차,화물차,고속국도,단일로,기타단일로,맑음,포장,건조,0,3,2,0
20170714,17시,전남,담양군,금,사망,차량단독,도로이탈,도로이탈 추락,안전운전 의무 불이행,남,51-60세,승용차,사망,없음,불명,없음,없음,비사업용,승용차,승용차,없음,없음,없음,고속국도,단일로,기타단일로,비,포장,젖음/습기,1,0,0,0
20170714,18시,경남,김해시,금,경상,차대차,측면충돌,측면충돌,안전거리 미확보,남,51-60세,승용차,상해없음,남,21-30세,승용차,경상,비사업용,승용차,승용차,비사업용,승용차,승용차,고속국도,단일로,기타단일로,맑음,포장,건조,0,0,1,0
20170715,01시,경기,안양시,토,경상,차대차,측면충돌,측면충돌,안전거리 미확보,남,20세이하,승용차,경상,남,31-40세,승용차,경상,비사업용,승용차,승용차,비사업용,승용차,승용차,고속국도,단일로,교량위,흐림,포장,젖음/습기,0,0,2,0
20170715,04시,인천,부평구,토,중상,차대차,추돌,추돌,기타,남,51-60세,승용차,상해없음,남,21-30세,승용차,중상,사업용,택시,개인택시,비사업용,승용차,승용차,고속국도,단일로,기타단일로,비,포장,젖음/습기,0,2,0,0
20170715,06시,인천,중구,토,경상,차대차,기타,기타,안전운전 의무 불이행,여,51-60세,화물차,상해없음,남,41-50세,화물차,경상,비사업용,화물차,화물차,비사업용,화물차,화물차,고속국도,단일로,기타단일로,맑음,포장,건조,0,0,1,0
20170715,09시,인천,서구,토,경상,차대차,기타,기타,안전거리 미확보,남,51-60세,화물차,상해없음,남,21-30세,승용차,경상,비사업용,화물차,화물차,비사업용,승용차,승용차,고속국도,단일로,기타단일로,맑음,포장,건조,0,0,1,0
20170715,14시,경기,이천시,토,중상,차대차,측면충돌,측면충돌,안전운전 의무 불이행,남,21-30세,승용차,경상,남,51-60세,승용차,중상,비사업용,승용차,승용차,비사업용,승용차,승용차,고속국도,단일로,기타단일로,비,포장,젖음/습기,0,2,2,0
20170715,16시,충남,천안시,토,경상,차대차,추돌,추돌,안전운전 의무 불이행,남,21-30세,승용차,경상,남,51-60세,승용차,상해없음,비사업용,승용차,승용차,비사업용,승용차,승용차,고속국도,단일로,기타단일로,맑음,포장,건조,0,0,8,0
20170715,17시,경기,화성시,토,중상,차대차,측면충돌,측면충돌,안전운전 의무 불이행,남,21-30세,승용차,부상신고,남,51-60세,승용차,경상,비사업용,승용차,승용차,비사업용,승용차,승용차,고속국도,단일로,기타단일로,비,포장,젖음/습기,0,1,5,1
20170715,18시,충북,보은군,토,중상,차대차,추돌,추돌,안전운전 의무 불이행,남,31-40세,승합차,상해없음,남,31-40세,승용차,중상,비사업용,버스,버스,비사업용,승용차,승용차,고속국도,단일로,터널안,흐림,포장,건조,0,1,0,0
20170715,19시,경기,안양시,토,경상,차대차,측면충돌,측면충돌,안전운전 의무 불이행,남,41-50세,승용차,상해없음,남,31-40세,승용차,경상,비사업용,승용차,승용차,비사업용,승용차,승용차,고속국도,단일로,기타단일로,비,포장,젖음/습기,0,0,2,0
20170715,22시,경기,화성시,토,중상,차대차,측면충돌,측면충돌,안전운전 의무 불이행,남,21-30세,승용차,경상,남,51-60세,승합차,상해없음,비사업용,승용차,승용차,사업용,노선버스,시외버스,고속국도,단일로,기타단일로,비,포장,젖음/습기,0,3,1,0
20170715,23시,경기,시흥시,토,중상,차대차,추돌,추돌,안전운전 의무 불이행,남,31-40세,승용차,상해없음,남,31-40세,승용차,경상,비사업용,승용차,승용차,비사업용,승용차,승용차,고속국도,단일로,기타단일로,비,포장,젖음/습기,0,1,5,0
20170716,00시,경북,김천시,일,경상,차대차,추돌,추돌,안전운전 의무 불이행,남,21-30세,승용차,상해없음,남,41-50세,화물차,경상,비사업용,승용차,승용차,사업용,화물차,화물차,고속국도,단일로,기타단일로,맑음,포장,건조,0,0,1,0
20170716,01시,경기,성남시,일,중상,차대차,기타,기타,안전운전 의무 불이행,남,61-64세,승용차,상해없음,남,65세이상,화물차,중상,사업용,택시,법인택시,사업용,화물차,화물차,고속국도,단일로,기타단일로,비,포장,젖음/습기,0,1,0,0
20170716,02시,경기,안양시,일,경상,차대차,추돌,추돌,안전운전 의무 불이행,남,21-30세,승용차,상해없음,여,31-40세,승용차,경상,비사업용,승용차,승용차,비사업용,승용차,승용차,고속국도,단일로,기타단일로,비,포장,젖음/습기,0,0,2,1
20170716,03시,경기,성남시,일,경상,차량단독,기타,기타,안전운전 의무 불이행,남,61-64세,승용차,상해없음,없음,불명,없음,없음,사업용,택시,법인택시,없음,없음,없음,고속국도,단일로,기타단일로,비,포장,젖음/습기,0,0,2,0
20170716,04시,경기,부천시,일,중상,차량단독,공작물충돌,공작물충돌,기타,남,31-40세,승용차,상해없음,없음,불명,없음,없음,사업용,택시,법인택시,없음,없음,없음,고속국도,단일로,기타단일로,비,포장,젖음/습기,0,1,0,0
20170716,04시,인천,미추홀구,일,경상,차대차,추돌,추돌,안전운전 의무 불이행,남,51-60세,승용차,부상신고,남,41-50세,승용차,경상,사업용,택시,법인택시,비사업용,승용차,승용차,고속국도,단일로,기타단일로,비,포장,젖음/습기,0,0,2,1
20170716,05시,충북,음성군,일,경상,차대차,추돌,추돌,안전운전 의무 불이행,남,21-30세,승용차,상해없음,남,21-30세,승용차,경상,비사업용,승용차,승용차,사업용,렌터카,렌터카,고속국도,기타,기타,비,포장,젖음/습기,0,0,4,0
20170716,06시,경기,성남시,일,경상,차량단독,기타,기타,안전운전 의무 불이행,남,31-40세,승용차,상해없음,없음,불명,없음,없음,사업용,택시,법인택시,없음,없음,없음,고속국도,단일로,기타단일로,흐림,포장,건조,0,0,1,0
20170716,08시,충북,진천군,일,사망,차량단독,공작물충돌,공작물충돌,안전운전 의무 불이행,남,31-40세,승용차,사망,없음,불명,없음,없음,비사업용,승용차,승용차,없음,없음,없음,고속국도,단일로,기타단일로,비,포장,젖음/습기,2,0,0,0
20170716,13시,경북,문경시,일,중상,차량단독,기타,기타,안전운전 의무 불이행,남,51-60세,화물차,중상,없음,불명,없음,없음,비사업용,화물차,화물차,없음,없음,없음,고속국도,단일로,기타단일로,비,포장,젖음/습기,0,1,0,0
20170716,15시,경기,고양시,일,중상,차대차,측면충돌,측면충돌,안전거리 미확보,여,41-50세,화물차,상해없음,남,41-50세,승용차,중상,비사업용,화물차,화물차,비사업용,승용차,승용차,고속국도,단일로,기타단일로,흐림,포장,건조,0,2,3,0
20170716,15시,충북,충주시,일,사망,차대차,추돌,추돌,안전운전 의무 불이행,여,31-40세,승용차,상해없음,남,51-60세,승용차,중상,비사업용,승용차,승용차,비사업용,승용차,승용차,고속국도,단일로,기타단일로,흐림,포장,젖음/습기,1,2,6,0
20170716,21시,경북,고령군,일,경상,차대차,기타,기타,기타,남,61-64세,화물차,상해없음,남,41-50세,화물차,경상,비사업용,화물차,화물차,사업용,화물차,화물차,고속국도,단일로,기타단일로,맑음,포장,건조,0,0,1,0
20170716,22시,인천,서구,일,경상,차대차,기타,기타,중앙선 침범,남,21-30세,승용차,기타불명,남,21-30세,승용차,경상,비사업용,승용차,승용차,비사업용,승용차,승용차,고속국도,단일로,기타단일로,맑음,포장,건조,0,0,2,0
20170717,10시,경기,가평군,월,중상,차대차,측면충돌,측면충돌,안전거리 미확보,여,61-64세,승용차,상해없음,여,31-40세,승용차,중상,비사업용,승용차,승용차,비사업용,승용차,승용차,고속국도,단일로,기타단일로,맑음,포장,건조,0,2,7,0
20170717,15시,경기,광명시,월,중상,차대차,기타,기타,안전운전 의무 불이행,남,51-60세,승용차,상해없음,남,51-60세,승용차,중상,비사업용,승용차,승용차,비사업용,승용차,승용차,고속국도,단일로,기타단일로,맑음,포장,건조,0,1,0,0
20170717,17시,경기,오산시,월,경상,차대차,기타,기타,안전거리 미확보,남,51-60세,승용차,상해없음,남,31-40세,승용차,경상,비사업용,승용차,승용차,비사업용,승용차,승용차,고속국도,단일로,기타단일로,맑음,포장,건조,0,0,1,0
20170717,19시,충남,공주시,월,사망,차량단독,전도전복,전도전복,안전운전 의무 불이행,남,21-30세,승용차,사망,없음,불명,없음,없음,비사업용,승용차,승용차,없음,없음,없음,고속국도,단일로,기타단일로,맑음,포장,건조,2,0,0,0
20170718,09시,인천,남동구,화,경상,차대차,기타,기타,기타,남,51-60세,건설기계,상해없음,여,31-40세,승용차,경상,사업용,기타/건설기계,기타/건설기계,비사업용,승용차,승용차,고속국도,단일로,기타단일로,맑음,포장,건조,0,0,1,0
20170718,12시,경기,의정부시,화,경상,차대차,기타,기타,안전거리 미확보,여,65세이상,승용차,경상,남,31-40세,화물차,경상,비사업용,승용차,승용차,비사업용,화물차,화물차,고속국도,단일로,기타단일로,맑음,포장,건조,0,0,5,0
20170718,13시,경남,양산시,화,경상,차대차,추돌,추돌,안전거리 미확보,남,41-50세,특수차,상해없음,남,21-30세,승용차,경상,사업용,화물차,화물차,비사업용,승용차,승용차,고속국도,단일로,기타단일로,맑음,포장,건조,0,0,1,0
20170718,14시,경기,시흥시,화,경상,차대차,기타,기타,안전거리 미확보,남,31-40세,화물차,상해없음,남,31-40세,특수차,경상,사업용,화물차,화물차,사업용,화물차,화물차,고속국도,단일로,교량위,맑음,포장,건조,0,0,1,0
20170718,14시,경남,김해시,화,경상,차대차,추돌,추돌,안전거리 미확보,남,41-50세,특수차,상해없음,여,51-60세,승용차,경상,사업용,화물차,화물차,비사업용,승용차,승용차,고속국도,단일로,기타단일로,맑음,포장,건조,0,0,1,0
20170718,14시,경북,김천시,화,중상,차대차,추돌,추돌,안전운전 의무 불이행,남,41-50세,승용차,경상,남,41-50세,화물차,중상,사업용,렌터카,렌터카,사업용,화물차,화물차,고속국도,교차로,교차로내,맑음,포장,건조,0,1,1,0
20170718,14시,충북,청주시,화,사망,차대차,측면충돌,측면충돌,안전운전 의무 불이행,남,31-40세,승용차,상해없음,남,41-50세,화물차,사망,사업용,렌터카,렌터카,비사업용,화물차,화물차,고속국도,단일로,기타단일로,흐림,포장,건조,1,0,0,0
20170718,15시,대구,북구,화,경상,차대차,추돌,추돌,안전운전 의무 불이행,남,21-30세,승용차,상해없음,여,51-60세,승합차,경상,사업용,렌터카,렌터카,비사업용,기타/건설기계,기타/건설기계,고속국도,단일로,기타단일로,맑음,포장,건조,0,0,6,0
20170718,17시,경기,평택시,화,경상,차대차,추돌,추돌,안전운전 의무 불이행,남,41-50세,승용차,상해없음,남,31-40세,승용차,경상,비사업용,승용차,승용차,비사업용,승용차,승용차,고속국도,단일로,기타단일로,맑음,포장,건조,0,0,2,0
20170718,18시,경기,성남시,화,중상,차대차,측면충돌,측면충돌,안전운전 의무 불이행,남,51-60세,화물차,상해없음,남,61-64세,승용차,상해없음,비사업용,화물차,화물차,비사업용,승용차,승용차,고속국도,단일로,터널안,맑음,포장,건조,0,1,0,0
20170718,20시,부산,강서구,화,중상,차대차,측면충돌,측면충돌,안전거리 미확보,여,61-64세,승용차,중상,남,51-60세,화물차,경상,비사업용,승용차,승용차,비사업용,화물차,화물차,고속국도,단일로,기타단일로,맑음,포장,건조,0,1,1,0
20170718,21시,충남,천안시,화,중상,차대차,추돌,추돌,안전운전 의무 불이행,남,61-64세,화물차,상해없음,여,31-40세,승용차,중상,사업용,화물차,화물차,비사업용,승용차,승용차,고속국도,단일로,기타단일로,맑음,포장,건조,0,1,0,0
20170718,22시,충남,보령시,화,중상,차대차,추돌,추돌,안전운전 의무 불이행,남,41-50세,승용차,상해없음,남,65세이상,승용차,중상,비사업용,승용차,승용차,비사업용,승용차,승용차,고속국도,단일로,기타단일로,맑음,포장,건조,0,2,0,0
20170719,00시,부산,사상구,수,중상,차대차,측면충돌,측면충돌,안전거리 미확보,남,41-50세,특수차,상해없음,남,51-60세,승용차,경상,사업용,화물차,화물차,비사업용,승용차,승용차,고속국도,단일로,기타단일로,맑음,포장,건조,0,2,1,0
20170719,02시,강원,춘천시,수,사망,차대사람,차도통행중,차도통행중,안전운전 의무 불이행,남,51-60세,화물차,상해없음,남,21-30세,보행자,사망,사업용,화물차,화물차,보행자,보행자,보행자,고속국도,단일로,기타단일로,맑음,포장,건조,1,0,0,0
20170719,11시,경남,양산시,수,중상,차대차,측면충돌,측면충돌,안전거리 미확보,남,65세이상,화물차,상해없음,여,51-60세,승용차,중상,사업용,화물차,화물차,비사업용,승용차,승용차,고속국도,단일로,기타단일로,맑음,포장,건조,0,1,0,0
20170719,13시,경남,김해시,수,경상,차대차,측면충돌,측면충돌,안전거리 미확보,여,31-40세,승용차,상해없음,남,31-40세,승용차,경상,비사업용,승용차,승용차,비사업용,승용차,승용차,고속국도,단일로,기타단일로,맑음,포장,건조,0,0,1,0
20170719,14시,경기,용인시,수,중상,차대차,추돌,추돌,안전운전 의무 불이행,남,65세이상,화물차,상해없음,남,65세이상,화물차,중상,사업용,화물차,화물차,사업용,화물차,화물차,고속국도,단일로,기타단일로,맑음,포장,건조,0,1,0,0
20170719,16시,부산,강서구,수,중상,차대차,측면충돌,측면충돌,기타,남,51-60세,화물차,상해없음,남,31-40세,승용차,중상,비사업용,화물차,화물차,비사업용,승용차,승용차,고속국도,단일로,기타단일로,맑음,포장,건조,0,1,0,0
20170719,18시,경남,김해시,수,중상,차대차,추돌,추돌,안전운전 의무 불이행,남,51-60세,화물차,상해없음,남,51-60세,승용차,경상,사업용,화물차,화물차,비사업용,승용차,승용차,고속국도,단일로,기타단일로,맑음,포장,건조,0,2,3,0
20170719,18시,경북,영천시,수,경상,차대차,기타,기타,안전운전 의무 불이행,남,61-64세,화물차,상해없음,남,41-50세,승합차,경상,사업용,화물차,화물차,비사업용,기타/건설기계,기타/건설기계,고속국도,단일로,기타단일로,맑음,포장,건조,0,0,2,0
20170719,23시,인천,남동구,수,중상,차대차,기타,기타,안전운전 의무 불이행,남,31-40세,승용차,상해없음,남,31-40세,승용차,중상,비사업용,승용차,승용차,비사업용,승용차,승용차,고속국도,단일로,기타단일로,맑음,포장,건조,0,1,0,0
20170720,01시,인천,부평구,목,부상신고,차대차,측면충돌,측면충돌,안전거리 미확보,여,31-40세,승용차,상해없음,남,41-50세,승용차,부상신고,비사업용,승용차,승용차,비사업용,승용차,승용차,고속국도,단일로,기타단일로,맑음,포장,건조,0,0,0,4
20170720,10시,경남,밀양시,목,사망,차대차,추돌,추돌,안전거리 미확보,남,51-60세,화물차,상해없음,남,51-60세,화물차,상해없음,비사업용,화물차,화물차,사업용,화물차,화물차,고속국도,단일로,기타단일로,맑음,포장,건조,1,0,0,0
20170720,16시,경기,성남시,목,경상,차대차,기타,기타,안전운전 의무 불이행,남,31-40세,화물차,상해없음,남,51-60세,화물차,경상,비사업용,화물차,화물차,사업용,화물차,화물차,고속국도,단일로,기타단일로,맑음,포장,건조,0,0,1,0
20170720,19시,경기,시흥시,목,경상,차대차,추돌,추돌,안전운전 의무 불이행,남,31-40세,승용차,상해없음,남,21-30세,승용차,상해없음,비사업용,승용차,승용차,비사업용,승용차,승용차,고속국도,단일로,터널안,맑음,포장,건조,0,0,2,0
20170720,21시,경기,화성시,목,사망,차대차,추돌,추돌,안전운전 의무 불이행,남,51-60세,승용차,상해없음,남,65세이상,화물차,사망,사업용,택시,법인택시,사업용,화물차,화물차,고속국도,단일로,기타단일로,맑음,포장,건조,1,1,0,1
20170720,21시,충남,천안시,목,경상,차대차,측면충돌,측면충돌,안전운전 의무 불이행,남,51-60세,승용차,상해없음,남,41-50세,승용차,경상,비사업용,승용차,승용차,비사업용,승용차,승용차,고속국도,단일로,기타단일로,흐림,포장,건조,0,0,3,0
20170720,22시,경기,시흥시,목,부상신고,차대차,측면충돌,측면충돌,안전거리 미확보,기타불명,불명,불명,기타불명,여,31-40세,승용차,부상신고,불명,불명,불명,비사업용,승용차,승용차,고속국도,단일로,기타단일로,맑음,포장,건조,0,0,0,1
20170720,23시,경기,수원시,목,경상,차대차,측면충돌,측면충돌,안전거리 미확보,남,41-50세,화물차,상해없음,남,31-40세,승용차,경상,사업용,화물차,화물차,비사업용,승용차,승용차,고속국도,단일로,기타단일로,맑음,포장,건조,0,0,2,0
20170721,03시,경기,안성시,금,경상,차대차,추돌,추돌,안전운전 의무 불이행,남,31-40세,승용차,상해없음,남,65세이상,특수차,경상,비사업용,승용차,승용차,사업용,화물차,화물차,고속국도,단일로,기타단일로,흐림,포장,건조,0,0,1,0
20170721,05시,경기,오산시,금,경상,차대차,측면충돌,측면충돌,안전운전 의무 불이행,남,51-60세,승합차,상해없음,남,41-50세,승용차,상해없음,사업용,노선버스,시외버스,비사업용,승용차,승용차,고속국도,단일로,기타단일로,맑음,포장,건조,0,0,1,0
20170721,05시,경북,군위군,금,사망,차량단독,공작물충돌,공작물충돌,안전운전 의무 불이행,남,65세이상,화물차,경상,없음,불명,없음,없음,비사업용,화물차,화물차,없음,없음,없음,고속국도,단일로,기타단일로,맑음,포장,건조,1,0,1,0
20170721,07시,인천,부평구,금,중상,차대차,추돌,추돌,안전운전 의무 불이행,남,21-30세,승용차,상해없음,남,51-60세,승용차,중상,비사업용,승용차,승용차,사업용,택시,개인택시,고속국도,단일로,기타단일로,맑음,포장,건조,0,4,0,0
20170721,08시,인천,남동구,금,경상,차대차,측면충돌,측면충돌,안전거리 미확보,남,51-60세,화물차,상해없음,여,31-40세,승용차,경상,사업용,화물차,화물차,비사업용,승용차,승용차,고속국도,단일로,기타단일로,맑음,포장,건조,0,0,1,0
20170721,10시,경기,안산시,금,경상,차대차,추돌,추돌,안전운전 의무 불이행,남,61-64세,승용차,상해없음,남,31-40세,화물차,경상,비사업용,승용차,승용차,사업용,화물차,화물차,고속국도,단일로,기타단일로,맑음,포장,건조,0,0,1,0
20170721,10시,충남,당진시,금,경상,차대차,추돌,추돌,안전운전 의무 불이행,남,51-60세,화물차,상해없음,여,51-60세,승용차,상해없음,비사업용,화물차,화물차,비사업용,승용차,승용차,고속국도,단일로,기타단일로,맑음,포장,건조,0,0,6,0
20170721,11시,경기,의정부시,금,중상,차대차,측면충돌,측면충돌,안전운전 의무 불이행,남,51-60세,승용차,중상,남,41-50세,승용차,중상,비사업용,승용차,승용차,비사업용,승용차,승용차,고속국도,단일로,기타단일로,맑음,포장,건조,0,2,1,0
20170721,11시,인천,남동구,금,경상,차대차,측면충돌,측면충돌,안전거리 미확보,남,21-30세,승용차,상해없음,남,41-50세,승용차,경상,비사업용,승용차,승용차,비사업용,승용차,승용차,고속국도,단일로,기타단일로,맑음,포장,건조,0,0,1,0
20170721,12시,경기,시흥시,금,경상,차대차,측면충돌,측면충돌,기타,기타불명,불명,불명,기타불명,남,31-40세,승합차,상해없음,불명,불명,불명,비사업용,버스,버스,고속국도,단일로,기타단일로,맑음,포장,건조,0,0,1,0
20170721,15시,서울,강동구,금,중상,차대차,측면충돌,측면충돌,안전거리 미확보,남,65세이상,승용차,상해없음,남,61-64세,승용차,중상,비사업용,승용차,승용차,비사업용,승용차,승용차,고속국도,단일로,기타단일로,맑음,포장,건조,0,1,1,0
20170721,19시,경기,시흥시,금,경상,차대차,추돌,추돌,기타,남,41-50세,승용차,상해없음,남,41-50세,승용차,경상,비사업용,승용차,승용차,비사업용,승용차,승용차,고속국도,단일로,기타단일로,맑음,포장,건조,0,0,2,3
20170721,19시,서울,서초구,금,경상,차대사람,기타,기타,안전운전 의무 불이행,남,51-60세,승합차,상해없음,남,41-50세,보행자,경상,사업용,전세버스,전세버스,보행자,보행자,보행자,고속국도,단일로,기타단일로,맑음,포장,건조,0,0,1,0
20170721,20시,경기,양주시,금,중상,차대차,기타,기타,안전운전 의무 불이행,남,21-30세,승합차,상해없음,남,41-50세,승용차,중상,비사업용,버스,버스,비사업용,승용차,승용차,고속국도,단일로,기타단일로,맑음,포장,건조,0,1,0,0
20170721,21시,경기,부천시,금,경상,차대차,추돌,추돌,안전운전 의무 불이행,남,21-30세,승용차,상해없음,남,41-50세,승용차,경상,비사업용,승용차,승용차,비사업용,승용차,승용차,고속국도,단일로,기타단일로,맑음,포장,건조,0,0,2,0
20170722,03시,강원,양양군,토,중상,차대차,추돌,추돌,기타,남,31-40세,승용차,상해없음,여,20세이하,승용차,중상,비사업용,승용차,승용차,사업용,렌터카,렌터카,고속국도,단일로,기타단일로,흐림,포장,건조,0,4,0,0
20170722,06시,전남,순천시,토,중상,차대차,추돌,추돌,과속,남,21-30세,승용차,경상,남,51-60세,화물차,경상,사업용,렌터카,렌터카,비사업용,화물차,화물차,고속국도,단일로,기타단일로,맑음,포장,건조,0,3,3,0
20170722,08시,경기,화성시,토,경상,차대차,추돌,추돌,안전운전 의무 불이행,남,51-60세,승용차,상해없음,남,31-40세,승용차,경상,비사업용,승용차,승용차,비사업용,승용차,승용차,고속국도,단일로,기타단일로,맑음,포장,건조,0,0,2,0
20170722,10시,경남,밀양시,토,경상,차대차,정면충돌,정면충돌,안전거리 미확보,남,41-50세,화물차,상해없음,남,51-60세,승용차,경상,사업용,화물차,화물차,사업용,렌터카,렌터카,고속국도,단일로,기타단일로,맑음,포장,건조,0,0,1,0
20170722,10시,충남,천안시,토,중상,차대차,측면충돌,측면충돌,안전운전 의무 불이행,남,21-30세,승용차,상해없음,남,51-60세,승합차,중상,사업용,렌터카,렌터카,사업용,노선버스,고속버스,고속국도,단일로,기타단일로,흐림,포장,건조,0,1,0,0
20170722,11시,서울,강동구,토,경상,차대차,기타,기타,안전거리 미확보,여,21-30세,승용차,상해없음,남,51-60세,화물차,경상,비사업용,승용차,승용차,사업용,화물차,화물차,고속국도,단일로,기타단일로,맑음,포장,건조,0,0,1,0
20170722,14시,강원,원주시,토,경상,차대차,추돌,추돌,안전운전 의무 불이행,남,31-40세,승용차,상해없음,여,21-30세,승용차,경상,비사업용,승용차,승용차,비사업용,승용차,승용차,고속국도,단일로,기타단일로,맑음,포장,건조,0,0,2,0
20170722,15시,강원,평창군,토,중상,차대차,추돌,추돌,안전거리 미확보,남,51-60세,승합차,상해없음,여,41-50세,승용차,중상,사업용,노선버스,시외버스,비사업용,승용차,승용차,고속국도,단일로,기타단일로,맑음,포장,건조,0,3,0,0
20170722,15시,경기,김포시,토,경상,차대차,측면충돌,측면충돌,안전운전 의무 불이행,남,21-30세,승용차,상해없음,남,51-60세,승용차,경상,비사업용,승용차,승용차,사업용,택시,개인택시,고속국도,단일로,기타단일로,맑음,포장,건조,0,0,1,0
20170722,16시,경기,시흥시,토,중상,차대차,측면충돌,측면충돌,안전운전 의무 불이행,남,20세이하,승용차,부상신고,남,61-64세,승용차,중상,사업용,렌터카,렌터카,비사업용,승용차,승용차,고속국도,단일로,기타단일로,맑음,포장,건조,0,1,3,1
20170722,17시,경기,안산시,토,중상,차대차,기타,기타,안전거리 미확보,남,41-50세,승합차,상해없음,남,31-40세,승용차,경상,사업용,노선버스,고속버스,비사업용,승용차,승용차,고속국도,단일로,기타단일로,맑음,포장,건조,0,2,12,0
20170722,18시,경기,군포시,토,경상,차대차,추돌,추돌,안전운전 의무 불이행,남,21-30세,승용차,상해없음,남,31-40세,승용차,경상,비사업용,승용차,승용차,비사업용,승용차,승용차,고속국도,단일로,터널안,맑음,포장,건조,0,0,1,0
20170722,18시,충남,천안시,토,중상,차대차,추돌,추돌,안전운전 의무 불이행,남,51-60세,승용차,상해없음,남,41-50세,승용차,상해없음,비사업용,승용차,승용차,비사업용,승용차,승용차,고속국도,단일로,기타단일로,맑음,포장,건조,0,1,2,0