발생일,발생시간,발생지_시도,발생지_시군구,요일,사고내용,사고유형_대분류,사고유형_중분류,사고유형,가해자법규위반,가해자성별,가해자연령,가해당사자종별,가해자신체상해정도,피해자성별,피해자연령,피해당사자종별,피해자신체상해정도,가해차량용도_대분류,가해차량용도_중분류,가해차량용도,피해차량용도_대분류,피해차량용도_중분류,피해차량용도,도로종류,도로형태_대분류,도로형태,기상상태,노면상태_대분류,노면상태,사망자수,중상자수,경상자수,부상신고자수
20170722,19시,경북,청송군,토,중상,차량단독,기타,기타,안전운전 의무 불이행,남,51-60세,승합차,상해없음,없음,불명,없음,없음,사업용,전세버스,전세버스,없음,없음,없음,고속국도,단일로,기타단일로,맑음,포장,건조,0,1,0,0
20170723,09시,경기,군포시,일,경상,차대차,측면충돌,측면충돌,안전운전 의무 불이행,남,31-40세,승용차,상해없음,남,51-60세,승용차,경상,비사업용,승용차,승용차,비사업용,승용차,승용차,고속국도,단일로,기타단일로,비,포장,젖음/습기,0,0,1,0
20170723,10시,경북,칠곡군,일,경상,차대차,추돌,추돌,안전운전 의무 불이행,남,21-30세,승용차,상해없음,남,31-40세,승용차,경상,사업용,렌터카,렌터카,비사업용,승용차,승용차,고속국도,단일로,기타단일로,맑음,포장,건조,0,0,2,0
20170723,21시,대전,동구,일,경상,차대차,기타,기타,안전운전 의무 불이행,남,21-30세,승용차,상해없음,남,51-60세,승용차,경상,비사업용,승용차,승용차,비사업용,승용차,승용차,고속국도,단일로,터널안,맑음,포장,건조,0,0,2,0
20170724,09시,경기,구리시,월,경상,차대차,기타,기타,안전운전 의무 불이행,남,31-40세,화물차,상해없음,여,41-50세,승용차,경상,사업용,화물차,화물차,비사업용,승용차,승용차,고속국도,단일로,기타단일로,맑음,포장,건조,0,0,2,0
20170724,10시,경기,안산시,월,경상,차대차,기타,기타,안전운전 의무 불이행,남,51-60세,화물차,상해없음,남,51-60세,화물차,경상,사업용,화물차,화물차,사업용,화물차,화물차,고속국도,단일로,터널안,비,포장,젖음/습기,0,0,1,0
20170724,12시,경기,안산시,월,경상,차대차,기타,기타,안전거리 미확보,남,41-50세,승용차,상해없음,남,41-50세,승용차,경상,비사업용,승용차,승용차,비사업용,승용차,승용차,고속국도,단일로,기타단일로,맑음,포장,건조,0,0,1,0
20170724,12시,대전,대덕구,월,경상,차대차,측면충돌,측면충돌,안전운전 의무 불이행,남,41-50세,승용차,상해없음,여,41-50세,승용차,경상,비사업용,승용차,승용차,비사업용,승용차,승용차,고속국도,단일로,기타단일로,맑음,포장,건조,0,0,2,0
20170724,14시,경기,평택시,월,중상,차대차,추돌,추돌,안전운전 의무 불이행,남,41-50세,화물차,상해없음,남,61-64세,화물차,중상,사업용,화물차,화물차,비사업용,화물차,화물차,고속국도,단일로,기타단일로,흐림,포장,젖음/습기,0,2,1,0
20170724,14시,대구,동구,월,사망,차량단독,기타,기타,안전운전 의무 불이행,남,51-60세,화물차,사망,없음,불명,없음,없음,비사업용,화물차,화물차,없음,없음,없음,고속국도,단일로,기타단일로,비,포장,젖음/습기,1,0,0,0
20170724,23시,경기,시흥시,월,중상,차대차,기타,기타,안전운전 의무 불이행,남,41-50세,승합차,중상,남,41-50세,화물차,상해없음,비사업용,버스,버스,비사업용,화물차,화물차,고속국도,단일로,기타단일로,맑음,포장,건조,0,2,0,0
20170725,06시,경기,시흥시,화,중상,차대차,추돌,추돌,안전운전 의무 불이행,남,41-50세,승용차,상해없음,남,41-50세,승용차,중상,사업용,렌터카,렌터카,비사업용,승용차,승용차,고속국도,단일로,기타단일로,맑음,포장,건조,0,1,0,0
20170725,09시,경기,용인시,화,경상,차대차,추돌,추돌,안전거리 미확보,남,51-60세,승용차,상해없음,남,31-40세,승용차,경상,비사업용,승용차,승용차,비사업용,승용차,승용차,고속국도,단일로,기타단일로,맑음,포장,건조,0,0,2,3
20170725,09시,전남,순천시,화,중상,차량단독,전도,전도,안전운전 의무 불이행,남,21-30세,승용차,중상,없음,불명,없음,없음,비사업용,승용차,승용차,없음,없음,없음,고속국도,단일로,기타단일로,비,포장,젖음/습기,0,1,0,0
20170725,11시,서울,중랑구,화,경상,차대차,기타,기타,과속,남,21-30세,승용차,상해없음,여,31-40세,승용차,경상,비사업용,승용차,승용차,비사업용,승용차,승용차,고속국도,단일로,터널안,맑음,포장,건조,0,0,2,0
20170725,14시,경기,안성시,화,부상신고,차대사람,기타,기타,안전운전 의무 불이행,기타불명,불명,불명,기타불명,여,41-50세,보행자,부상신고,불명,불명,불명,보행자,보행자,보행자,고속국도,단일로,기타단일로,맑음,포장,건조,0,0,0,1
20170725,16시,전남,장성군,화,중상,차량단독,공작물충돌,공작물충돌,안전운전 의무 불이행,남,20세이하,승용차,부상신고,없음,불명,없음,없음,사업용,렌터카,렌터카,없음,없음,없음,고속국도,단일로,기타단일로,흐림,포장,건조,0,1,5,1
20170725,17시,경남,진주시,화,경상,차대차,측면충돌,측면충돌,안전운전 의무 불이행,남,41-50세,화물차,상해없음,남,31-40세,특수차,경상,사업용,화물차,화물차,사업용,화물차,화물차,고속국도,단일로,기타단일로,비,포장,젖음/습기,0,0,1,0
20170725,17시,인천,남동구,화,경상,차대차,추돌,추돌,안전운전 의무 불이행,남,31-40세,승용차,경상,여,41-50세,승용차,상해없음,비사업용,승용차,승용차,사업용,렌터카,렌터카,고속국도,단일로,기타단일로,맑음,포장,건조,0,0,2,0
20170725,18시,대구,수성구,화,중상,차대차,추돌,추돌,안전운전 의무 불이행,남,31-40세,승합차,중상,남,61-64세,화물차,상해없음,비사업용,버스,버스,사업용,화물차,화물차,고속국도,단일로,기타단일로,맑음,포장,건조,0,1,0,0
20170725,19시,경기,화성시,화,중상,차대차,기타,기타,안전운전 의무 불이행,남,51-60세,승용차,상해없음,남,41-50세,승용차,중상,비사업용,승용차,승용차,비사업용,승용차,승용차,고속국도,단일로,기타단일로,맑음,포장,건조,0,1,0,0
20170725,21시,대구,동구,화,경상,차대차,측면충돌,측면충돌,안전운전 의무 불이행,여,51-60세,승용차,상해없음,남,21-30세,승용차,경상,비사업용,승용차,승용차,비사업용,승용차,승용차,고속국도,단일로,기타단일로,맑음,포장,건조,0,0,1,0
20170725,21시,서울,강동구,화,중상,차대차,측면충돌,측면충돌,안전운전 의무 불이행,남,51-60세,화물차,상해없음,남,41-50세,화물차,중상,사업용,화물차,화물차,비사업용,화물차,화물차,고속국도,단일로,기타단일로,맑음,포장,건조,0,3,0,0
20170725,23시,경기,화성시,화,경상,차대차,기타,기타,안전운전 의무 불이행,남,65세이상,화물차,상해없음,여,21-30세,승용차,경상,비사업용,화물차,화물차,비사업용,승용차,승용차,고속국도,단일로,기타단일로,맑음,포장,건조,0,0,1,0
20170726,05시,충남,서천군,수,사망,차대차,추돌,추돌,안전운전 의무 불이행,남,51-60세,승용차,사망,남,41-50세,화물차,경상,사업용,렌터카,렌터카,사업용,화물차,화물차,고속국도,단일로,기타단일로,맑음,포장,건조,1,0,1,0
20170726,08시,충북,영동군,수,경상,차대차,기타,기타,안전운전 의무 불이행,남,51-60세,화물차,기타불명,기타불명,불명,불명,기타불명,비사업용,화물차,화물차,불명,불명,불명,고속국도,단일로,기타단일로,맑음,포장,건조,0,0,1,0
20170726,10시,경기,여주시,수,중상,차대차,추돌,추돌,안전거리 미확보,남,51-60세,화물차,중상,남,51-60세,승합차,경상,사업용,화물차,화물차,사업용,전세버스,전세버스,고속국도,단일로,기타단일로,맑음,포장,건조,0,1,4,0
20170726,10시,경남,김해시,수,중상,차대차,추돌,추돌,안전거리 미확보,남,51-60세,화물차,상해없음,여,41-50세,승용차,경상,사업용,화물차,화물차,비사업용,승용차,승용차,고속국도,단일로,기타단일로,맑음,포장,건조,0,1,1,0
20170726,11시,인천,계양구,수,부상신고,차대차,추돌,추돌,안전거리 미확보,남,61-64세,승용차,상해없음,남,41-50세,화물차,부상신고,비사업용,승용차,승용차,사업용,화물차,화물차,고속국도,단일로,기타단일로,맑음,포장,건조,0,0,0,1
20170726,12시,경기,의왕시,수,경상,차대차,기타,기타,안전거리 미확보,남,41-50세,승용차,상해없음,여,41-50세,승용차,경상,사업용,렌터카,렌터카,비사업용,승용차,승용차,고속국도,단일로,기타단일로,맑음,포장,건조,0,0,2,0
20170726,13시,경기,오산시,수,중상,차대차,기타,기타,안전운전 의무 불이행,남,41-50세,승용차,상해없음,남,31-40세,승용차,경상,비사업용,승용차,승용차,비사업용,승용차,승용차,고속국도,단일로,기타단일로,맑음,포장,건조,0,1,3,0
20170726,14시,경기,용인시,수,경상,차대차,측면충돌,측면충돌,안전운전 의무 불이행,남,61-64세,승용차,상해없음,남,41-50세,승합차,상해없음,비사업용,승용차,승용차,사업용,노선버스,고속버스,고속국도,단일로,기타단일로,맑음,포장,건조,0,0,1,0
20170726,15시,충남,공주시,수,경상,차대차,측면충돌,측면충돌,안전운전 의무 불이행,남,51-60세,승용차,상해없음,남,41-50세,화물차,경상,비사업용,승용차,승용차,사업용,화물차,화물차,고속국도,단일로,기타단일로,맑음,포장,건조,0,0,1,0
20170726,16시,경기,성남시,수,경상,차대차,추돌,추돌,안전운전 의무 불이행,남,21-30세,승용차,상해없음,남,21-30세,승용차,상해없음,비사업용,승용차,승용차,비사업용,승용차,승용차,고속국도,단일로,기타단일로,맑음,포장,건조,0,0,1,0
20170726,17시,경기,시흥시,수,중상,차대차,측면충돌,측면충돌,안전거리 미확보,남,21-30세,화물차,상해없음,남,51-60세,승용차,경상,사업용,화물차,화물차,비사업용,승용차,승용차,고속국도,단일로,기타단일로,맑음,포장,건조,0,1,2,0
20170726,17시,경기,의왕시,수,경상,차대차,추돌,추돌,안전운전 의무 불이행,남,41-50세,승용차,상해없음,여,41-50세,승용차,경상,비사업용,승용차,승용차,비사업용,승용차,승용차,고속국도,단일로,기타단일로,맑음,포장,건조,0,0,1,0
20170726,17시,경남,함안군,수,경상,차대차,추돌,추돌,안전운전 의무 불이행,남,51-60세,화물차,상해없음,남,21-30세,화물차,경상,사업용,화물차,화물차,사업용,화물차,화물차,고속국도,단일로,기타단일로,맑음,포장,건조,0,0,1,0
20170726,22시,충북,청주시,수,경상,차대차,추돌,추돌,안전운전 의무 불이행,남,41-50세,화물차,상해없음,남,31-40세,승용차,경상,비사업용,화물차,화물차,사업용,렌터카,렌터카,고속국도,단일로,기타단일로,비,포장,젖음/습기,0,0,4,0
20170726,23시,경기,구리시,수,경상,차대차,측면충돌,측면충돌,안전거리 미확보,남,31-40세,승용차,상해없음,여,41-50세,승용차,경상,비사업용,승용차,승용차,비사업용,승용차,승용차,고속국도,단일로,기타단일로,맑음,포장,건조,0,0,1,0
20170727,01시,전남,담양군,목,경상,차대차,추돌,추돌,안전운전 의무 불이행,남,41-50세,승용차,경상,남,41-50세,화물차,경상,비사업용,승용차,승용차,사업용,화물차,화물차,고속국도,단일로,기타단일로,맑음,포장,건조,0,0,2,0
20170727,06시,경기,의정부시,목,중상,차량단독,전도,전도,안전운전 의무 불이행,남,31-40세,승용차,중상,없음,불명,없음,없음,사업용,렌터카,렌터카,없음,없음,없음,고속국도,단일로,기타단일로,맑음,포장,건조,0,1,0,0
20170727,11시,인천,부평구,목,경상,차대차,추돌,추돌,안전운전 의무 불이행,남,61-64세,승용차,상해없음,남,41-50세,승용차,경상,비사업용,승용차,승용차,비사업용,승용차,승용차,고속국도,단일로,기타단일로,맑음,포장,건조,0,0,1,0
20170727,12시,충남,보령시,목,경상,차대차,기타,기타,중앙선 침범,남,51-60세,승용차,상해없음,남,51-60세,화물차,경상,비사업용,승용차,승용차,사업용,화물차,화물차,고속국도,단일로,기타단일로,맑음,포장,건조,0,0,4,0
20170727,16시,강원,홍천군,목,중상,차대차,추돌,추돌,안전운전 의무 불이행,남,51-60세,화물차,중상,여,31-40세,화물차,경상,비사업용,화물차,화물차,비사업용,화물차,화물차,고속국도,단일로,교량위,맑음,포장,건조,0,1,5,2
20170727,17시,인천,미추홀구,목,경상,차대차,측면충돌,측면충돌,안전거리 미확보,남,61-64세,승용차,상해없음,남,21-30세,화물차,경상,비사업용,승용차,승용차,비사업용,화물차,화물차,고속국도,단일로,교량위,맑음,포장,건조,0,0,2,0
20170727,21시,인천,부평구,목,경상,차대차,추돌,추돌,안전운전 의무 불이행,기타불명,불명,불명,기타불명,여,51-60세,승용차,경상,불명,불명,불명,비사업용,승용차,승용차,고속국도,단일로,기타단일로,흐림,포장,건조,0,0,1,0
20170727,22시,경남,밀양시,목,사망,차대차,측면충돌,측면충돌,안전운전 의무 불이행,남,61-64세,승용차,경상,여,21-30세,승용차,사망,비사업용,승용차,승용차,비사업용,승용차,승용차,고속국도,단일로,기타단일로,맑음,포장,건조,1,0,1,0
20170727,22시,인천,부평구,목,경상,차대차,측면충돌,측면충돌,안전운전 의무 불이행,남,31-40세,화물차,상해없음,남,41-50세,승합차,상해없음,비사업용,화물차,화물차,사업용,노선버스,고속버스,고속국도,단일로,기타단일로,비,포장,젖음/습기,0,0,1,0
20170727,23시,경기,부천시,목,중상,차대차,측면충돌,측면충돌,안전운전 의무 불이행,남,41-50세,화물차,상해없음,남,41-50세,화물차,경상,비사업용,화물차,화물차,사업용,화물차,화물차,고속국도,단일로,기타단일로,비,포장,젖음/습기,0,1,1,0
20170728,00시,경기,평택시,금,중상,차대차,기타,기타,과속,남,31-40세,승용차,상해없음,남,31-40세,승용차,중상,비사업용,승용차,승용차,비사업용,승용차,승용차,고속국도,단일로,기타단일로,비,포장,젖음/습기,0,1,1,0
20170728,03시,경기,성남시,금,경상,차량단독,공작물충돌,공작물충돌,안전운전 의무 불이행,남,65세이상,승용차,상해없음,없음,불명,없음,없음,사업용,택시,법인택시,없음,없음,없음,고속국도,단일로,기타단일로,비,포장,젖음/습기,0,0,1,0
20170728,03시,충남,공주시,금,중상,차대차,측면충돌,측면충돌,안전운전 의무 불이행,남,31-40세,승용차,상해없음,남,41-50세,화물차,중상,비사업용,승용차,승용차,비사업용,화물차,화물차,고속국도,단일로,기타단일로,맑음,포장,건조,0,1,0,0
20170728,04시,충남,보령시,금,경상,차대차,추돌,추돌,안전운전 의무 불이행,남,51-60세,특수차,상해없음,남,51-60세,특수차,경상,사업용,화물차,화물차,사업용,위험물운송,위험물운송,고속국도,단일로,기타단일로,맑음,포장,건조,0,0,1,0
20170728,07시,경기,안산시,금,사망,차대차,기타,기타,과속,남,31-40세,승용차,상해없음,남,51-60세,화물차,중상,비사업용,승용차,승용차,비사업용,화물차,화물차,고속국도,단일로,기타단일로,비,포장,젖음/습기,1,3,0,0
20170728,08시,서울,서초구,금,경상,차대차,추돌,추돌,안전운전 의무 불이행,남,31-40세,승용차,상해없음,남,51-60세,승용차,경상,비사업용,승용차,승용차,비사업용,승용차,승용차,고속국도,단일로,기타단일로,비,포장,젖음/습기,0,0,1,0
20170728,12시,경남,고성군,금,경상,차대차,기타,기타,안전운전 의무 불이행,남,51-60세,승용차,상해없음,남,21-30세,승용차,경상,비사업용,승용차,승용차,비사업용,승용차,승용차,고속국도,단일로,기타단일로,맑음,포장,건조,0,0,3,0
20170728,15시,경기,양평군,금,중상,차대차,기타,기타,안전운전 의무 불이행,남,41-50세,승합차,상해없음,남,21-30세,승용차,경상,비사업용,기타/건설기계,기타/건설기계,비사업용,승용차,승용차,고속국도,단일로,기타단일로,흐림,포장,젖음/습기,0,1,4,0
20170728,17시,충북,단양군,금,중상,차대차,추돌,추돌,안전운전 의무 불이행,남,41-50세,화물차,중상,남,41-50세,승합차,경상,비사업용,화물차,화물차,사업용,노선버스,고속버스,고속국도,단일로,터널안,비,포장,젖음/습기,0,2,4,0
20170728,19시,경북,구미시,금,경상,차대차,추돌,추돌,안전거리 미확보,남,21-30세,승용차,상해없음,남,21-30세,승용차,경상,비사업용,승용차,승용차,비사업용,승용차,승용차,고속국도,단일로,터널안,비,포장,젖음/습기,0,0,4,0
20170728,20시,경기,안성시,금,경상,차대차,추돌,추돌,안전운전 의무 불이행,남,41-50세,화물차,상해없음,남,21-30세,승용차,경상,비사업용,화물차,화물차,사업용,렌터카,렌터카,고속국도,단일로,기타단일로,흐림,포장,젖음/습기,0,0,1,0
20170728,20시,인천,중구,금,중상,차대차,기타,기타,안전거리 미확보,남,51-60세,승용차,상해없음,남,31-40세,승용차,경상,비사업용,승용차,승용차,비사업용,승용차,승용차,고속국도,단일로,기타단일로,맑음,포장,건조,0,1,1,0
20170728,21시,경기,시흥시,금,경상,차대차,측면충돌,측면충돌,안전거리 미확보,남,21-30세,승용차,상해없음,남,51-60세,승용차,경상,비사업용,승용차,승용차,비사업용,승용차,승용차,고속국도,단일로,기타단일로,맑음,포장,건조,0,0,3,0
20170728,22시,충남,공주시,금,경상,차대차,추돌,추돌,안전운전 의무 불이행,여,31-40세,승용차,상해없음,남,41-50세,승용차,경상,비사업용,승용차,승용차,사업용,렌터카,렌터카,고속국도,단일로,기타단일로,비,포장,젖음/습기,0,0,1,0
20170728,23시,서울,금천구,금,경상,차대차,측면충돌,측면충돌,안전운전 의무 불이행,남,31-40세,승용차,상해없음,남,31-40세,승용차,경상,비사업용,승용차,승용차,비사업용,승용차,승용차,고속국도,단일로,기타단일로,맑음,포장,건조,0,0,1,0
20170729,00시,전남,함평군,토,사망,차대차,추돌,추돌,안전운전 의무 불이행,남,51-60세,화물차,사망,남,41-50세,화물차,경상,사업용,화물차,화물차,사업용,화물차,화물차,고속국도,단일로,기타단일로,맑음,포장,건조,1,0,3,0
20170729,03시,인천,서구,토,부상신고,차량단독,공작물충돌,공작물충돌,안전운전 의무 불이행,남,21-30세,승용차,부상신고,없음,불명,없음,없음,비사업용,승용차,승용차,없음,없음,없음,고속국도,단일로,기타단일로,맑음,포장,건조,0,0,0,1
20170729,04시,경기,하남시,토,경상,차대차,측면충돌,측면충돌,안전운전 의무 불이행,여,41-50세,승용차,상해없음,남,65세이상,승용차,경상,비사업용,승용차,승용차,비사업용,승용차,승용차,고속국도,단일로,기타단일로,맑음,포장,건조,0,0,2,0
20170729,04시,충북,보은군,토,중상,차대차,추돌,추돌,안전운전 의무 불이행,남,51-60세,화물차,상해없음,남,41-50세,승용차,경상,사업용,화물차,화물차,비사업용,승용차,승용차,고속국도,단일로,기타단일로,흐림,포장,건조,0,1,1,0
20170729,05시,경북,영천시,토,경상,차대차,기타,기타,기타,남,51-60세,화물차,상해없음,남,51-60세,화물차,경상,사업용,화물차,화물차,사업용,화물차,화물차,고속국도,단일로,기타단일로,흐림,포장,젖음/습기,0,0,1,0
20170729,06시,경기,화성시,토,경상,차대차,측면충돌,측면충돌,안전운전 의무 불이행,남,31-40세,승용차,상해없음,남,41-50세,승용차,경상,비사업용,승용차,승용차,비사업용,승용차,승용차,고속국도,단일로,기타단일로,맑음,포장,건조,0,0,2,0
20170729,07시,경기,용인시,토,중상,차대차,측면충돌,측면충돌,안전운전 의무 불이행,남,21-30세,승용차,상해없음,남,31-40세,승용차,중상,비사업용,승용차,승용차,비사업용,승용차,승용차,고속국도,단일로,기타단일로,맑음,포장,건조,0,2,2,0
20170729,08시,충북,진천군,토,경상,차대차,추돌,추돌,안전운전 의무 불이행,기타불명,불명,승합차,기타불명,여,41-50세,승용차,경상,비사업용,버스,버스,비사업용,승용차,승용차,고속국도,단일로,기타단일로,맑음,포장,건조,0,0,1,0
20170729,09시,경기,안성시,토,경상,차대차,추돌,추돌,안전운전 의무 불이행,남,31-40세,승용차,상해없음,남,41-50세,승용차,경상,비사업용,승용차,승용차,비사업용,승용차,승용차,고속국도,단일로,기타단일로,맑음,포장,건조,0,0,4,0
20170729,09시,경기,화성시,토,경상,차대차,추돌,추돌,안전운전 의무 불이행,여,51-60세,승용차,상해없음,여,41-50세,승용차,경상,비사업용,승용차,승용차,비사업용,승용차,승용차,고속국도,단일로,기타단일로,맑음,포장,건조,0,0,2,0
20170729,09시,부산,금정구,토,중상,차대차,기타,기타,안전운전 의무 불이행,남,51-60세,건설기계,상해없음,여,41-50세,승용차,중상,사업용,기타/건설기계,기타/건설기계,사업용,렌터카,렌터카,고속국도,단일로,기타단일로,맑음,포장,건조,0,2,0,0
20170729,10시,대전,유성구,토,경상,차대차,추돌,추돌,안전거리 미확보,남,51-60세,화물차,상해없음,남,31-40세,승용차,상해없음,비사업용,화물차,화물차,비사업용,승용차,승용차,고속국도,단일로,기타단일로,맑음,포장,건조,0,0,2,0
20170729,11시,경기,양주시,토,중상,차대차,추돌,추돌,안전거리 미확보,남,21-30세,승용차,상해없음,여,31-40세,승용차,중상,비사업용,승용차,승용차,비사업용,승용차,승용차,고속국도,단일로,터널안,맑음,포장,건조,0,1,2,0
20170729,11시,경기,용인시,토,경상,차대차,기타,기타,안전운전 의무 불이행,남,21-30세,승용차,상해없음,남,21-30세,승용차,경상,비사업용,승용차,승용차,비사업용,승용차,승용차,고속국도,단일로,기타단일로,맑음,포장,건조,0,0,1,0
20170729,11시,경기,평택시,토,중상,차대차,기타,기타,안전운전 의무 불이행,남,41-50세,승용차,상해없음,남,51-60세,승용차,경상,비사업용,승용차,승용차,비사업용,승용차,승용차,고속국도,단일로,기타단일로,맑음,포장,건조,0,1,5,0
20170729,11시,경북,김천시,토,경상,차대차,추돌,추돌,안전운전 의무 불이행,남,31-40세,승용차,상해없음,남,61-64세,승용차,경상,비사업용,승용차,승용차,비사업용,승용차,승용차,고속국도,단일로,기타단일로,맑음,포장,건조,0,0,3,0
20170729,13시,강원,홍천군,토,경상,차대차,정면충돌,정면충돌,안전거리 미확보,남,21-30세,승용차,상해없음,남,21-30세,승용차,경상,비사업용,승용차,승용차,비사업용,승용차,승용차,고속국도,단일로,기타단일로,맑음,포장,건조,0,0,3,0
20170729,13시,대전,대덕구,토,경상,차대차,추돌,추돌,안전운전 의무 불이행,남,41-50세,특수차,상해없음,남,51-60세,승용차,경상,사업용,화물차,화물차,비사업용,승용차,승용차,고속국도,단일로,기타단일로,맑음,포장,건조,0,0,3,0
20170729,15시,경기,용인시,토,경상,차대사람,기타,기타,안전운전 의무 불이행,여,51-60세,승용차,상해없음,남,61-64세,보행자,경상,비사업용,승용차,승용차,보행자,보행자,보행자,고속국도,단일로,기타단일로,맑음,포장,건조,0,0,1,0
20170729,15시,대구,서구,토,중상,차량단독,공작물충돌,공작물충돌,안전운전 의무 불이행,남,21-30세,승용차,상해없음,없음,불명,없음,없음,비사업용,승용차,승용차,없음,없음,없음,고속국도,단일로,기타단일로,비,포장,젖음/습기,0,1,0,0
20170729,16시,경기,안양시,토,경상,차대차,측면충돌,측면충돌,안전거리 미확보,남,51-60세,승용차,상해없음,남,51-60세,승합차,경상,사업용,렌터카,렌터카,비사업용,기타/건설기계,기타/건설기계,고속국도,단일로,터널안,맑음,포장,건조,0,0,2,0
20170729,16시,충북,진천군,토,경상,차대차,추돌,추돌,안전거리 미확보,남,51-60세,승용차,상해없음,남,41-50세,승용차,경상,비사업용,승용차,승용차,비사업용,승용차,승용차,고속국도,기타,기타,맑음,포장,건조,0,0,3,0
20170729,17시,서울,서초구,토,중상,차대차,추돌,추돌,안전거리 미확보,남,21-30세,승합차,상해없음,남,31-40세,승용차,중상,비사업용,버스,버스,비사업용,승용차,승용차,고속국도,단일로,기타단일로,흐림,포장,젖음/습기,0,3,2,0
20170729,18시,경기,용인시,토,경상,차대차,측면충돌,측면충돌,안전거리 미확보,남,31-40세,특수차,상해없음,남,41-50세,승합차,경상,사업용,화물차,화물차,사업용,전세버스,전세버스,고속국도,단일로,기타단일로,맑음,포장,건조,0,0,5,0
20170729,19시,대구,북구,토,경상,차대차,추돌,추돌,안전거리 미확보,남,65세이상,승용차,상해없음,남,31-40세,화물차,경상,비사업용,승용차,승용차,사업용,화물차,화물차,고속국도,단일로,기타단일로,맑음,포장,건조,0,0,1,0
20170729,19시,전북,익산시,토,사망,차량단독,기타,기타,안전운전 의무 불이행,남,31-40세,승용차,상해없음,없음,불명,없음,없음,비사업용,승용차,승용차,없음,없음,없음,고속국도,단일로,기타단일로,맑음,포장,건조,1,1,0,0
20170729,22시,인천,계양구,토,경상,차대차,기타,기타,기타,남,51-60세,화물차,상해없음,남,31-40세,승용차,경상,비사업용,화물차,화물차,비사업용,승용차,승용차,고속국도,단일로,기타단일로,맑음,포장,건조,0,0,1,0
20170729,23시,울산,울주군,토,중상,차량단독,공작물충돌,공작물충돌,안전운전 의무 불이행,남,51-60세,승용차,상해없음,없음,불명,없음,없음,사업용,택시,법인택시,없음,없음,없음,고속국도,단일로,기타단일로,비,포장,젖음/습기,0,2,0,0
20170730,01시,충남,공주시,일,사망,차대차,기타,기타,안전운전 의무 불이행,남,31-40세,화물차,상해없음,여,41-50세,승용차,사망,사업용,화물차,화물차,비사업용,승용차,승용차,고속국도,단일로,기타단일로,흐림,포장,건조,1,0,1,0
20170730,01시,충북,충주시,일,사망,차대차,추돌,추돌,안전운전 의무 불이행,남,51-60세,화물차,상해없음,여,31-40세,승용차,중상,사업용,화물차,화물차,비사업용,승용차,승용차,고속국도,기타,기타,맑음,포장,건조,1,6,11,0
20170730,01시,충북,충주시,일,중상,차량단독,전도,전도,안전운전 의무 불이행,남,21-30세,승용차,경상,없음,불명,없음,없음,비사업용,승용차,승용차,없음,없음,없음,고속국도,기타,기타,맑음,포장,건조,0,3,1,0
20170730,02시,경기,화성시,일,경상,차대차,측면충돌,측면충돌,안전운전 의무 불이행,남,21-30세,승용차,상해없음,남,41-50세,승용차,경상,사업용,렌터카,렌터카,비사업용,승용차,승용차,고속국도,단일로,기타단일로,맑음,포장,건조,0,0,1,0
20170730,09시,충남,공주시,일,중상,차대차,기타,기타,안전운전 의무 불이행,여,41-50세,승용차,상해없음,남,65세이상,승용차,경상,비사업용,승용차,승용차,비사업용,승용차,승용차,고속국도,단일로,기타단일로,맑음,포장,건조,0,1,1,0
20170730,10시,경기,안성시,일,경상,차대차,측면충돌,측면충돌,안전운전 의무 불이행,여,65세이상,승용차,상해없음,여,31-40세,승용차,경상,비사업용,승용차,승용차,비사업용,승용차,승용차,고속국도,단일로,기타단일로,맑음,포장,건조,0,0,1,0
20170730,10시,경북,군위군,일,경상,차대차,추돌,추돌,안전운전 의무 불이행,여,41-50세,승용차,상해없음,남,41-50세,승용차,경상,비사업용,승용차,승용차,비사업용,승용차,승용차,고속국도,기타,기타,맑음,포장,건조,0,0,2,0
20170730,14시,경기,안산시,일,경상,차대차,기타,기타,기타,기타불명,불명,불명,기타불명,남,41-50세,화물차,경상,불명,불명,불명,비사업용,화물차,화물차,고속국도,단일로,기타단일로,맑음,포장,건조,0,0,1,0
20170730,15시,충북,청주시,일,경상,차대차,추돌,추돌,안전운전 의무 불이행,남,31-40세,승용차,상해없음,남,41-50세,승용차,경상,비사업용,승용차,승용차,비사업용,승용차,승용차,고속국도,단일로,기타단일로,맑음,포장,건조,0,0,1,0
20170731,10시,충남,천안시,월,경상,차대차,추돌,추돌,안전운전 의무 불이행,남,31-40세,승용차,상해없음,남,21-30세,승용차,경상,비사업용,승용차,승용차,비사업용,승용차,승용차,고속국도,단일로,터널안,맑음,포장,건조,0,0,4,0
20170731,14시,경남,함안군,월,중상,차대차,추돌,추돌,안전운전 의무 불이행,남,51-60세,화물차,상해없음,남,31-40세,승합차,경상,사업용,화물차,화물차,비사업용,기타/건설기계,기타/건설기계,고속국도,단일로,기타단일로,맑음,포장,건조,0,3,2,0
20170731,14시,충북,제천시,월,경상,차대차,추돌,추돌,안전거리 미확보,남,21-30세,승용차,상해없음,남,51-60세,승용차,경상,사업용,렌터카,렌터카,비사업용,승용차,승용차,고속국도,단일로,기타단일로,비,포장,젖음/습기,0,0,1,0
20170731,15시,충남,논산시,월,경상,차대차,추돌,추돌,안전운전 의무 불이행,남,21-30세,승용차,상해없음,남,65세이상,승용차,경상,비사업용,승용차,승용차,비사업용,승용차,승용차,고속국도,단일로,기타단일로,비,포장,젖음/습기,0,0,2,0