발생일,발생시간,발생지_시도,발생지_시군구,요일,사고내용,사고유형_대분류,사고유형_중분류,사고유형,가해자법규위반,가해자성별,가해자연령,가해당사자종별,가해자신체상해정도,피해자성별,피해자연령,피해당사자종별,피해자신체상해정도,가해차량용도_대분류,가해차량용도_중분류,가해차량용도,피해차량용도_대분류,피해차량용도_중분류,피해차량용도,도로종류,도로형태_대분류,도로형태,기상상태,노면상태_대분류,노면상태,사망자수,중상자수,경상자수,부상신고자수
20170816,10시,경기,안성시,수,경상,차대차,추돌,추돌,안전운전 의무 불이행,남,21-30세,승용차,상해없음,남,41-50세,승용차,상해없음,비사업용,승용차,승용차,사업용,렌터카,렌터카,고속국도,단일로,기타단일로,흐림,포장,건조,0,0,6,1
20170816,10시,인천,미추홀구,수,중상,차대차,기타,기타,기타,남,41-50세,특수차,상해없음,남,31-40세,승용차,경상,사업용,화물차,화물차,비사업용,승용차,승용차,고속국도,단일로,기타단일로,맑음,포장,건조,0,1,4,0
20170816,11시,경남,김해시,수,경상,차대차,추돌,추돌,안전거리 미확보,남,21-30세,승용차,상해없음,남,41-50세,승용차,상해없음,사업용,렌터카,렌터카,비사업용,승용차,승용차,고속국도,단일로,기타단일로,맑음,포장,건조,0,0,3,0
20170816,13시,경기,이천시,수,경상,차대차,측면충돌,측면충돌,안전운전 의무 불이행,남,51-60세,화물차,상해없음,남,65세이상,승용차,경상,사업용,화물차,화물차,비사업용,승용차,승용차,고속국도,단일로,기타단일로,흐림,포장,건조,0,0,1,0
20170816,16시,경기,안산시,수,경상,차대차,측면충돌,측면충돌,기타,기타불명,불명,불명,기타불명,여,41-50세,승용차,경상,불명,불명,불명,비사업용,승용차,승용차,고속국도,단일로,기타단일로,흐림,포장,건조,0,0,3,0
20170816,17시,인천,동구,수,경상,차대차,추돌,추돌,안전거리 미확보,남,51-60세,화물차,상해없음,남,51-60세,화물차,경상,비사업용,화물차,화물차,사업용,화물차,화물차,고속국도,단일로,터널안,맑음,포장,건조,0,0,1,0
20170816,18시,충남,천안시,수,중상,차대차,측면충돌,측면충돌,안전운전 의무 불이행,남,41-50세,화물차,상해없음,남,31-40세,승용차,경상,사업용,화물차,화물차,비사업용,승용차,승용차,고속국도,단일로,기타단일로,맑음,포장,건조,0,1,2,0
20170816,20시,대전,대덕구,수,경상,차대차,측면충돌,측면충돌,안전운전 의무 불이행,남,51-60세,승용차,기타불명,남,51-60세,화물차,경상,비사업용,승용차,승용차,사업용,화물차,화물차,고속국도,기타,기타,비,포장,젖음/습기,0,0,1,0
20170816,23시,경기,성남시,수,중상,차대차,측면충돌,측면충돌,안전운전 의무 불이행,남,21-30세,승용차,상해없음,여,41-50세,승용차,중상,사업용,렌터카,렌터카,비사업용,승용차,승용차,고속국도,단일로,기타단일로,맑음,포장,건조,0,2,0,0
20170817,00시,경기,안성시,목,경상,차대차,추돌,추돌,안전운전 의무 불이행,남,31-40세,화물차,상해없음,남,31-40세,승용차,경상,사업용,화물차,화물차,비사업용,승용차,승용차,고속국도,단일로,기타단일로,비,포장,젖음/습기,0,0,1,0
20170817,08시,경기,구리시,목,경상,차대차,측면충돌,측면충돌,안전운전 의무 불이행,남,21-30세,화물차,상해없음,여,41-50세,승용차,경상,비사업용,화물차,화물차,비사업용,승용차,승용차,고속국도,단일로,기타단일로,맑음,포장,건조,0,0,1,0
20170817,08시,경기,평택시,목,중상,차대차,기타,기타,안전거리 미확보,남,51-60세,승용차,부상신고,남,41-50세,승합차,중상,비사업용,승용차,승용차,사업용,노선버스,고속버스,고속국도,단일로,기타단일로,맑음,포장,건조,0,2,3,1
20170817,10시,경기,고양시,목,경상,차대차,측면충돌,측면충돌,안전거리 미확보,남,51-60세,화물차,상해없음,남,51-60세,승용차,경상,비사업용,화물차,화물차,사업용,렌터카,렌터카,고속국도,단일로,기타단일로,맑음,포장,건조,0,0,1,0
20170817,11시,인천,계양구,목,경상,차대차,측면충돌,측면충돌,안전운전 의무 불이행,남,41-50세,건설기계,상해없음,남,61-64세,승용차,경상,사업용,기타/건설기계,기타/건설기계,비사업용,승용차,승용차,고속국도,단일로,기타단일로,맑음,포장,건조,0,0,1,0
20170817,12시,경기,하남시,목,경상,차대차,추돌,추돌,안전거리 미확보,남,51-60세,승용차,상해없음,남,51-60세,승용차,경상,비사업용,승용차,승용차,비사업용,승용차,승용차,고속국도,단일로,기타단일로,맑음,포장,건조,0,0,1,0
20170817,12시,충북,진천군,목,경상,차대차,추돌,추돌,안전운전 의무 불이행,남,41-50세,승용차,상해없음,여,51-60세,승용차,경상,비사업용,승용차,승용차,비사업용,승용차,승용차,고속국도,기타,기타,맑음,포장,건조,0,0,2,0
20170817,14시,경남,사천시,목,경상,차대차,기타,기타,안전운전 의무 불이행,남,41-50세,화물차,상해없음,남,31-40세,승용차,경상,사업용,화물차,화물차,비사업용,승용차,승용차,고속국도,단일로,기타단일로,맑음,포장,건조,0,0,3,0
20170817,15시,경기,광명시,목,중상,차대차,측면충돌,측면충돌,기타,남,41-50세,특수차,상해없음,남,51-60세,승용차,중상,사업용,화물차,화물차,비사업용,승용차,승용차,고속국도,단일로,기타단일로,맑음,포장,건조,0,1,0,0
20170817,15시,경기,안양시,목,경상,차대차,추돌,추돌,안전운전 의무 불이행,여,41-50세,승용차,상해없음,남,31-40세,승용차,경상,비사업용,승용차,승용차,비사업용,승용차,승용차,고속국도,단일로,기타단일로,맑음,포장,건조,0,0,1,0
20170817,15시,경기,평택시,목,경상,차대차,기타,기타,중앙선 침범,남,21-30세,화물차,상해없음,남,51-60세,승용차,경상,비사업용,화물차,화물차,비사업용,승용차,승용차,고속국도,단일로,기타단일로,맑음,포장,건조,0,0,1,0
20170817,23시,전북,정읍시,목,중상,차량단독,공작물충돌,공작물충돌,안전운전 의무 불이행,남,31-40세,승용차,중상,없음,불명,없음,없음,비사업용,승용차,승용차,없음,없음,없음,고속국도,단일로,기타단일로,맑음,포장,건조,0,1,0,0
20170818,00시,경기,수원시,금,경상,차대차,측면충돌,측면충돌,안전운전 의무 불이행,남,41-50세,화물차,상해없음,남,31-40세,화물차,경상,비사업용,화물차,화물차,비사업용,화물차,화물차,고속국도,단일로,기타단일로,흐림,포장,젖음/습기,0,0,1,0
20170818,02시,광주,광산구,금,경상,차대차,추돌,추돌,안전운전 의무 불이행,남,41-50세,승용차,경상,남,51-60세,화물차,경상,비사업용,승용차,승용차,사업용,화물차,화물차,고속국도,단일로,기타단일로,맑음,포장,건조,0,0,2,0
20170818,11시,경기,안산시,금,경상,차대차,기타,기타,안전거리 미확보,남,51-60세,특수차,상해없음,남,61-64세,승용차,경상,사업용,화물차,화물차,비사업용,승용차,승용차,고속국도,단일로,기타단일로,맑음,포장,건조,0,0,2,0
20170818,11시,경북,군위군,금,사망,차량단독,공작물충돌,공작물충돌,안전운전 의무 불이행,남,21-30세,건설기계,사망,없음,불명,없음,없음,사업용,기타/건설기계,기타/건설기계,없음,없음,없음,고속국도,단일로,기타단일로,맑음,포장,건조,1,0,0,0
20170818,14시,경기,성남시,금,경상,차대차,측면충돌,측면충돌,안전거리 미확보,남,31-40세,화물차,상해없음,남,41-50세,화물차,경상,사업용,화물차,화물차,비사업용,화물차,화물차,고속국도,단일로,기타단일로,맑음,포장,건조,0,0,1,0
20170818,14시,경북,상주시,금,경상,차대차,추돌,추돌,안전거리 미확보,남,51-60세,화물차,상해없음,남,41-50세,승용차,경상,비사업용,화물차,화물차,비사업용,승용차,승용차,고속국도,단일로,기타단일로,맑음,포장,건조,0,0,3,0
20170818,14시,충남,당진시,금,경상,차대차,측면충돌,측면충돌,안전운전 의무 불이행,남,31-40세,화물차,상해없음,남,31-40세,승용차,경상,사업용,화물차,화물차,비사업용,승용차,승용차,고속국도,단일로,기타단일로,맑음,포장,건조,0,0,3,0
20170818,16시,대전,동구,금,사망,차량단독,공작물충돌,공작물충돌,안전운전 의무 불이행,남,51-60세,특수차,사망,없음,불명,없음,없음,사업용,화물차,화물차,없음,없음,없음,고속국도,단일로,기타단일로,맑음,포장,건조,1,0,0,0
20170818,17시,경기,군포시,금,경상,차대차,추돌,추돌,안전운전 의무 불이행,남,51-60세,승용차,상해없음,남,31-40세,승용차,경상,비사업용,승용차,승용차,비사업용,승용차,승용차,고속국도,단일로,기타단일로,맑음,포장,건조,0,0,1,0
20170818,17시,경기,평택시,금,경상,차대차,추돌,추돌,안전운전 의무 불이행,남,21-30세,승용차,상해없음,남,51-60세,승용차,경상,비사업용,승용차,승용차,비사업용,승용차,승용차,고속국도,단일로,기타단일로,맑음,포장,건조,0,0,2,0
20170818,18시,경북,구미시,금,경상,차대차,기타,기타,안전운전 의무 불이행,남,51-60세,화물차,상해없음,남,51-60세,승용차,경상,사업용,화물차,화물차,비사업용,승용차,승용차,고속국도,단일로,기타단일로,맑음,포장,건조,0,0,2,0
20170818,20시,경기,오산시,금,경상,차대차,추돌,추돌,안전운전 의무 불이행,남,65세이상,승용차,상해없음,여,51-60세,승용차,경상,비사업용,승용차,승용차,사업용,렌터카,렌터카,고속국도,단일로,기타단일로,맑음,포장,건조,0,0,2,3
20170818,20시,충북,음성군,금,중상,차대차,추돌,추돌,안전운전 의무 불이행,남,31-40세,승용차,상해없음,남,41-50세,승용차,중상,비사업용,승용차,승용차,비사업용,승용차,승용차,고속국도,기타,기타,맑음,포장,건조,0,2,1,0
20170818,21시,경기,군포시,금,경상,차대차,기타,기타,안전운전 의무 불이행,남,41-50세,화물차,상해없음,여,31-40세,승용차,경상,사업용,화물차,화물차,비사업용,승용차,승용차,고속국도,단일로,기타단일로,맑음,포장,건조,0,0,1,0
20170818,23시,경기,안양시,금,경상,차대차,기타,기타,안전운전 의무 불이행,남,61-64세,승용차,상해없음,남,61-64세,화물차,상해없음,사업용,택시,법인택시,사업용,화물차,화물차,고속국도,단일로,기타단일로,맑음,포장,건조,0,0,1,1
20170819,00시,경기,하남시,토,부상신고,차대차,추돌,추돌,안전운전 의무 불이행,여,51-60세,승용차,상해없음,남,61-64세,승합차,상해없음,비사업용,승용차,승용차,사업용,전세버스,전세버스,고속국도,단일로,기타단일로,맑음,포장,건조,0,0,0,4
20170819,00시,인천,부평구,토,경상,차대차,추돌,추돌,안전운전 의무 불이행,여,21-30세,승용차,상해없음,여,31-40세,승용차,경상,비사업용,승용차,승용차,비사업용,승용차,승용차,고속국도,단일로,기타단일로,맑음,포장,건조,0,0,1,0
20170819,02시,충북,충주시,토,경상,차대차,측면충돌,측면충돌,안전운전 의무 불이행,남,51-60세,특수차,상해없음,남,41-50세,승용차,상해없음,사업용,화물차,화물차,비사업용,승용차,승용차,고속국도,단일로,터널안,맑음,포장,건조,0,0,1,0
20170819,06시,전북,순창군,토,경상,차대차,추돌,추돌,안전운전 의무 불이행,남,21-30세,승용차,상해없음,남,51-60세,승용차,경상,비사업용,승용차,승용차,비사업용,승용차,승용차,고속국도,단일로,기타단일로,맑음,포장,건조,0,0,1,0
20170819,11시,인천,계양구,토,중상,차대차,추돌,추돌,안전운전 의무 불이행,남,21-30세,승용차,상해없음,남,31-40세,승합차,중상,비사업용,승용차,승용차,비사업용,버스,버스,고속국도,단일로,기타단일로,맑음,포장,건조,0,1,0,0
20170819,13시,인천,연수구,토,경상,차대차,추돌,추돌,안전운전 의무 불이행,남,31-40세,특수차,상해없음,남,51-60세,화물차,경상,사업용,화물차,화물차,비사업용,화물차,화물차,고속국도,단일로,기타단일로,맑음,포장,건조,0,0,1,0
20170819,18시,경기,이천시,토,중상,차대차,추돌,추돌,안전운전 의무 불이행,남,41-50세,승용차,경상,남,51-60세,승용차,중상,비사업용,승용차,승용차,비사업용,승용차,승용차,고속국도,단일로,기타단일로,맑음,포장,건조,0,2,3,4
20170819,20시,경기,평택시,토,중상,차대차,추돌,추돌,안전거리 미확보,여,41-50세,승용차,상해없음,남,51-60세,승용차,중상,비사업용,승용차,승용차,비사업용,승용차,승용차,고속국도,단일로,기타단일로,맑음,포장,건조,0,1,0,0
20170819,23시,경기,화성시,토,경상,차대차,측면충돌,측면충돌,안전거리 미확보,남,51-60세,승용차,상해없음,남,31-40세,승용차,경상,비사업용,승용차,승용차,비사업용,승용차,승용차,고속국도,단일로,기타단일로,비,포장,젖음/습기,0,0,4,0
20170819,23시,충남,당진시,토,중상,차대차,측면충돌,측면충돌,안전운전 의무 불이행,기타불명,불명,불명,기타불명,남,20세이하,승용차,경상,불명,불명,불명,비사업용,승용차,승용차,고속국도,단일로,기타단일로,비,포장,젖음/습기,0,1,6,0
20170820,00시,인천,부평구,일,경상,차대차,추돌,추돌,안전거리 미확보,남,21-30세,승용차,상해없음,남,31-40세,승용차,경상,사업용,렌터카,렌터카,비사업용,승용차,승용차,고속국도,단일로,교량위,비,포장,젖음/습기,0,0,1,0
20170820,01시,전남,순천시,일,중상,차대차,측면충돌,측면충돌,안전운전 의무 불이행,남,51-60세,승합차,상해없음,남,31-40세,승용차,상해없음,사업용,노선버스,시외버스,비사업용,승용차,승용차,고속국도,단일로,기타단일로,비,포장,젖음/습기,0,1,8,0
20170820,03시,서울,서초구,일,경상,차대차,추돌,추돌,안전운전 의무 불이행,남,31-40세,승용차,상해없음,남,21-30세,승용차,경상,비사업용,승용차,승용차,비사업용,승용차,승용차,고속국도,단일로,기타단일로,맑음,포장,건조,0,0,1,0
20170820,03시,전남,담양군,일,경상,차대차,기타,기타,기타,남,31-40세,승용차,상해없음,남,21-30세,승용차,경상,비사업용,승용차,승용차,비사업용,승용차,승용차,고속국도,단일로,기타단일로,비,포장,젖음/습기,0,0,4,0
20170820,07시,경기,하남시,일,중상,차량단독,전도전복,전도전복,안전운전 의무 불이행,남,51-60세,승합차,상해없음,없음,불명,없음,없음,사업용,전세버스,전세버스,없음,없음,없음,고속국도,단일로,기타단일로,비,포장,젖음/습기,0,2,13,0
20170820,08시,경기,성남시,일,중상,차대차,측면충돌,측면충돌,안전운전 의무 불이행,남,31-40세,승용차,상해없음,남,31-40세,승용차,중상,비사업용,승용차,승용차,비사업용,승용차,승용차,고속국도,단일로,기타단일로,비,포장,젖음/습기,0,1,0,0
20170820,08시,경북,김천시,일,경상,차대차,기타,기타,안전운전 의무 불이행,남,61-64세,승용차,상해없음,남,41-50세,승용차,경상,사업용,렌터카,렌터카,비사업용,승용차,승용차,고속국도,단일로,기타단일로,비,포장,젖음/습기,0,0,1,0
20170820,08시,충북,충주시,일,사망,차대차,추돌,추돌,안전운전 의무 불이행,남,51-60세,승용차,상해없음,남,21-30세,승용차,경상,비사업용,승용차,승용차,비사업용,승용차,승용차,고속국도,단일로,기타단일로,비,포장,젖음/습기,1,0,1,0
20170820,09시,대전,대덕구,일,중상,차대사람,기타,기타,안전운전 의무 불이행,남,61-64세,승용차,상해없음,남,65세이상,보행자,중상,비사업용,승용차,승용차,보행자,보행자,보행자,고속국도,단일로,기타단일로,비,포장,젖음/습기,0,1,0,0
20170820,10시,경북,경주시,일,경상,차대차,추돌,추돌,안전운전 의무 불이행,남,51-60세,화물차,상해없음,남,31-40세,승용차,경상,비사업용,화물차,화물차,비사업용,승용차,승용차,고속국도,단일로,기타단일로,맑음,포장,건조,0,0,2,0
20170820,13시,경북,김천시,일,중상,차대차,기타,기타,기타,남,31-40세,화물차,상해없음,남,51-60세,특수차,경상,비사업용,화물차,화물차,사업용,화물차,화물차,고속국도,단일로,기타단일로,맑음,포장,건조,0,1,1,0
20170820,13시,경북,영천시,일,중상,차대차,기타,기타,안전운전 의무 불이행,남,31-40세,승용차,상해없음,남,31-40세,승용차,중상,비사업용,승용차,승용차,사업용,렌터카,렌터카,고속국도,기타,기타,맑음,포장,건조,0,2,0,0
20170820,17시,경기,화성시,일,중상,차대차,측면충돌,측면충돌,안전운전 의무 불이행,여,51-60세,승용차,상해없음,남,21-30세,승용차,중상,비사업용,승용차,승용차,비사업용,승용차,승용차,고속국도,단일로,기타단일로,흐림,포장,젖음/습기,0,2,0,0
20170820,18시,경기,남양주시,일,중상,차대차,추돌,추돌,안전운전 의무 불이행,남,21-30세,승용차,상해없음,남,41-50세,승용차,중상,비사업용,승용차,승용차,사업용,렌터카,렌터카,고속국도,단일로,기타단일로,비,포장,젖음/습기,0,4,2,0
20170820,18시,충북,청주시,일,경상,차대사람,기타,기타,안전운전 의무 불이행,남,51-60세,화물차,상해없음,남,21-30세,보행자,경상,비사업용,화물차,화물차,보행자,보행자,보행자,고속국도,단일로,기타단일로,흐림,포장,건조,0,0,1,0
20170820,21시,경기,남양주시,일,부상신고,차대차,기타,기타,안전운전 의무 불이행,남,41-50세,승용차,부상신고,남,41-50세,승용차,상해없음,비사업용,승용차,승용차,비사업용,승용차,승용차,고속국도,단일로,기타단일로,비,포장,젖음/습기,0,0,0,1
20170820,21시,경기,성남시,일,중상,차대차,기타,기타,과속,남,41-50세,승용차,상해없음,남,41-50세,승용차,중상,비사업용,승용차,승용차,비사업용,승용차,승용차,고속국도,단일로,기타단일로,비,포장,젖음/습기,0,1,0,0
20170820,21시,대구,북구,일,경상,차대차,추돌,추돌,안전운전 의무 불이행,남,41-50세,승용차,상해없음,여,31-40세,승용차,경상,비사업용,승용차,승용차,비사업용,승용차,승용차,고속국도,단일로,기타단일로,흐림,포장,건조,0,0,1,0
20170820,23시,경기,안성시,일,경상,차량단독,공작물충돌,공작물충돌,안전운전 의무 불이행,남,41-50세,승용차,경상,없음,불명,없음,없음,비사업용,승용차,승용차,없음,없음,없음,고속국도,단일로,기타단일로,맑음,포장,건조,0,0,1,0
20170820,23시,경북,김천시,일,사망,차대차,추돌,추돌,안전운전 의무 불이행,남,51-60세,화물차,사망,남,51-60세,화물차,상해없음,사업용,화물차,화물차,사업용,화물차,화물차,고속국도,단일로,기타단일로,흐림,포장,건조,1,0,0,0
20170821,00시,인천,계양구,월,경상,차대차,측면충돌,측면충돌,과속,남,65세이상,승용차,상해없음,여,31-40세,승용차,상해없음,사업용,택시,법인택시,비사업용,승용차,승용차,고속국도,단일로,고가도로위,비,포장,젖음/습기,0,0,1,0
20170821,02시,경남,양산시,월,중상,차대차,추돌,추돌,안전운전 의무 불이행,남,31-40세,승용차,중상,남,51-60세,화물차,경상,비사업용,승용차,승용차,사업용,화물차,화물차,고속국도,단일로,기타단일로,맑음,포장,건조,0,1,1,0
20170821,03시,경남,양산시,월,경상,차대차,기타,기타,안전운전 의무 불이행,남,31-40세,화물차,경상,남,31-40세,승용차,상해없음,비사업용,화물차,화물차,비사업용,승용차,승용차,고속국도,단일로,기타단일로,맑음,포장,건조,0,0,1,0
20170821,06시,경기,군포시,월,경상,차대차,추돌,추돌,안전운전 의무 불이행,남,65세이상,승용차,상해없음,남,31-40세,승용차,경상,비사업용,승용차,승용차,비사업용,승용차,승용차,고속국도,단일로,기타단일로,맑음,포장,건조,0,0,3,0
20170821,07시,인천,연수구,월,경상,차대차,추돌,추돌,안전운전 의무 불이행,남,61-64세,승용차,상해없음,남,51-60세,승합차,경상,사업용,택시,법인택시,사업용,노선버스,고속버스,고속국도,단일로,기타단일로,맑음,포장,건조,0,0,1,0
20170821,07시,충북,청주시,월,경상,차대차,추돌,추돌,안전운전 의무 불이행,여,31-40세,승용차,상해없음,남,51-60세,승용차,경상,사업용,렌터카,렌터카,비사업용,승용차,승용차,고속국도,단일로,기타단일로,맑음,포장,건조,0,0,4,0
20170821,11시,경기,수원시,월,경상,차대차,기타,기타,안전거리 미확보,남,51-60세,화물차,상해없음,남,65세이상,승용차,경상,비사업용,화물차,화물차,비사업용,승용차,승용차,고속국도,단일로,터널안,맑음,포장,건조,0,0,2,0
20170821,12시,경기,가평군,월,경상,차대차,추돌,추돌,안전운전 의무 불이행,남,21-30세,승용차,상해없음,남,31-40세,승용차,경상,사업용,렌터카,렌터카,비사업용,승용차,승용차,고속국도,단일로,기타단일로,흐림,포장,건조,0,0,3,0
20170821,15시,울산,울주군,월,경상,차대차,측면충돌,측면충돌,안전운전 의무 불이행,남,41-50세,화물차,상해없음,여,31-40세,승용차,경상,사업용,화물차,화물차,비사업용,승용차,승용차,고속국도,단일로,기타단일로,맑음,포장,건조,0,0,1,0
20170821,15시,인천,미추홀구,월,경상,차대차,측면충돌,측면충돌,안전거리 미확보,남,51-60세,승용차,상해없음,남,65세이상,승용차,경상,비사업용,승용차,승용차,비사업용,승용차,승용차,고속국도,단일로,기타단일로,맑음,포장,건조,0,0,1,0
20170821,16시,강원,인제군,월,중상,차대차,정면충돌,정면충돌,안전운전 의무 불이행,남,31-40세,화물차,중상,남,51-60세,승용차,상해없음,비사업용,화물차,화물차,비사업용,승용차,승용차,고속국도,단일로,터널안,비,포장,젖음/습기,0,4,0,7
20170821,16시,경기,평택시,월,경상,차대차,추돌,추돌,안전운전 의무 불이행,남,51-60세,특수차,상해없음,여,51-60세,화물차,경상,사업용,화물차,화물차,비사업용,화물차,화물차,고속국도,단일로,기타단일로,맑음,포장,건조,0,0,1,0
20170821,16시,경남,창원시,월,경상,차대차,추돌,추돌,안전운전 의무 불이행,남,41-50세,승용차,상해없음,남,21-30세,승용차,경상,비사업용,승용차,승용차,비사업용,승용차,승용차,고속국도,단일로,터널안,맑음,포장,건조,0,0,2,0
20170821,20시,경기,김포시,월,중상,차대차,추돌,추돌,안전거리 미확보,남,21-30세,승용차,상해없음,여,51-60세,승용차,중상,사업용,렌터카,렌터카,사업용,렌터카,렌터카,고속국도,단일로,교량위,맑음,포장,건조,0,1,0,0
20170821,22시,전남,담양군,월,경상,차대차,측면충돌,측면충돌,안전운전 의무 불이행,남,31-40세,승용차,상해없음,남,31-40세,승용차,경상,사업용,렌터카,렌터카,비사업용,승용차,승용차,고속국도,단일로,기타단일로,비,포장,젖음/습기,0,0,1,0
20170821,23시,세종,세종시,월,사망,차대차,추돌,추돌,안전운전 의무 불이행,남,51-60세,화물차,상해없음,남,51-60세,화물차,경상,사업용,화물차,화물차,사업용,화물차,화물차,고속국도,단일로,기타단일로,흐림,포장,젖음/습기,1,0,1,0
20170822,12시,대전,유성구,화,중상,차대차,측면충돌,측면충돌,안전운전 의무 불이행,남,41-50세,특수차,중상,남,51-60세,승합차,경상,사업용,화물차,화물차,사업용,노선버스,시외버스,고속국도,단일로,기타단일로,흐림,포장,젖음/습기,0,1,8,0
20170822,13시,대전,동구,화,경상,차량단독,기타,기타,안전운전 의무 불이행,남,41-50세,화물차,경상,없음,불명,없음,없음,비사업용,화물차,화물차,없음,없음,없음,고속국도,단일로,기타단일로,비,포장,젖음/습기,0,0,1,0
20170822,17시,강원,춘천시,화,경상,차대차,추돌,추돌,안전거리 미확보,남,21-30세,승용차,경상,남,31-40세,승용차,경상,비사업용,승용차,승용차,사업용,렌터카,렌터카,고속국도,단일로,교량위,맑음,포장,건조,0,0,18,0
20170822,18시,경기,구리시,화,경상,차대차,측면충돌,측면충돌,안전운전 의무 불이행,남,41-50세,화물차,상해없음,여,31-40세,승용차,경상,사업용,화물차,화물차,비사업용,승용차,승용차,고속국도,단일로,기타단일로,맑음,포장,건조,0,0,1,0
20170822,19시,경기,김포시,화,경상,차대차,측면충돌,측면충돌,기타,여,41-50세,승용차,상해없음,여,21-30세,승용차,경상,비사업용,승용차,승용차,비사업용,승용차,승용차,고속국도,단일로,기타단일로,맑음,포장,건조,0,0,1,0
20170822,19시,광주,북구,화,경상,차대차,추돌,추돌,안전거리 미확보,남,41-50세,승용차,상해없음,남,31-40세,승용차,경상,비사업용,승용차,승용차,비사업용,승용차,승용차,고속국도,교차로,교차로내,맑음,포장,건조,0,0,2,0
20170822,23시,경기,시흥시,화,사망,차대차,추돌,추돌,안전운전 의무 불이행,남,41-50세,승용차,사망,남,51-60세,화물차,기타불명,비사업용,승용차,승용차,사업용,화물차,화물차,고속국도,단일로,기타단일로,맑음,포장,건조,1,0,0,0
20170823,05시,충북,진천군,수,경상,차대차,기타,기타,안전운전 의무 불이행,남,41-50세,특수차,경상,여,21-30세,승용차,상해없음,사업용,화물차,화물차,비사업용,승용차,승용차,고속국도,기타,기타,비,포장,젖음/습기,0,0,1,0
20170823,08시,경기,안양시,수,경상,차량단독,공작물충돌,공작물충돌,안전운전 의무 불이행,남,51-60세,승용차,상해없음,없음,불명,없음,없음,사업용,택시,법인택시,없음,없음,없음,고속국도,단일로,기타단일로,비,포장,젖음/습기,0,0,1,0
20170823,08시,경남,김해시,수,경상,차대차,측면충돌,측면충돌,기타,남,51-60세,화물차,상해없음,남,21-30세,승용차,경상,비사업용,화물차,화물차,비사업용,승용차,승용차,고속국도,단일로,기타단일로,맑음,포장,건조,0,0,1,0
20170823,09시,경기,용인시,수,중상,차대차,추돌,추돌,안전운전 의무 불이행,남,65세이상,승용차,상해없음,남,41-50세,승용차,중상,비사업용,승용차,승용차,비사업용,승용차,승용차,고속국도,단일로,기타단일로,맑음,포장,건조,0,1,0,0
20170823,10시,경기,시흥시,수,경상,차대차,기타,기타,안전운전 의무 불이행,남,61-64세,화물차,상해없음,여,51-60세,승용차,경상,사업용,화물차,화물차,비사업용,승용차,승용차,고속국도,단일로,기타단일로,비,포장,젖음/습기,0,0,1,0
20170823,10시,경기,하남시,수,중상,차대차,추돌,추돌,안전운전 의무 불이행,남,51-60세,특수차,상해없음,남,51-60세,화물차,경상,사업용,화물차,화물차,사업용,화물차,화물차,고속국도,단일로,터널안,비,포장,기타,0,1,1,0
20170823,10시,대전,유성구,수,경상,차대차,측면충돌,측면충돌,안전운전 의무 불이행,남,51-60세,건설기계,상해없음,남,41-50세,승용차,경상,사업용,기타/건설기계,기타/건설기계,비사업용,승용차,승용차,고속국도,단일로,기타단일로,맑음,포장,건조,0,0,1,0
20170823,12시,인천,미추홀구,수,경상,차대차,추돌,추돌,안전거리 미확보,남,65세이상,화물차,상해없음,남,41-50세,화물차,경상,사업용,화물차,화물차,비사업용,화물차,화물차,고속국도,단일로,교량위,맑음,포장,건조,0,0,2,0
20170823,14시,경기,성남시,수,경상,차대차,추돌,추돌,안전운전 의무 불이행,남,21-30세,승용차,상해없음,남,41-50세,승용차,상해없음,비사업용,승용차,승용차,비사업용,승용차,승용차,고속국도,단일로,기타단일로,맑음,포장,건조,0,0,1,0
20170823,14시,경기,용인시,수,중상,차대차,기타,기타,안전운전 의무 불이행,남,20세이하,승합차,상해없음,남,21-30세,승용차,중상,비사업용,기타/건설기계,기타/건설기계,비사업용,승용차,승용차,고속국도,단일로,기타단일로,맑음,포장,건조,0,4,0,2
20170823,16시,경기,오산시,수,경상,차대차,추돌,추돌,안전거리 미확보,남,51-60세,화물차,상해없음,남,31-40세,화물차,경상,비사업용,화물차,화물차,비사업용,화물차,화물차,고속국도,단일로,기타단일로,흐림,포장,젖음/습기,0,0,2,0
20170823,17시,충북,제천시,수,경상,차대차,추돌,추돌,안전거리 미확보,남,51-60세,승합차,상해없음,남,61-64세,화물차,경상,사업용,노선버스,고속버스,비사업용,화물차,화물차,고속국도,단일로,기타단일로,비,포장,젖음/습기,0,0,1,0
20170823,21시,대구,북구,수,경상,차대차,측면충돌,측면충돌,안전운전 의무 불이행,남,21-30세,승용차,상해없음,남,21-30세,승용차,경상,사업용,렌터카,렌터카,비사업용,승용차,승용차,고속국도,단일로,기타단일로,맑음,포장,건조,0,0,3,0
20170823,23시,충남,천안시,수,경상,차대차,추돌,추돌,안전운전 의무 불이행,남,31-40세,승용차,기타불명,남,65세이상,승용차,경상,비사업용,승용차,승용차,사업용,택시,법인택시,고속국도,기타,기타,맑음,포장,건조,0,0,1,0
20170824,00시,경기,화성시,목,경상,차대차,기타,기타,안전운전 의무 불이행,남,31-40세,승용차,상해없음,남,21-30세,화물차,상해없음,비사업용,승용차,승용차,사업용,화물차,화물차,고속국도,단일로,기타단일로,맑음,포장,건조,0,0,1,0