발생일,발생시간,발생지_시도,발생지_시군구,요일,사고내용,사고유형_대분류,사고유형_중분류,사고유형,가해자법규위반,가해자성별,가해자연령,가해당사자종별,가해자신체상해정도,피해자성별,피해자연령,피해당사자종별,피해자신체상해정도,가해차량용도_대분류,가해차량용도_중분류,가해차량용도,피해차량용도_대분류,피해차량용도_중분류,피해차량용도,도로종류,도로형태_대분류,도로형태,기상상태,노면상태_대분류,노면상태,사망자수,중상자수,경상자수,부상신고자수
20170901,17시,경기,의왕시,금,경상,차대차,추돌,추돌,안전운전 의무 불이행,남,21-30세,화물차,상해없음,여,51-60세,승용차,경상,비사업용,화물차,화물차,비사업용,승용차,승용차,고속국도,단일로,기타단일로,맑음,포장,건조,0,0,3,1
20170901,19시,경기,김포시,금,경상,차대차,측면충돌,측면충돌,안전운전 의무 불이행,남,51-60세,화물차,상해없음,남,51-60세,승용차,경상,비사업용,화물차,화물차,비사업용,승용차,승용차,고속국도,단일로,기타단일로,맑음,포장,건조,0,0,1,0
20170901,19시,경남,김해시,금,중상,차대차,측면충돌,측면충돌,안전거리 미확보,여,51-60세,승용차,중상,남,51-60세,특수차,경상,비사업용,승용차,승용차,사업용,화물차,화물차,고속국도,단일로,기타단일로,맑음,포장,건조,0,1,1,0
20170901,19시,충남,천안시,금,경상,차대차,추돌,추돌,안전운전 의무 불이행,남,41-50세,승용차,경상,남,31-40세,승용차,경상,비사업용,승용차,승용차,비사업용,승용차,승용차,고속국도,단일로,기타단일로,맑음,포장,건조,0,0,6,0
20170902,07시,부산,강서구,토,경상,차대차,추돌,추돌,안전운전 의무 불이행,남,51-60세,화물차,상해없음,남,61-64세,화물차,경상,사업용,화물차,화물차,비사업용,화물차,화물차,고속국도,단일로,기타단일로,맑음,포장,건조,0,0,2,0
20170902,07시,인천,부평구,토,경상,차대차,측면충돌,측면충돌,안전거리 미확보,남,61-64세,승용차,상해없음,남,41-50세,승용차,경상,사업용,택시,법인택시,비사업용,승용차,승용차,고속국도,단일로,교량위,맑음,포장,건조,0,0,1,0
20170902,09시,경기,용인시,토,경상,차대차,기타,기타,안전운전 의무 불이행,남,41-50세,승용차,상해없음,남,51-60세,승합차,상해없음,사업용,렌터카,렌터카,사업용,노선버스,고속버스,고속국도,단일로,기타단일로,맑음,포장,건조,0,0,2,2
20170902,09시,경기,용인시,토,경상,차대차,추돌,추돌,안전운전 의무 불이행,남,21-30세,승용차,상해없음,남,51-60세,승용차,경상,비사업용,승용차,승용차,비사업용,승용차,승용차,고속국도,단일로,기타단일로,맑음,포장,건조,0,0,2,3
20170902,10시,경기,안성시,토,경상,차대차,기타,기타,안전운전 의무 불이행,여,51-60세,승용차,상해없음,남,41-50세,화물차,경상,비사업용,승용차,승용차,사업용,화물차,화물차,고속국도,단일로,기타단일로,맑음,포장,건조,0,0,1,1
20170902,11시,경기,성남시,토,경상,차대차,기타,기타,안전운전 의무 불이행,남,51-60세,승용차,상해없음,남,31-40세,승용차,경상,비사업용,승용차,승용차,비사업용,승용차,승용차,고속국도,단일로,기타단일로,맑음,포장,건조,0,0,3,1
20170902,11시,경기,안성시,토,경상,차대차,기타,기타,안전운전 의무 불이행,남,20세이하,승용차,상해없음,남,41-50세,승용차,경상,비사업용,승용차,승용차,비사업용,승용차,승용차,고속국도,단일로,기타단일로,맑음,포장,건조,0,0,3,0
20170902,11시,경기,용인시,토,사망,차대차,기타,기타,안전운전 의무 불이행,남,41-50세,승합차,사망,남,51-60세,승합차,경상,사업용,전세버스,전세버스,사업용,전세버스,전세버스,고속국도,단일로,기타단일로,맑음,포장,건조,1,9,68,27
20170902,11시,경남,함안군,토,중상,차대차,추돌,추돌,안전운전 의무 불이행,남,21-30세,승용차,상해없음,여,51-60세,승용차,중상,비사업용,승용차,승용차,비사업용,승용차,승용차,고속국도,단일로,기타단일로,맑음,포장,건조,0,1,0,0
20170902,13시,경기,평택시,토,중상,차대차,기타,기타,안전운전 의무 불이행,남,31-40세,승용차,상해없음,남,21-30세,승용차,중상,비사업용,승용차,승용차,비사업용,승용차,승용차,고속국도,단일로,기타단일로,맑음,포장,건조,0,1,0,0
20170902,14시,경기,광주시,토,경상,차대차,추돌,추돌,안전운전 의무 불이행,남,41-50세,승용차,상해없음,남,31-40세,승용차,경상,비사업용,승용차,승용차,비사업용,승용차,승용차,고속국도,단일로,기타단일로,맑음,포장,건조,0,0,4,0
20170902,14시,경기,안성시,토,경상,차대차,기타,기타,안전거리 미확보,남,51-60세,승용차,부상신고,남,51-60세,승용차,경상,사업용,렌터카,렌터카,사업용,렌터카,렌터카,고속국도,단일로,기타단일로,맑음,포장,건조,0,0,8,4
20170902,15시,강원,춘천시,토,경상,차대차,추돌,추돌,안전운전 의무 불이행,남,61-64세,승용차,상해없음,남,51-60세,승용차,경상,비사업용,승용차,승용차,사업용,렌터카,렌터카,고속국도,단일로,기타단일로,맑음,포장,건조,0,0,2,0
20170902,15시,경기,평택시,토,경상,차대차,추돌,추돌,안전운전 의무 불이행,남,21-30세,승용차,부상신고,남,41-50세,승합차,경상,비사업용,승용차,승용차,비사업용,기타/건설기계,기타/건설기계,고속국도,단일로,기타단일로,맑음,포장,건조,0,0,7,3
20170902,15시,경남,함안군,토,경상,차대차,추돌,추돌,안전운전 의무 불이행,남,61-64세,승용차,상해없음,여,31-40세,승용차,경상,사업용,택시,법인택시,비사업용,승용차,승용차,고속국도,단일로,기타단일로,맑음,포장,건조,0,0,1,0
20170902,15시,충남,천안시,토,사망,차대차,추돌,추돌,안전운전 의무 불이행,남,51-60세,승합차,경상,남,41-50세,승용차,사망,사업용,노선버스,고속버스,비사업용,승용차,승용차,고속국도,단일로,기타단일로,맑음,포장,건조,2,8,10,0
20170902,15시,충북,충주시,토,경상,차대차,추돌,추돌,안전운전 의무 불이행,남,41-50세,승용차,상해없음,남,65세이상,승용차,경상,비사업용,승용차,승용차,사업용,택시,개인택시,고속국도,단일로,기타단일로,맑음,포장,건조,0,0,2,0
20170902,16시,경기,평택시,토,경상,차대차,기타,기타,안전운전 의무 불이행,남,20세이하,승용차,상해없음,여,21-30세,승용차,경상,비사업용,승용차,승용차,비사업용,승용차,승용차,고속국도,단일로,기타단일로,맑음,포장,건조,0,0,4,0
20170902,16시,충남,당진시,토,중상,차대차,기타,기타,안전운전 의무 불이행,남,65세이상,화물차,상해없음,남,41-50세,승합차,경상,사업용,화물차,화물차,사업용,전세버스,전세버스,고속국도,단일로,교량위,맑음,포장,건조,0,3,6,0
20170902,18시,경기,성남시,토,부상신고,차대차,추돌,추돌,안전운전 의무 불이행,남,41-50세,승용차,상해없음,남,41-50세,승용차,부상신고,비사업용,승용차,승용차,비사업용,승용차,승용차,고속국도,단일로,기타단일로,맑음,포장,건조,0,0,0,2
20170902,18시,경기,평택시,토,경상,차대차,측면충돌,측면충돌,안전거리 미확보,남,31-40세,승용차,상해없음,남,51-60세,승용차,부상신고,비사업용,승용차,승용차,비사업용,승용차,승용차,고속국도,단일로,기타단일로,맑음,포장,건조,0,0,1,2
20170902,20시,경기,오산시,토,경상,차대차,정면충돌,정면충돌,중앙선 침범,남,61-64세,승합차,상해없음,남,61-64세,승용차,경상,사업용,노선버스,고속버스,비사업용,승용차,승용차,고속국도,단일로,기타단일로,맑음,포장,건조,0,0,11,0
20170902,22시,경기,안산시,토,경상,차대차,추돌,추돌,안전운전 의무 불이행,남,61-64세,승용차,상해없음,여,41-50세,승용차,경상,비사업용,승용차,승용차,비사업용,승용차,승용차,고속국도,단일로,기타단일로,맑음,포장,건조,0,0,1,0
20170902,22시,전남,무안군,토,중상,차대차,측면충돌,측면충돌,안전운전 의무 불이행,남,41-50세,화물차,중상,남,31-40세,승용차,상해없음,비사업용,화물차,화물차,비사업용,승용차,승용차,고속국도,단일로,기타단일로,맑음,포장,건조,0,1,0,0
20170903,06시,경북,경주시,일,중상,차대차,기타,기타,안전운전 의무 불이행,남,21-30세,승용차,상해없음,남,31-40세,화물차,중상,비사업용,승용차,승용차,사업용,화물차,화물차,고속국도,단일로,기타단일로,맑음,포장,건조,0,1,0,0
20170903,11시,충남,보령시,일,중상,차대차,측면충돌,측면충돌,안전운전 의무 불이행,여,41-50세,승용차,상해없음,남,51-60세,특수차,중상,비사업용,승용차,승용차,사업용,위험물운송,위험물운송,고속국도,단일로,기타단일로,맑음,포장,건조,0,2,0,0
20170903,13시,경기,용인시,일,경상,차대차,추돌,추돌,안전운전 의무 불이행,남,51-60세,승용차,상해없음,남,21-30세,특수차,경상,사업용,렌터카,렌터카,사업용,화물차,화물차,고속국도,단일로,기타단일로,맑음,포장,건조,0,0,1,0
20170903,13시,울산,울주군,일,경상,차대차,추돌,추돌,안전운전 의무 불이행,남,51-60세,승용차,상해없음,남,65세이상,화물차,경상,비사업용,승용차,승용차,비사업용,화물차,화물차,고속국도,단일로,기타단일로,맑음,포장,건조,0,0,1,0
20170903,15시,경북,칠곡군,일,경상,차대차,추돌,추돌,안전거리 미확보,남,51-60세,승용차,경상,여,31-40세,승용차,경상,비사업용,승용차,승용차,비사업용,승용차,승용차,고속국도,단일로,기타단일로,맑음,포장,건조,0,0,3,0
20170903,18시,충남,당진시,일,경상,차대차,기타,기타,안전운전 의무 불이행,남,21-30세,화물차,상해없음,남,51-60세,승용차,경상,비사업용,화물차,화물차,비사업용,승용차,승용차,고속국도,단일로,기타단일로,맑음,포장,건조,0,0,9,1
20170903,18시,충남,천안시,일,경상,차대차,추돌,추돌,안전운전 의무 불이행,남,51-60세,승용차,상해없음,남,51-60세,승용차,경상,비사업용,승용차,승용차,비사업용,승용차,승용차,고속국도,단일로,기타단일로,흐림,포장,건조,0,0,2,0
20170903,19시,충북,청주시,일,중상,차대차,측면충돌,측면충돌,안전운전 의무 불이행,남,21-30세,승용차,상해없음,남,41-50세,승합차,상해없음,사업용,렌터카,렌터카,사업용,노선버스,시외버스,고속국도,단일로,기타단일로,맑음,포장,건조,0,3,7,0
20170903,21시,인천,중구,일,경상,차대차,기타,기타,안전거리 미확보,여,31-40세,승용차,상해없음,남,31-40세,승용차,경상,비사업용,승용차,승용차,비사업용,승용차,승용차,고속국도,단일로,기타단일로,맑음,포장,건조,0,0,4,0
20170903,22시,전남,광양시,일,경상,차대사람,기타,기타,안전운전 의무 불이행,남,21-30세,승용차,상해없음,남,41-50세,보행자,경상,사업용,렌터카,렌터카,보행자,보행자,보행자,고속국도,기타,기타,맑음,포장,건조,0,0,1,0
20170904,05시,경기,구리시,월,경상,차대차,추돌,추돌,안전거리 미확보,남,51-60세,승용차,경상,남,21-30세,승용차,경상,비사업용,승용차,승용차,비사업용,승용차,승용차,고속국도,단일로,기타단일로,맑음,포장,건조,0,0,3,0
20170904,05시,대구,동구,월,중상,차대차,측면충돌,측면충돌,안전거리 미확보,남,41-50세,화물차,상해없음,남,65세이상,승용차,중상,사업용,화물차,화물차,비사업용,승용차,승용차,고속국도,단일로,기타단일로,맑음,포장,건조,0,1,0,0
20170904,14시,충북,제천시,월,경상,차대차,측면충돌,측면충돌,안전운전 의무 불이행,남,65세이상,화물차,상해없음,남,41-50세,승용차,경상,사업용,화물차,화물차,사업용,렌터카,렌터카,고속국도,단일로,기타단일로,맑음,포장,건조,0,0,1,0
20170904,15시,충북,괴산군,월,사망,차대차,추돌,추돌,안전운전 의무 불이행,남,41-50세,승용차,상해없음,남,51-60세,화물차,상해없음,사업용,렌터카,렌터카,비사업용,화물차,화물차,고속국도,단일로,기타단일로,맑음,포장,건조,1,0,0,0
20170904,16시,경기,용인시,월,부상신고,차대차,추돌,추돌,안전운전 의무 불이행,남,31-40세,승용차,상해없음,여,31-40세,승용차,부상신고,비사업용,승용차,승용차,비사업용,승용차,승용차,고속국도,단일로,기타단일로,맑음,포장,건조,0,0,0,5
20170904,17시,경기,시흥시,월,중상,차대차,추돌,추돌,안전거리 미확보,남,61-64세,승용차,상해없음,남,51-60세,특수차,상해없음,비사업용,승용차,승용차,사업용,화물차,화물차,고속국도,단일로,기타단일로,맑음,포장,건조,0,1,0,0
20170904,19시,인천,서구,월,사망,차대사람,차도통행중,차도통행중,안전운전 의무 불이행,남,65세이상,승용차,상해없음,여,65세이상,보행자,사망,비사업용,승용차,승용차,보행자,보행자,보행자,고속국도,단일로,교량위,맑음,포장,건조,1,0,0,0
20170904,20시,경기,평택시,월,중상,차대차,추돌,추돌,안전거리 미확보,남,31-40세,승합차,상해없음,남,51-60세,승합차,경상,사업용,전세버스,전세버스,사업용,전세버스,전세버스,고속국도,단일로,기타단일로,맑음,포장,건조,0,3,20,1
20170904,22시,경남,밀양시,월,중상,차대차,추돌,추돌,안전운전 의무 불이행,남,51-60세,승용차,상해없음,남,51-60세,화물차,중상,비사업용,승용차,승용차,비사업용,화물차,화물차,고속국도,단일로,기타단일로,맑음,포장,건조,0,1,0,0
20170904,22시,부산,강서구,월,중상,차대차,추돌,추돌,안전운전 의무 불이행,남,41-50세,승용차,중상,남,61-64세,화물차,상해없음,비사업용,승용차,승용차,사업용,화물차,화물차,고속국도,단일로,기타단일로,맑음,포장,건조,0,1,0,0
20170905,01시,충북,충주시,화,경상,차대차,추돌,추돌,안전운전 의무 불이행,남,51-60세,화물차,상해없음,남,61-64세,화물차,경상,사업용,화물차,화물차,사업용,화물차,화물차,고속국도,단일로,기타단일로,맑음,포장,건조,0,0,2,0
20170905,04시,경기,평택시,화,경상,차대차,추돌,추돌,안전운전 의무 불이행,기타불명,불명,승합차,기타불명,남,41-50세,화물차,경상,비사업용,기타/건설기계,기타/건설기계,비사업용,화물차,화물차,고속국도,단일로,기타단일로,맑음,포장,건조,0,0,2,0
20170905,07시,경남,창원시,화,경상,차대차,측면충돌,측면충돌,안전운전 의무 불이행,남,65세이상,승합차,상해없음,남,41-50세,승용차,경상,사업용,전세버스,전세버스,비사업용,승용차,승용차,고속국도,단일로,기타단일로,맑음,포장,건조,0,0,1,0
20170905,08시,강원,평창군,화,중상,차대차,측면충돌,측면충돌,안전운전 의무 불이행,기타불명,불명,불명,기타불명,남,51-60세,승용차,중상,불명,불명,불명,비사업용,승용차,승용차,고속국도,단일로,기타단일로,맑음,포장,건조,0,1,0,0
20170905,08시,경남,고성군,화,경상,차대차,측면충돌,측면충돌,안전운전 의무 불이행,여,31-40세,승용차,상해없음,남,31-40세,승용차,경상,비사업용,승용차,승용차,비사업용,승용차,승용차,고속국도,기타,기타,맑음,포장,건조,0,0,1,0
20170905,09시,경기,의왕시,화,중상,차대차,추돌,추돌,안전운전 의무 불이행,남,51-60세,승용차,상해없음,남,41-50세,화물차,중상,비사업용,승용차,승용차,비사업용,화물차,화물차,고속국도,단일로,기타단일로,맑음,포장,건조,0,2,1,0
20170905,12시,충남,천안시,화,중상,차대차,측면충돌,측면충돌,안전운전 의무 불이행,남,31-40세,승용차,상해없음,남,51-60세,화물차,중상,사업용,렌터카,렌터카,비사업용,화물차,화물차,고속국도,기타,기타,맑음,포장,건조,0,1,0,0
20170905,14시,경기,시흥시,화,경상,차대차,측면충돌,측면충돌,안전운전 의무 불이행,남,21-30세,승용차,상해없음,남,41-50세,승용차,경상,비사업용,승용차,승용차,비사업용,승용차,승용차,고속국도,단일로,기타단일로,맑음,포장,건조,0,0,1,0
20170905,19시,경기,용인시,화,중상,차대차,추돌,추돌,안전거리 미확보,남,51-60세,승합차,상해없음,남,41-50세,승합차,상해없음,사업용,전세버스,전세버스,사업용,노선버스,고속버스,고속국도,단일로,기타단일로,맑음,포장,건조,0,1,1,0
20170906,11시,충북,충주시,수,중상,차대차,추돌,추돌,안전운전 의무 불이행,남,31-40세,화물차,상해없음,남,51-60세,승용차,중상,비사업용,화물차,화물차,비사업용,승용차,승용차,고속국도,단일로,기타단일로,흐림,포장,건조,0,1,1,0
20170906,15시,경기,평택시,수,중상,차대차,추돌,추돌,안전운전 의무 불이행,남,31-40세,화물차,상해없음,여,51-60세,승용차,중상,비사업용,화물차,화물차,비사업용,승용차,승용차,고속국도,단일로,기타단일로,맑음,포장,건조,0,1,0,0
20170906,17시,강원,평창군,수,중상,차대차,추돌,추돌,안전운전 의무 불이행,남,21-30세,승용차,상해없음,남,51-60세,화물차,중상,사업용,렌터카,렌터카,비사업용,화물차,화물차,고속국도,단일로,기타단일로,흐림,포장,건조,0,2,0,0
20170906,17시,경기,성남시,수,경상,차대차,기타,기타,안전거리 미확보,남,41-50세,승용차,상해없음,남,21-30세,화물차,경상,비사업용,승용차,승용차,비사업용,화물차,화물차,고속국도,단일로,기타단일로,흐림,포장,젖음/습기,0,0,3,0
20170906,17시,경남,김해시,수,경상,차대차,기타,기타,안전거리 미확보,남,51-60세,승용차,상해없음,남,41-50세,승용차,경상,비사업용,승용차,승용차,비사업용,승용차,승용차,고속국도,단일로,기타단일로,비,포장,젖음/습기,0,0,1,0
20170906,20시,경기,군포시,수,경상,차대차,측면충돌,측면충돌,안전운전 의무 불이행,기타불명,불명,불명,기타불명,여,65세이상,승용차,경상,불명,불명,불명,비사업용,승용차,승용차,고속국도,단일로,기타단일로,비,포장,젖음/습기,0,0,2,0
20170906,22시,울산,울주군,수,중상,차대차,추돌,추돌,안전운전 의무 불이행,남,31-40세,승용차,상해없음,여,51-60세,승용차,경상,비사업용,승용차,승용차,비사업용,승용차,승용차,고속국도,단일로,기타단일로,맑음,포장,건조,0,2,1,0
20170906,22시,전남,담양군,수,경상,차대차,기타,기타,기타,남,41-50세,승합차,상해없음,남,41-50세,승용차,경상,사업용,전세버스,전세버스,비사업용,승용차,승용차,고속국도,단일로,기타단일로,비,포장,젖음/습기,0,0,1,0
20170906,23시,경기,남양주시,수,부상신고,차대차,추돌,추돌,안전운전 의무 불이행,여,31-40세,승용차,부상신고,남,41-50세,승용차,상해없음,비사업용,승용차,승용차,비사업용,승용차,승용차,고속국도,단일로,기타단일로,맑음,포장,건조,0,0,0,1
20170907,01시,광주,광산구,목,사망,차대차,정면충돌,정면충돌,중앙선 침범,남,31-40세,승용차,사망,남,31-40세,승용차,중상,비사업용,승용차,승용차,비사업용,승용차,승용차,고속국도,단일로,기타단일로,비,포장,젖음/습기,1,1,0,0
20170907,02시,광주,북구,목,중상,차대사람,길가장자리구역통행중,길가장자리구역통행중,안전운전 의무 불이행,기타불명,불명,불명,기타불명,남,21-30세,보행자,중상,불명,불명,불명,보행자,보행자,보행자,고속국도,단일로,기타단일로,비,포장,젖음/습기,0,1,0,0
20170907,05시,경기,성남시,목,경상,차대차,측면충돌,측면충돌,안전운전 의무 불이행,남,31-40세,승용차,상해없음,남,41-50세,승용차,경상,비사업용,승용차,승용차,비사업용,승용차,승용차,고속국도,단일로,기타단일로,맑음,포장,건조,0,0,2,0
20170907,07시,전남,순천시,목,중상,차대차,측면충돌,측면충돌,기타,남,51-60세,건설기계,상해없음,남,21-30세,승용차,중상,사업용,기타/건설기계,기타/건설기계,비사업용,승용차,승용차,고속국도,단일로,터널안,흐림,포장,건조,0,3,0,0
20170907,13시,경기,화성시,목,중상,차대차,추돌,추돌,안전운전 의무 불이행,남,31-40세,승용차,상해없음,남,41-50세,승용차,중상,비사업용,승용차,승용차,사업용,렌터카,렌터카,고속국도,단일로,기타단일로,맑음,포장,건조,0,1,4,0
20170907,16시,경기,양주시,목,중상,차대차,추돌,추돌,안전운전 의무 불이행,남,21-30세,승용차,상해없음,남,41-50세,화물차,중상,비사업용,승용차,승용차,비사업용,화물차,화물차,고속국도,단일로,기타단일로,맑음,포장,건조,0,1,0,0
20170907,18시,경기,고양시,목,중상,차대차,추돌,추돌,안전운전 의무 불이행,남,31-40세,화물차,상해없음,남,51-60세,승용차,중상,사업용,화물차,화물차,비사업용,승용차,승용차,고속국도,단일로,기타단일로,맑음,포장,건조,0,2,0,0
20170907,20시,경기,이천시,목,중상,차대차,측면충돌,측면충돌,안전운전 의무 불이행,남,31-40세,승용차,상해없음,남,61-64세,특수차,경상,비사업용,승용차,승용차,사업용,화물차,화물차,고속국도,기타,기타,맑음,포장,건조,0,1,1,0
20170907,20시,대구,동구,목,중상,차대차,추돌,추돌,안전운전 의무 불이행,남,21-30세,화물차,상해없음,남,31-40세,승용차,중상,비사업용,화물차,화물차,비사업용,승용차,승용차,고속국도,단일로,기타단일로,맑음,포장,건조,0,3,0,0
20170907,21시,경기,하남시,목,경상,차대차,측면충돌,측면충돌,안전거리 미확보,남,41-50세,승용차,경상,여,51-60세,승용차,경상,사업용,렌터카,렌터카,비사업용,승용차,승용차,고속국도,단일로,기타단일로,맑음,포장,건조,0,0,2,0
20170907,22시,경북,김천시,목,사망,차대차,추돌,추돌,안전운전 의무 불이행,남,21-30세,화물차,상해없음,남,51-60세,승용차,사망,사업용,화물차,화물차,비사업용,승용차,승용차,고속국도,단일로,기타단일로,맑음,포장,건조,1,0,0,0
20170907,23시,대구,북구,목,중상,차대차,추돌,추돌,안전운전 의무 불이행,남,21-30세,승용차,경상,여,31-40세,승용차,중상,비사업용,승용차,승용차,비사업용,승용차,승용차,고속국도,교차로,교차로내,맑음,포장,건조,0,2,4,0
20170908,07시,경북,영천시,금,사망,차량단독,도로이탈,도로이탈 추락,안전운전 의무 불이행,남,61-64세,화물차,사망,없음,불명,없음,없음,사업용,화물차,화물차,없음,없음,없음,고속국도,단일로,기타단일로,맑음,포장,건조,1,0,0,0
20170908,09시,경북,경주시,금,중상,차대차,추돌,추돌,안전운전 의무 불이행,남,21-30세,승용차,상해없음,남,51-60세,화물차,상해없음,사업용,렌터카,렌터카,사업용,화물차,화물차,고속국도,단일로,기타단일로,맑음,포장,건조,0,1,0,0
20170908,11시,경남,함안군,금,부상신고,차량단독,전복,전복,안전운전 의무 불이행,남,41-50세,승용차,부상신고,없음,불명,없음,없음,비사업용,승용차,승용차,없음,없음,없음,고속국도,단일로,기타단일로,맑음,포장,건조,0,0,0,1
20170908,12시,충북,진천군,금,경상,차대차,추돌,추돌,안전거리 미확보,남,41-50세,승용차,경상,남,31-40세,승용차,경상,비사업용,승용차,승용차,비사업용,승용차,승용차,고속국도,단일로,기타단일로,맑음,포장,건조,0,0,3,0
20170908,13시,경기,의왕시,금,중상,차대차,추돌,추돌,안전운전 의무 불이행,남,65세이상,특수차,상해없음,여,41-50세,승용차,중상,사업용,화물차,화물차,비사업용,승용차,승용차,고속국도,단일로,기타단일로,맑음,포장,건조,0,1,0,0
20170908,14시,충북,청주시,금,중상,차대차,추돌,추돌,안전운전 의무 불이행,남,51-60세,화물차,중상,남,41-50세,건설기계,경상,사업용,화물차,화물차,사업용,기타/건설기계,기타/건설기계,고속국도,단일로,기타단일로,맑음,포장,건조,0,1,1,0
20170908,16시,경기,평택시,금,중상,차대차,추돌,추돌,안전거리 미확보,여,51-60세,승용차,상해없음,남,31-40세,승용차,상해없음,비사업용,승용차,승용차,비사업용,승용차,승용차,고속국도,단일로,교량위,맑음,포장,건조,0,1,1,1
20170908,16시,경기,화성시,금,경상,차대차,측면충돌,측면충돌,안전거리 미확보,남,61-64세,승용차,상해없음,남,31-40세,승용차,상해없음,사업용,택시,개인택시,비사업용,승용차,승용차,고속국도,단일로,기타단일로,맑음,포장,건조,0,0,2,0
20170908,16시,충북,충주시,금,사망,차대차,추돌,추돌,안전운전 의무 불이행,남,51-60세,화물차,사망,남,61-64세,화물차,경상,사업용,화물차,화물차,사업용,화물차,화물차,고속국도,단일로,기타단일로,맑음,포장,건조,1,1,1,0
20170908,17시,서울,강동구,금,경상,차대차,추돌,추돌,안전운전 의무 불이행,남,51-60세,화물차,상해없음,남,21-30세,승용차,경상,사업용,화물차,화물차,비사업용,승용차,승용차,고속국도,단일로,기타단일로,맑음,포장,건조,0,0,1,0
20170908,17시,전남,광양시,금,경상,차대차,측면충돌,측면충돌,안전운전 의무 불이행,남,41-50세,승용차,상해없음,여,41-50세,승용차,경상,비사업용,승용차,승용차,비사업용,승용차,승용차,고속국도,단일로,기타단일로,맑음,포장,건조,0,0,1,0
20170908,18시,경기,여주시,금,중상,차대차,추돌,추돌,안전거리 미확보,남,41-50세,승용차,상해없음,남,41-50세,승용차,중상,비사업용,승용차,승용차,사업용,렌터카,렌터카,고속국도,단일로,지하차도(도로)내,맑음,포장,건조,0,1,0,0
20170908,22시,경기,의왕시,금,경상,차대차,기타,기타,안전거리 미확보,여,51-60세,승용차,상해없음,남,31-40세,승용차,경상,비사업용,승용차,승용차,비사업용,승용차,승용차,고속국도,단일로,기타단일로,맑음,포장,건조,0,0,1,0
20170908,22시,경남,고성군,금,경상,차대차,후진중충돌,후진중충돌,기타,남,51-60세,승용차,상해없음,남,41-50세,승용차,경상,비사업용,승용차,승용차,비사업용,승용차,승용차,고속국도,단일로,기타단일로,맑음,포장,건조,0,0,3,0
20170908,22시,경남,김해시,금,경상,차대차,측면충돌,측면충돌,중앙선 침범,남,31-40세,승용차,상해없음,남,51-60세,승용차,경상,비사업용,승용차,승용차,사업용,렌터카,렌터카,고속국도,단일로,기타단일로,맑음,포장,건조,0,0,2,0
20170908,23시,경기,화성시,금,경상,차대차,기타,기타,안전거리 미확보,남,51-60세,승용차,상해없음,남,51-60세,승용차,경상,비사업용,승용차,승용차,비사업용,승용차,승용차,고속국도,단일로,기타단일로,맑음,포장,건조,0,0,1,0
20170909,00시,경기,오산시,토,경상,차대차,추돌,추돌,안전운전 의무 불이행,남,31-40세,승용차,상해없음,남,65세이상,승용차,경상,비사업용,승용차,승용차,사업용,택시,개인택시,고속국도,단일로,기타단일로,맑음,포장,건조,0,0,2,0
20170909,02시,경기,남양주시,토,경상,차대차,추돌,추돌,안전거리 미확보,남,21-30세,승용차,상해없음,여,51-60세,승용차,경상,사업용,렌터카,렌터카,비사업용,승용차,승용차,고속국도,단일로,기타단일로,맑음,포장,건조,0,0,1,0
20170909,04시,경기,부천시,토,중상,차량단독,공작물충돌,공작물충돌,안전운전 의무 불이행,남,51-60세,승용차,상해없음,없음,불명,없음,없음,사업용,택시,법인택시,없음,없음,없음,고속국도,단일로,기타단일로,맑음,포장,건조,0,1,0,0
20170909,04시,전북,김제시,토,중상,차대차,측면충돌,측면충돌,안전운전 의무 불이행,여,41-50세,승용차,중상,남,41-50세,화물차,상해없음,비사업용,승용차,승용차,사업용,화물차,화물차,고속국도,단일로,기타단일로,맑음,포장,건조,0,1,0,0
20170909,07시,경기,이천시,토,경상,차대차,측면충돌,측면충돌,안전거리 미확보,남,61-64세,화물차,상해없음,남,21-30세,승용차,경상,사업용,화물차,화물차,비사업용,승용차,승용차,고속국도,단일로,기타단일로,안개,포장,젖음/습기,0,0,2,0
20170909,07시,인천,부평구,토,중상,차대차,추돌,추돌,안전운전 의무 불이행,남,51-60세,화물차,상해없음,남,51-60세,승용차,중상,비사업용,화물차,화물차,사업용,택시,개인택시,고속국도,단일로,기타단일로,맑음,포장,건조,0,1,1,0
20170909,08시,경기,시흥시,토,경상,차대차,측면충돌,측면충돌,안전운전 의무 불이행,남,31-40세,승용차,상해없음,남,41-50세,특수차,경상,비사업용,승용차,승용차,사업용,화물차,화물차,고속국도,단일로,기타단일로,맑음,포장,건조,0,0,1,0
20170909,08시,대구,북구,토,중상,차대차,기타,기타,안전운전 의무 불이행,여,31-40세,승용차,상해없음,남,31-40세,승용차,경상,비사업용,승용차,승용차,비사업용,승용차,승용차,고속국도,단일로,기타단일로,맑음,포장,건조,0,1,1,0
20170909,08시,충남,천안시,토,경상,차대차,측면충돌,측면충돌,안전운전 의무 불이행,남,31-40세,승용차,기타불명,남,51-60세,승용차,경상,비사업용,승용차,승용차,비사업용,승용차,승용차,고속국도,단일로,기타단일로,맑음,포장,건조,0,0,1,0
20170909,10시,경기,안성시,토,경상,차대차,추돌,추돌,안전운전 의무 불이행,남,31-40세,승용차,상해없음,남,41-50세,승용차,경상,비사업용,승용차,승용차,비사업용,승용차,승용차,고속국도,단일로,기타단일로,맑음,포장,건조,0,0,8,0