발생일,발생시간,발생지_시도,발생지_시군구,요일,사고내용,사고유형_대분류,사고유형_중분류,사고유형,가해자법규위반,가해자성별,가해자연령,가해당사자종별,가해자신체상해정도,피해자성별,피해자연령,피해당사자종별,피해자신체상해정도,가해차량용도_대분류,가해차량용도_중분류,가해차량용도,피해차량용도_대분류,피해차량용도_중분류,피해차량용도,도로종류,도로형태_대분류,도로형태,기상상태,노면상태_대분류,노면상태,사망자수,중상자수,경상자수,부상신고자수
20170917,17시,전북,남원시,일,사망,차량단독,공작물충돌,공작물충돌,안전운전 의무 불이행,남,41-50세,승용차,사망,없음,불명,없음,없음,비사업용,승용차,승용차,없음,없음,없음,고속국도,단일로,터널안,맑음,포장,건조,1,0,0,0
20170917,19시,경기,평택시,일,경상,차대차,추돌,추돌,안전운전 의무 불이행,남,31-40세,승용차,상해없음,남,41-50세,승용차,경상,사업용,렌터카,렌터카,비사업용,승용차,승용차,고속국도,단일로,기타단일로,맑음,포장,건조,0,0,3,0
20170917,20시,충남,공주시,일,중상,차대차,기타,기타,안전운전 의무 불이행,남,51-60세,승합차,상해없음,남,31-40세,승용차,경상,비사업용,버스,버스,비사업용,승용차,승용차,고속국도,단일로,기타단일로,맑음,포장,건조,0,1,4,0
20170917,21시,경기,하남시,일,중상,차대차,추돌,추돌,안전운전 의무 불이행,여,51-60세,승용차,상해없음,남,21-30세,승용차,중상,비사업용,승용차,승용차,비사업용,승용차,승용차,고속국도,단일로,기타단일로,맑음,포장,건조,0,1,0,0
20170918,01시,경기,안양시,월,중상,차대차,기타,기타,안전운전 의무 불이행,남,21-30세,승용차,상해없음,남,41-50세,승용차,중상,비사업용,승용차,승용차,비사업용,승용차,승용차,고속국도,단일로,기타단일로,맑음,포장,건조,0,1,0,0
20170918,02시,경기,수원시,월,사망,차량단독,기타,기타,안전운전 의무 불이행,남,61-64세,승합차,사망,없음,불명,없음,없음,비사업용,기타/건설기계,기타/건설기계,없음,없음,없음,고속국도,단일로,터널안,맑음,포장,건조,1,0,0,0
20170918,06시,경기,수원시,월,중상,차대차,측면충돌,측면충돌,안전운전 의무 불이행,남,31-40세,화물차,상해없음,여,51-60세,승용차,중상,사업용,화물차,화물차,비사업용,승용차,승용차,고속국도,단일로,기타단일로,맑음,포장,건조,0,2,0,0
20170918,06시,경기,여주시,월,경상,차대차,기타,기타,안전운전 의무 불이행,남,21-30세,승용차,상해없음,남,51-60세,승용차,경상,비사업용,승용차,승용차,비사업용,승용차,승용차,고속국도,기타,기타,맑음,포장,건조,0,0,1,0
20170918,06시,울산,울주군,월,경상,차대차,측면충돌,측면충돌,안전운전 의무 불이행,남,61-64세,특수차,상해없음,남,61-64세,화물차,경상,사업용,화물차,화물차,비사업용,화물차,화물차,고속국도,단일로,기타단일로,맑음,포장,건조,0,0,1,0
20170918,08시,경기,안산시,월,부상신고,차대차,추돌,추돌,안전거리 미확보,기타불명,불명,불명,기타불명,여,41-50세,승용차,부상신고,불명,불명,불명,비사업용,승용차,승용차,고속국도,단일로,교량위,맑음,포장,건조,0,0,0,1
20170918,09시,인천,연수구,월,경상,차대차,추돌,추돌,안전운전 의무 불이행,여,41-50세,승용차,상해없음,남,31-40세,승용차,경상,사업용,렌터카,렌터카,비사업용,승용차,승용차,고속국도,단일로,기타단일로,맑음,포장,건조,0,0,1,0
20170918,15시,충남,천안시,월,경상,차대차,후진중충돌,후진중충돌,안전운전 의무 불이행,남,41-50세,특수차,상해없음,남,21-30세,승용차,경상,사업용,화물차,화물차,비사업용,승용차,승용차,고속국도,기타,기타,맑음,포장,건조,0,0,1,0
20170918,16시,경기,성남시,월,경상,차대차,기타,기타,안전거리 미확보,남,41-50세,승용차,상해없음,남,51-60세,승용차,상해없음,비사업용,승용차,승용차,비사업용,승용차,승용차,고속국도,단일로,기타단일로,맑음,포장,건조,0,0,2,0
20170918,16시,충남,청양군,월,사망,차대차,추돌,추돌,안전운전 의무 불이행,남,51-60세,화물차,상해없음,남,51-60세,건설기계,상해없음,사업용,화물차,화물차,비사업용,기타/건설기계,기타/건설기계,고속국도,단일로,기타단일로,맑음,포장,건조,1,1,0,0
20170918,19시,충남,공주시,월,중상,차대차,추돌,추돌,안전운전 의무 불이행,남,65세이상,승용차,중상,남,41-50세,화물차,상해없음,비사업용,승용차,승용차,사업용,화물차,화물차,고속국도,단일로,기타단일로,맑음,포장,건조,0,1,2,0
20170918,20시,충북,옥천군,월,경상,차대차,추돌,추돌,안전운전 의무 불이행,남,65세이상,화물차,상해없음,남,31-40세,화물차,경상,비사업용,화물차,화물차,비사업용,화물차,화물차,고속국도,단일로,기타단일로,맑음,포장,건조,0,0,2,0
20170918,21시,충남,공주시,월,경상,차대사람,기타,기타,안전운전 의무 불이행,남,31-40세,승용차,상해없음,남,51-60세,보행자,경상,비사업용,승용차,승용차,보행자,보행자,보행자,고속국도,단일로,기타단일로,맑음,포장,건조,0,0,1,0
20170919,05시,전북,정읍시,화,경상,차대차,추돌,추돌,안전거리 미확보,남,41-50세,화물차,상해없음,남,31-40세,화물차,경상,사업용,화물차,화물차,사업용,화물차,화물차,고속국도,단일로,기타단일로,맑음,포장,건조,0,0,1,0
20170919,06시,경북,영천시,화,중상,차대차,추돌,추돌,안전운전 의무 불이행,남,31-40세,승합차,상해없음,남,41-50세,화물차,중상,비사업용,버스,버스,사업용,화물차,화물차,고속국도,단일로,기타단일로,맑음,포장,건조,0,2,0,0
20170919,07시,충남,천안시,화,경상,차대사람,기타,기타,안전운전 의무 불이행,남,41-50세,특수차,상해없음,여,51-60세,보행자,경상,사업용,화물차,화물차,보행자,보행자,보행자,고속국도,기타,기타,맑음,포장,건조,0,0,1,0
20170919,11시,경기,안산시,화,사망,차량단독,공작물충돌,공작물충돌,안전운전 의무 불이행,남,21-30세,승용차,사망,없음,불명,없음,없음,비사업용,승용차,승용차,없음,없음,없음,고속국도,단일로,터널안,흐림,포장,젖음/습기,1,0,0,0
20170919,11시,경남,진주시,화,사망,차대차,추돌,추돌,안전운전 의무 불이행,남,51-60세,화물차,상해없음,남,41-50세,건설기계,중상,사업용,화물차,화물차,사업용,기타/건설기계,기타/건설기계,고속국도,단일로,기타단일로,맑음,포장,건조,1,1,0,0
20170919,11시,서울,서초구,화,경상,차대차,추돌,추돌,안전운전 의무 불이행,남,61-64세,화물차,상해없음,남,51-60세,승용차,경상,비사업용,화물차,화물차,비사업용,승용차,승용차,고속국도,단일로,기타단일로,맑음,포장,건조,0,0,1,0
20170919,12시,부산,강서구,화,중상,차대차,추돌,추돌,안전운전 의무 불이행,남,65세이상,승용차,중상,남,41-50세,승용차,경상,비사업용,승용차,승용차,비사업용,승용차,승용차,고속국도,단일로,기타단일로,맑음,포장,건조,0,1,2,0
20170919,12시,인천,미추홀구,화,경상,차대차,측면충돌,측면충돌,기타,남,61-64세,화물차,상해없음,여,31-40세,승용차,경상,사업용,화물차,화물차,비사업용,승용차,승용차,고속국도,단일로,교량위,맑음,포장,건조,0,0,2,0
20170919,15시,경기,용인시,화,경상,차대차,기타,기타,안전거리 미확보,남,41-50세,화물차,상해없음,남,65세이상,승합차,경상,사업용,화물차,화물차,비사업용,기타/건설기계,기타/건설기계,고속국도,단일로,기타단일로,맑음,포장,건조,0,0,1,0
20170919,16시,충남,논산시,화,경상,차대차,측면충돌,측면충돌,안전운전 의무 불이행,남,41-50세,승용차,기타불명,남,41-50세,화물차,상해없음,비사업용,승용차,승용차,사업용,화물차,화물차,고속국도,단일로,기타단일로,맑음,포장,건조,0,0,14,0
20170919,17시,경북,고령군,화,경상,차대차,측면충돌,측면충돌,안전거리 미확보,기타불명,불명,불명,기타불명,남,21-30세,승용차,경상,불명,불명,불명,비사업용,승용차,승용차,고속국도,단일로,기타단일로,맑음,포장,건조,0,0,1,0
20170919,17시,인천,서구,화,경상,차대차,추돌,추돌,안전거리 미확보,남,41-50세,승용차,상해없음,남,51-60세,승용차,부상신고,비사업용,승용차,승용차,비사업용,승용차,승용차,고속국도,단일로,교량위,맑음,포장,건조,0,0,1,2
20170919,20시,경기,의왕시,화,경상,차대차,기타,기타,안전운전 의무 불이행,남,31-40세,화물차,상해없음,남,31-40세,승용차,경상,사업용,화물차,화물차,사업용,렌터카,렌터카,고속국도,단일로,기타단일로,맑음,포장,건조,0,0,1,0
20170919,21시,강원,횡성군,화,중상,차대차,기타,기타,안전운전 의무 불이행,남,51-60세,화물차,중상,남,51-60세,승용차,상해없음,사업용,화물차,화물차,비사업용,승용차,승용차,고속국도,단일로,기타단일로,맑음,포장,건조,0,2,0,0
20170920,06시,경기,광명시,수,경상,차대차,측면충돌,측면충돌,안전거리 미확보,남,51-60세,승용차,상해없음,남,51-60세,화물차,경상,비사업용,승용차,승용차,비사업용,화물차,화물차,고속국도,단일로,기타단일로,맑음,포장,건조,0,0,1,0
20170920,08시,경기,용인시,수,중상,차대차,추돌,추돌,안전운전 의무 불이행,남,21-30세,승용차,상해없음,남,61-64세,화물차,중상,비사업용,승용차,승용차,비사업용,화물차,화물차,고속국도,단일로,기타단일로,맑음,포장,건조,0,1,0,0
20170920,09시,경북,칠곡군,수,경상,차대차,기타,기타,안전운전 의무 불이행,기타불명,불명,불명,기타불명,남,51-60세,승합차,상해없음,불명,불명,불명,사업용,전세버스,전세버스,고속국도,단일로,기타단일로,맑음,포장,건조,0,0,1,0
20170920,10시,경기,용인시,수,경상,차대차,추돌,추돌,안전운전 의무 불이행,남,31-40세,화물차,경상,남,41-50세,화물차,경상,비사업용,화물차,화물차,비사업용,화물차,화물차,고속국도,단일로,기타단일로,맑음,포장,건조,0,0,4,0
20170920,10시,충북,괴산군,수,경상,차대차,추돌,추돌,안전거리 미확보,남,41-50세,화물차,상해없음,남,31-40세,승용차,경상,비사업용,화물차,화물차,비사업용,승용차,승용차,고속국도,단일로,터널안,맑음,포장,건조,0,0,2,0
20170920,11시,인천,남동구,수,중상,차대차,추돌,추돌,안전거리 미확보,여,41-50세,승용차,상해없음,남,31-40세,승용차,중상,비사업용,승용차,승용차,사업용,렌터카,렌터카,고속국도,단일로,교량위,맑음,포장,건조,0,2,1,0
20170920,14시,경기,안산시,수,경상,차대차,기타,기타,기타,남,65세이상,화물차,상해없음,남,41-50세,승용차,경상,사업용,화물차,화물차,비사업용,승용차,승용차,고속국도,단일로,기타단일로,맑음,포장,건조,0,0,1,0
20170920,17시,인천,남동구,수,경상,차대차,추돌,추돌,안전운전 의무 불이행,남,21-30세,승용차,상해없음,남,31-40세,화물차,경상,비사업용,승용차,승용차,비사업용,화물차,화물차,고속국도,단일로,기타단일로,맑음,포장,건조,0,0,2,0
20170920,18시,광주,북구,수,경상,차대차,기타,기타,안전운전 의무 불이행,남,65세이상,승용차,상해없음,남,31-40세,승용차,경상,비사업용,승용차,승용차,비사업용,승용차,승용차,고속국도,단일로,기타단일로,맑음,포장,건조,0,0,3,0
20170920,19시,인천,남동구,수,경상,차대차,후진중충돌,후진중충돌,안전운전 의무 불이행,남,41-50세,승용차,상해없음,남,51-60세,화물차,경상,비사업용,승용차,승용차,사업용,화물차,화물차,고속국도,단일로,기타단일로,맑음,포장,건조,0,0,1,0
20170920,23시,충북,보은군,수,사망,차대차,추돌,추돌,안전운전 의무 불이행,남,41-50세,화물차,상해없음,남,31-40세,화물차,경상,사업용,화물차,화물차,사업용,화물차,화물차,고속국도,단일로,기타단일로,맑음,포장,건조,1,0,1,0
20170921,00시,경기,안산시,목,중상,차대차,기타,기타,안전운전 의무 불이행,남,41-50세,승용차,상해없음,여,41-50세,승용차,중상,비사업용,승용차,승용차,비사업용,승용차,승용차,고속국도,단일로,기타단일로,맑음,포장,건조,0,1,0,0
20170921,11시,대구,북구,목,중상,차대차,추돌,추돌,안전운전 의무 불이행,남,51-60세,화물차,상해없음,남,31-40세,화물차,중상,사업용,화물차,화물차,비사업용,화물차,화물차,고속국도,단일로,기타단일로,맑음,포장,건조,0,3,1,0
20170921,11시,충남,논산시,목,중상,차대차,측면충돌,측면충돌,안전운전 의무 불이행,여,21-30세,승용차,중상,남,31-40세,화물차,상해없음,비사업용,승용차,승용차,사업용,화물차,화물차,고속국도,단일로,기타단일로,맑음,포장,건조,0,3,0,0
20170921,17시,전북,고창군,목,경상,차대차,기타,기타,안전운전 의무 불이행,남,65세이상,화물차,상해없음,여,41-50세,승용차,상해없음,사업용,화물차,화물차,비사업용,승용차,승용차,고속국도,단일로,기타단일로,맑음,포장,건조,0,0,1,0
20170921,18시,강원,횡성군,목,경상,차대차,추돌,추돌,안전운전 의무 불이행,여,65세이상,승용차,상해없음,여,31-40세,승용차,경상,비사업용,승용차,승용차,비사업용,승용차,승용차,고속국도,단일로,기타단일로,맑음,포장,건조,0,0,1,0
20170921,20시,경기,용인시,목,경상,차대차,추돌,추돌,안전운전 의무 불이행,남,51-60세,승합차,상해없음,남,41-50세,승합차,상해없음,사업용,노선버스,시외버스,사업용,노선버스,고속버스,고속국도,교차로,교차로부근,맑음,포장,건조,0,0,1,0
20170921,22시,경기,하남시,목,경상,차대차,기타,기타,안전운전 의무 불이행,남,41-50세,승용차,상해없음,남,31-40세,화물차,경상,비사업용,승용차,승용차,비사업용,화물차,화물차,고속국도,단일로,기타단일로,맑음,포장,건조,0,0,2,0
20170921,22시,전북,정읍시,목,경상,차대차,기타,기타,안전운전 의무 불이행,남,31-40세,승용차,상해없음,남,31-40세,승용차,경상,비사업용,승용차,승용차,비사업용,승용차,승용차,고속국도,단일로,기타단일로,맑음,포장,건조,0,0,1,0
20170921,23시,경기,하남시,목,경상,차대차,추돌,추돌,안전운전 의무 불이행,남,21-30세,승용차,경상,여,51-60세,승용차,경상,비사업용,승용차,승용차,비사업용,승용차,승용차,고속국도,단일로,기타단일로,맑음,포장,건조,0,0,2,0
20170922,04시,서울,서초구,금,중상,차대차,추돌,추돌,안전운전 의무 불이행,여,21-30세,승용차,상해없음,남,51-60세,승용차,중상,비사업용,승용차,승용차,비사업용,승용차,승용차,고속국도,단일로,기타단일로,맑음,포장,건조,0,1,0,0
20170922,06시,경기,부천시,금,경상,차대차,추돌,추돌,안전운전 의무 불이행,남,31-40세,승용차,상해없음,남,21-30세,승용차,경상,비사업용,승용차,승용차,사업용,렌터카,렌터카,고속국도,단일로,기타단일로,맑음,포장,건조,0,0,1,0
20170922,06시,충북,청주시,금,경상,차대차,추돌,추돌,안전운전 의무 불이행,남,21-30세,승용차,상해없음,남,41-50세,승합차,경상,비사업용,승용차,승용차,비사업용,기타/건설기계,기타/건설기계,고속국도,단일로,기타단일로,맑음,포장,건조,0,0,1,0
20170922,08시,경기,부천시,금,경상,차대차,기타,기타,기타,여,31-40세,승용차,기타불명,남,65세이상,승용차,상해없음,비사업용,승용차,승용차,비사업용,승용차,승용차,고속국도,단일로,기타단일로,맑음,포장,건조,0,0,1,0
20170922,12시,전남,장성군,금,경상,차대차,추돌,추돌,안전운전 의무 불이행,남,21-30세,승용차,상해없음,남,41-50세,화물차,경상,비사업용,승용차,승용차,사업용,화물차,화물차,고속국도,단일로,기타단일로,맑음,포장,건조,0,0,1,0
20170922,13시,충북,영동군,금,경상,차대차,기타,기타,안전운전 의무 불이행,남,51-60세,특수차,상해없음,남,31-40세,특수차,경상,사업용,화물차,화물차,사업용,화물차,화물차,고속국도,단일로,기타단일로,맑음,포장,건조,0,0,1,0
20170922,15시,경기,화성시,금,경상,차대차,측면충돌,측면충돌,기타,남,21-30세,승용차,부상신고,남,51-60세,승합차,상해없음,비사업용,승용차,승용차,사업용,전세버스,전세버스,고속국도,단일로,기타단일로,맑음,포장,건조,0,0,1,1
20170922,17시,충남,천안시,금,중상,차대차,추돌,추돌,안전운전 의무 불이행,남,61-64세,승합차,상해없음,남,31-40세,승용차,중상,사업용,노선버스,고속버스,비사업용,승용차,승용차,고속국도,단일로,터널안,맑음,포장,건조,0,2,2,0
20170922,20시,경남,양산시,금,경상,차대차,후진중충돌,후진중충돌,안전운전 의무 불이행,여,65세이상,승용차,상해없음,남,41-50세,승용차,경상,비사업용,승용차,승용차,비사업용,승용차,승용차,고속국도,단일로,기타단일로,맑음,포장,건조,0,0,1,0
20170922,20시,경북,영천시,금,경상,차대차,측면충돌,측면충돌,안전거리 미확보,남,51-60세,특수차,상해없음,남,21-30세,승용차,경상,사업용,화물차,화물차,비사업용,승용차,승용차,고속국도,단일로,기타단일로,맑음,포장,건조,0,0,2,0
20170922,22시,충북,음성군,금,경상,차대차,기타,기타,안전운전 의무 불이행,남,21-30세,승용차,상해없음,남,21-30세,승용차,상해없음,비사업용,승용차,승용차,비사업용,승용차,승용차,고속국도,단일로,기타단일로,맑음,포장,건조,0,0,1,0
20170923,00시,인천,계양구,토,중상,차대차,측면충돌,측면충돌,기타,남,41-50세,승용차,상해없음,남,41-50세,승용차,경상,비사업용,승용차,승용차,사업용,렌터카,렌터카,고속국도,단일로,기타단일로,맑음,포장,건조,0,1,3,0
20170923,01시,광주,광산구,토,경상,차대차,추돌,추돌,안전운전 의무 불이행,남,21-30세,승용차,상해없음,남,41-50세,승용차,경상,비사업용,승용차,승용차,비사업용,승용차,승용차,고속국도,단일로,기타단일로,맑음,포장,건조,0,0,1,0
20170923,05시,경기,화성시,토,경상,차대차,측면충돌,측면충돌,안전거리 미확보,남,51-60세,승용차,상해없음,남,51-60세,승용차,경상,비사업용,승용차,승용차,비사업용,승용차,승용차,고속국도,단일로,기타단일로,맑음,포장,건조,0,0,2,0
20170923,10시,경기,평택시,토,경상,차대차,추돌,추돌,안전운전 의무 불이행,남,51-60세,화물차,상해없음,남,41-50세,화물차,경상,사업용,화물차,화물차,사업용,화물차,화물차,고속국도,단일로,기타단일로,맑음,포장,건조,0,0,1,0
20170923,11시,경기,고양시,토,경상,차대차,후진중충돌,후진중충돌,안전운전 의무 불이행,남,31-40세,화물차,상해없음,남,51-60세,승용차,경상,비사업용,화물차,화물차,비사업용,승용차,승용차,고속국도,단일로,기타단일로,맑음,포장,건조,0,0,3,0
20170923,11시,경남,창원시,토,경상,차대차,추돌,추돌,안전운전 의무 불이행,여,21-30세,승용차,상해없음,남,41-50세,승용차,경상,비사업용,승용차,승용차,사업용,렌터카,렌터카,고속국도,단일로,터널안,맑음,포장,건조,0,0,2,0
20170923,12시,경기,양평군,토,경상,차대차,추돌,추돌,안전운전 의무 불이행,남,51-60세,승용차,상해없음,남,21-30세,승용차,경상,비사업용,승용차,승용차,비사업용,승용차,승용차,고속국도,단일로,기타단일로,맑음,포장,건조,0,0,1,0
20170923,12시,경기,화성시,토,중상,차대차,추돌,추돌,안전운전 의무 불이행,남,41-50세,승용차,경상,남,31-40세,승용차,경상,비사업용,승용차,승용차,비사업용,승용차,승용차,고속국도,단일로,기타단일로,맑음,포장,건조,0,1,3,0
20170923,12시,경남,김해시,토,경상,차대차,추돌,추돌,안전운전 의무 불이행,남,21-30세,승용차,상해없음,남,41-50세,특수차,경상,비사업용,승용차,승용차,비사업용,화물차,화물차,고속국도,단일로,기타단일로,맑음,포장,건조,0,0,3,0
20170923,12시,전북,고창군,토,중상,차량단독,전도,전도,안전운전 의무 불이행,남,65세이상,승합차,상해없음,없음,불명,없음,없음,비사업용,기타/건설기계,기타/건설기계,없음,없음,없음,고속국도,단일로,기타단일로,맑음,포장,건조,0,8,4,0
20170923,14시,경기,안성시,토,경상,차대차,측면충돌,측면충돌,안전거리 미확보,남,51-60세,특수차,상해없음,남,31-40세,승용차,경상,사업용,화물차,화물차,비사업용,승용차,승용차,고속국도,단일로,기타단일로,맑음,포장,건조,0,0,1,0
20170923,14시,경기,평택시,토,경상,차대차,추돌,추돌,안전거리 미확보,남,41-50세,승용차,경상,남,51-60세,승용차,경상,비사업용,승용차,승용차,비사업용,승용차,승용차,고속국도,단일로,기타단일로,맑음,포장,건조,0,0,8,0
20170923,15시,강원,평창군,토,경상,차대차,측면충돌,측면충돌,안전운전 의무 불이행,남,51-60세,승합차,상해없음,남,31-40세,승용차,경상,비사업용,버스,버스,비사업용,승용차,승용차,고속국도,단일로,터널안,맑음,포장,건조,0,0,3,0
20170923,15시,충남,천안시,토,경상,차대차,추돌,추돌,안전운전 의무 불이행,남,41-50세,승용차,상해없음,남,31-40세,승용차,경상,비사업용,승용차,승용차,비사업용,승용차,승용차,고속국도,단일로,기타단일로,맑음,포장,건조,0,0,3,0
20170923,16시,울산,울주군,토,경상,차대차,측면충돌,측면충돌,안전거리 미확보,남,31-40세,건설기계,상해없음,남,65세이상,승용차,경상,사업용,기타/건설기계,기타/건설기계,비사업용,승용차,승용차,고속국도,단일로,기타단일로,맑음,포장,건조,0,0,2,0
20170923,18시,경남,김해시,토,경상,차대차,측면충돌,측면충돌,안전거리 미확보,남,65세이상,승용차,상해없음,남,21-30세,승용차,경상,비사업용,승용차,승용차,비사업용,승용차,승용차,고속국도,단일로,기타단일로,맑음,포장,건조,0,0,1,0
20170923,18시,대전,대덕구,토,중상,차대차,기타,기타,안전운전 의무 불이행,기타불명,불명,불명,기타불명,남,21-30세,승용차,중상,불명,불명,불명,비사업용,승용차,승용차,고속국도,단일로,기타단일로,맑음,포장,건조,0,1,0,0
20170923,19시,경북,칠곡군,토,부상신고,차대차,추돌,추돌,안전거리 미확보,기타불명,불명,불명,기타불명,여,51-60세,승용차,상해없음,불명,불명,불명,비사업용,승용차,승용차,고속국도,단일로,기타단일로,맑음,포장,건조,0,0,0,1
20170923,20시,충남,천안시,토,중상,차대차,추돌,추돌,안전운전 의무 불이행,여,21-30세,승용차,경상,남,31-40세,승용차,중상,비사업용,승용차,승용차,비사업용,승용차,승용차,고속국도,단일로,기타단일로,맑음,포장,건조,0,1,3,0
20170923,22시,경기,광명시,토,중상,차대차,추돌,추돌,안전운전 의무 불이행,남,21-30세,승용차,상해없음,남,21-30세,승용차,중상,비사업용,승용차,승용차,비사업용,승용차,승용차,고속국도,단일로,기타단일로,맑음,포장,건조,0,1,0,0
20170924,01시,경남,김해시,일,경상,차대차,측면충돌,측면충돌,안전운전 의무 불이행,남,41-50세,승합차,상해없음,남,31-40세,승용차,경상,비사업용,버스,버스,비사업용,승용차,승용차,고속국도,단일로,기타단일로,맑음,포장,건조,0,0,2,0
20170924,07시,충북,충주시,일,중상,차대차,추돌,추돌,과속,남,21-30세,승용차,경상,남,61-64세,승용차,중상,사업용,렌터카,렌터카,비사업용,승용차,승용차,고속국도,기타,기타,맑음,포장,건조,0,1,1,0
20170924,12시,강원,원주시,일,경상,차대차,기타,기타,기타,여,65세이상,승용차,상해없음,남,31-40세,승용차,경상,비사업용,승용차,승용차,비사업용,승용차,승용차,고속국도,단일로,기타단일로,맑음,포장,건조,0,0,4,0
20170924,15시,경남,밀양시,일,경상,차대차,추돌,추돌,안전거리 미확보,남,21-30세,승용차,상해없음,남,31-40세,승용차,경상,비사업용,승용차,승용차,비사업용,승용차,승용차,고속국도,단일로,터널안,맑음,포장,건조,0,0,4,0
20170924,15시,충남,당진시,일,사망,차량단독,공작물충돌,공작물충돌,안전운전 의무 불이행,남,65세이상,승용차,사망,없음,불명,없음,없음,비사업용,승용차,승용차,없음,없음,없음,고속국도,단일로,기타단일로,맑음,포장,건조,1,0,0,0
20170924,19시,경기,광주시,일,경상,차대차,기타,기타,안전운전 의무 불이행,남,51-60세,승합차,상해없음,남,51-60세,승용차,경상,사업용,전세버스,전세버스,비사업용,승용차,승용차,고속국도,단일로,기타단일로,맑음,포장,건조,0,0,1,0
20170924,20시,인천,부평구,일,경상,차대차,추돌,추돌,안전거리 미확보,여,51-60세,승용차,상해없음,여,21-30세,승용차,경상,비사업용,승용차,승용차,비사업용,승용차,승용차,고속국도,단일로,기타단일로,맑음,포장,건조,0,0,3,0
20170925,02시,충북,제천시,월,중상,차대차,추돌,추돌,안전거리 미확보,남,21-30세,승용차,상해없음,남,41-50세,승용차,경상,사업용,렌터카,렌터카,비사업용,승용차,승용차,고속국도,단일로,기타단일로,맑음,포장,건조,0,1,1,0
20170925,05시,충북,보은군,월,경상,차대차,추돌,추돌,안전운전 의무 불이행,남,21-30세,승용차,경상,남,51-60세,특수차,경상,비사업용,승용차,승용차,사업용,화물차,화물차,고속국도,단일로,기타단일로,맑음,포장,건조,0,0,2,0
20170925,07시,경기,광명시,월,경상,차대차,추돌,추돌,안전운전 의무 불이행,남,21-30세,승용차,상해없음,남,21-30세,승용차,경상,사업용,렌터카,렌터카,비사업용,승용차,승용차,고속국도,단일로,터널안,맑음,포장,건조,0,0,2,0
20170925,09시,경기,용인시,월,경상,차대차,측면충돌,측면충돌,안전운전 의무 불이행,여,41-50세,승용차,상해없음,남,21-30세,승용차,경상,비사업용,승용차,승용차,비사업용,승용차,승용차,고속국도,단일로,기타단일로,맑음,포장,건조,0,0,1,0
20170925,11시,강원,원주시,월,경상,차대차,측면충돌,측면충돌,안전운전 의무 불이행,남,51-60세,화물차,상해없음,남,31-40세,승용차,경상,비사업용,화물차,화물차,비사업용,승용차,승용차,고속국도,단일로,기타단일로,맑음,포장,건조,0,0,1,0
20170925,12시,충북,보은군,월,중상,차대차,추돌,추돌,안전운전 의무 불이행,남,51-60세,화물차,상해없음,남,51-60세,화물차,중상,사업용,화물차,화물차,비사업용,화물차,화물차,고속국도,단일로,기타단일로,맑음,포장,건조,0,3,1,0
20170925,14시,경기,광주시,월,경상,차대차,추돌,추돌,안전운전 의무 불이행,남,41-50세,승용차,상해없음,남,41-50세,승용차,경상,비사업용,승용차,승용차,비사업용,승용차,승용차,고속국도,단일로,기타단일로,맑음,포장,건조,0,0,1,2
20170925,15시,충북,청주시,월,중상,차대차,기타,기타,안전운전 의무 불이행,남,41-50세,화물차,부상신고,남,51-60세,건설기계,중상,사업용,화물차,화물차,사업용,기타/건설기계,기타/건설기계,고속국도,단일로,기타단일로,맑음,포장,건조,0,1,0,1
20170925,18시,경기,평택시,월,경상,차대차,기타,기타,안전운전 의무 불이행,남,51-60세,승합차,상해없음,남,41-50세,승용차,경상,비사업용,버스,버스,비사업용,승용차,승용차,고속국도,단일로,기타단일로,맑음,포장,건조,0,0,1,0
20170925,18시,인천,계양구,월,부상신고,차대차,측면충돌,측면충돌,안전거리 미확보,남,21-30세,화물차,기타불명,남,31-40세,승용차,부상신고,비사업용,화물차,화물차,비사업용,승용차,승용차,고속국도,단일로,고가도로위,맑음,포장,건조,0,0,0,1
20170925,19시,경북,영천시,월,경상,차대차,측면충돌,측면충돌,안전운전 의무 불이행,남,51-60세,승용차,상해없음,남,21-30세,승용차,경상,비사업용,승용차,승용차,비사업용,승용차,승용차,고속국도,단일로,기타단일로,맑음,포장,건조,0,0,1,0
20170925,22시,경기,시흥시,월,경상,차대차,측면충돌,측면충돌,안전운전 의무 불이행,남,41-50세,승용차,상해없음,남,31-40세,승용차,경상,비사업용,승용차,승용차,비사업용,승용차,승용차,고속국도,단일로,기타단일로,맑음,포장,건조,0,0,1,0
20170925,22시,경북,군위군,월,경상,차대차,기타,기타,안전운전 의무 불이행,여,51-60세,승용차,상해없음,남,65세이상,화물차,경상,비사업용,승용차,승용차,사업용,화물차,화물차,고속국도,단일로,기타단일로,맑음,포장,건조,0,0,1,0
20170926,04시,경기,여주시,화,경상,차대차,측면충돌,측면충돌,안전거리 미확보,남,31-40세,승용차,상해없음,남,51-60세,화물차,경상,비사업용,승용차,승용차,비사업용,화물차,화물차,고속국도,단일로,기타단일로,맑음,포장,건조,0,0,1,0
20170926,05시,경남,김해시,화,중상,차대차,측면충돌,측면충돌,안전거리 미확보,남,65세이상,승용차,중상,남,31-40세,화물차,상해없음,비사업용,승용차,승용차,사업용,화물차,화물차,고속국도,단일로,기타단일로,맑음,포장,건조,0,1,0,0