발생일,발생시간,발생지_시도,발생지_시군구,요일,사고내용,사고유형_대분류,사고유형_중분류,사고유형,가해자법규위반,가해자성별,가해자연령,가해당사자종별,가해자신체상해정도,피해자성별,피해자연령,피해당사자종별,피해자신체상해정도,가해차량용도_대분류,가해차량용도_중분류,가해차량용도,피해차량용도_대분류,피해차량용도_중분류,피해차량용도,도로종류,도로형태_대분류,도로형태,기상상태,노면상태_대분류,노면상태,사망자수,중상자수,경상자수,부상신고자수
20171118,11시,경기,화성시,토,중상,차대차,기타,기타,안전거리 미확보,남,21-30세,승용차,상해없음,남,51-60세,승용차,중상,사업용,렌터카,렌터카,사업용,렌터카,렌터카,고속국도,단일로,기타단일로,맑음,포장,건조,0,2,0,0
20171118,11시,전남,곡성군,토,중상,차대차,추돌,추돌,안전운전 의무 불이행,남,51-60세,승용차,상해없음,남,65세이상,화물차,중상,비사업용,승용차,승용차,비사업용,화물차,화물차,고속국도,교차로,교차로부근,맑음,포장,건조,0,1,0,0
20171118,12시,경기,광명시,토,경상,차대차,측면충돌,측면충돌,안전거리 미확보,여,21-30세,승용차,상해없음,여,51-60세,승용차,경상,사업용,렌터카,렌터카,비사업용,승용차,승용차,고속국도,단일로,기타단일로,맑음,포장,건조,0,0,1,0
20171118,12시,경기,의정부시,토,경상,차대차,기타,기타,안전거리 미확보,남,31-40세,승용차,상해없음,여,51-60세,승용차,경상,비사업용,승용차,승용차,비사업용,승용차,승용차,고속국도,단일로,기타단일로,맑음,포장,건조,0,0,1,0
20171118,15시,강원,춘천시,토,부상신고,차대차,추돌,추돌,안전거리 미확보,남,21-30세,승용차,상해없음,남,51-60세,승용차,상해없음,비사업용,승용차,승용차,비사업용,승용차,승용차,고속국도,단일로,기타단일로,맑음,포장,건조,0,0,0,1
20171118,15시,경기,의왕시,토,부상신고,차대차,추돌,추돌,안전운전 의무 불이행,남,31-40세,승용차,상해없음,남,31-40세,승용차,부상신고,비사업용,승용차,승용차,비사업용,승용차,승용차,고속국도,단일로,기타단일로,맑음,포장,건조,0,0,0,2
20171118,15시,경남,김해시,토,경상,차대차,추돌,추돌,안전운전 의무 불이행,남,21-30세,승용차,상해없음,남,41-50세,승합차,경상,비사업용,승용차,승용차,비사업용,버스,버스,고속국도,단일로,기타단일로,맑음,포장,건조,0,0,1,0
20171118,15시,대전,유성구,토,경상,차대차,추돌,추돌,안전운전 의무 불이행,남,41-50세,화물차,상해없음,남,41-50세,승용차,경상,비사업용,화물차,화물차,비사업용,승용차,승용차,고속국도,단일로,기타단일로,맑음,포장,건조,0,0,5,0
20171118,15시,충북,청주시,토,경상,차대차,추돌,추돌,안전거리 미확보,남,21-30세,승용차,상해없음,남,65세이상,승용차,경상,비사업용,승용차,승용차,비사업용,승용차,승용차,고속국도,기타,기타,맑음,포장,건조,0,0,1,0
20171118,16시,충북,청주시,토,경상,차대차,추돌,추돌,안전운전 의무 불이행,남,21-30세,승용차,상해없음,남,41-50세,승용차,부상신고,비사업용,승용차,승용차,비사업용,승용차,승용차,고속국도,단일로,기타단일로,맑음,포장,건조,0,0,1,1
20171118,18시,울산,울주군,토,중상,차대차,기타,기타,안전운전 의무 불이행,남,41-50세,승용차,상해없음,남,41-50세,승합차,경상,비사업용,승용차,승용차,비사업용,버스,버스,고속국도,단일로,기타단일로,맑음,포장,건조,0,1,1,1
20171119,00시,전남,순천시,일,경상,차량단독,전도전복,전도전복,안전운전 의무 불이행,남,31-40세,승용차,경상,없음,불명,없음,없음,비사업용,승용차,승용차,없음,없음,없음,고속국도,단일로,기타단일로,맑음,포장,건조,0,0,1,0
20171119,04시,경기,남양주시,일,경상,차대차,기타,기타,안전운전 의무 불이행,남,31-40세,승용차,상해없음,여,21-30세,승용차,경상,비사업용,승용차,승용차,비사업용,승용차,승용차,고속국도,단일로,기타단일로,맑음,포장,건조,0,0,1,0
20171119,05시,경북,군위군,일,경상,차대차,측면충돌,측면충돌,기타,기타불명,불명,불명,기타불명,남,21-30세,승용차,경상,불명,불명,불명,비사업용,승용차,승용차,고속국도,단일로,기타단일로,맑음,포장,건조,0,0,2,0
20171119,10시,경기,김포시,일,중상,차대차,측면충돌,측면충돌,안전운전 의무 불이행,남,31-40세,승용차,상해없음,남,21-30세,승용차,중상,비사업용,승용차,승용차,비사업용,승용차,승용차,고속국도,단일로,기타단일로,맑음,포장,건조,0,2,0,0
20171119,10시,경기,용인시,일,경상,차대차,추돌,추돌,안전운전 의무 불이행,남,21-30세,승용차,상해없음,여,31-40세,승용차,경상,비사업용,승용차,승용차,비사업용,승용차,승용차,고속국도,단일로,기타단일로,맑음,포장,건조,0,0,3,0
20171119,10시,경남,김해시,일,경상,차대차,측면충돌,측면충돌,안전운전 의무 불이행,남,65세이상,승용차,상해없음,여,41-50세,승용차,경상,비사업용,승용차,승용차,비사업용,승용차,승용차,고속국도,단일로,기타단일로,맑음,포장,건조,0,0,1,0
20171119,10시,충북,제천시,일,중상,차대차,추돌,추돌,안전거리 미확보,남,41-50세,화물차,상해없음,남,51-60세,승용차,경상,비사업용,화물차,화물차,비사업용,승용차,승용차,고속국도,단일로,기타단일로,맑음,포장,건조,0,1,2,0
20171119,14시,대전,동구,일,경상,차대차,추돌,추돌,안전운전 의무 불이행,여,51-60세,승용차,상해없음,남,41-50세,승합차,상해없음,비사업용,승용차,승용차,비사업용,기타/건설기계,기타/건설기계,고속국도,단일로,터널안,맑음,포장,건조,0,0,2,0
20171119,14시,충북,진천군,일,경상,차대차,추돌,추돌,안전운전 의무 불이행,여,31-40세,승용차,상해없음,남,41-50세,승합차,상해없음,비사업용,승용차,승용차,사업용,렌터카,렌터카,고속국도,기타,기타,맑음,포장,건조,0,0,6,0
20171119,16시,경기,수원시,일,경상,차대차,추돌,추돌,안전운전 의무 불이행,여,31-40세,승용차,경상,남,51-60세,승용차,경상,비사업용,승용차,승용차,비사업용,승용차,승용차,고속국도,단일로,터널안,맑음,포장,건조,0,0,6,0
20171119,16시,경기,평택시,일,경상,차대차,추돌,추돌,안전운전 의무 불이행,여,31-40세,승용차,상해없음,여,31-40세,승용차,경상,비사업용,승용차,승용차,비사업용,승용차,승용차,고속국도,단일로,기타단일로,맑음,포장,건조,0,0,2,0
20171119,17시,경남,함안군,일,경상,차대차,추돌,추돌,안전운전 의무 불이행,남,41-50세,승용차,상해없음,남,31-40세,승용차,경상,비사업용,승용차,승용차,비사업용,승용차,승용차,고속국도,단일로,기타단일로,맑음,포장,건조,0,0,3,0
20171119,20시,충북,청주시,일,경상,차대차,기타,기타,안전운전 의무 불이행,남,65세이상,화물차,상해없음,남,31-40세,승용차,경상,비사업용,화물차,화물차,비사업용,승용차,승용차,고속국도,단일로,기타단일로,맑음,포장,건조,0,0,1,0
20171119,23시,충북,진천군,일,경상,차량단독,공작물충돌,공작물충돌,안전운전 의무 불이행,남,21-30세,승용차,경상,없음,불명,없음,없음,비사업용,승용차,승용차,없음,없음,없음,고속국도,단일로,기타단일로,맑음,포장,건조,0,0,1,0
20171120,00시,경기,광주시,월,중상,차대차,추돌,추돌,안전운전 의무 불이행,남,41-50세,승용차,상해없음,남,41-50세,화물차,중상,비사업용,승용차,승용차,비사업용,화물차,화물차,고속국도,단일로,기타단일로,맑음,포장,건조,0,3,0,0
20171120,02시,경기,의왕시,월,경상,차대차,기타,기타,안전운전 의무 불이행,남,31-40세,승용차,상해없음,남,41-50세,승용차,경상,비사업용,승용차,승용차,비사업용,승용차,승용차,고속국도,단일로,기타단일로,맑음,포장,건조,0,0,1,0
20171120,05시,경기,하남시,월,중상,차대차,추돌,추돌,안전거리 미확보,남,31-40세,승용차,중상,남,41-50세,화물차,경상,비사업용,승용차,승용차,사업용,화물차,화물차,고속국도,단일로,기타단일로,맑음,포장,건조,0,1,1,0
20171120,07시,경남,진주시,월,경상,차대차,추돌,추돌,안전운전 의무 불이행,남,31-40세,화물차,상해없음,남,51-60세,화물차,경상,비사업용,화물차,화물차,비사업용,화물차,화물차,고속국도,단일로,기타단일로,맑음,포장,건조,0,0,2,0
20171120,18시,경기,성남시,월,중상,차대차,측면충돌,측면충돌,안전운전 의무 불이행,남,31-40세,화물차,상해없음,여,21-30세,승용차,중상,사업용,화물차,화물차,비사업용,승용차,승용차,고속국도,단일로,기타단일로,맑음,포장,건조,0,1,0,0
20171120,20시,인천,계양구,월,부상신고,차대차,추돌,추돌,안전거리 미확보,남,51-60세,승용차,기타불명,남,51-60세,승용차,부상신고,비사업용,승용차,승용차,비사업용,승용차,승용차,고속국도,단일로,기타단일로,맑음,포장,건조,0,0,0,1
20171121,05시,충남,홍성군,화,중상,차대차,측면충돌,측면충돌,안전운전 의무 불이행,남,41-50세,승용차,상해없음,남,31-40세,승용차,중상,비사업용,승용차,승용차,비사업용,승용차,승용차,고속국도,단일로,기타단일로,맑음,포장,건조,0,1,0,0
20171121,06시,충남,서천군,화,중상,차대차,추돌,추돌,안전운전 의무 불이행,남,31-40세,특수차,상해없음,남,65세이상,화물차,중상,사업용,화물차,화물차,비사업용,화물차,화물차,고속국도,단일로,기타단일로,맑음,포장,건조,0,1,0,0
20171121,07시,경남,양산시,화,경상,차대차,측면충돌,측면충돌,안전거리 미확보,남,21-30세,승용차,상해없음,남,21-30세,화물차,상해없음,비사업용,승용차,승용차,비사업용,화물차,화물차,고속국도,단일로,기타단일로,맑음,포장,건조,0,0,1,0
20171121,14시,경기,화성시,화,사망,차대차,기타,기타,안전거리 미확보,남,65세이상,승용차,사망,남,41-50세,승합차,경상,비사업용,승용차,승용차,사업용,노선버스,고속버스,고속국도,단일로,기타단일로,맑음,포장,건조,1,0,4,0
20171121,17시,충남,서산시,화,사망,차대차,기타,기타,안전운전 의무 불이행,남,41-50세,화물차,상해없음,남,51-60세,승용차,중상,사업용,화물차,화물차,비사업용,승용차,승용차,고속국도,단일로,기타단일로,맑음,포장,건조,1,2,8,0
20171121,18시,경기,성남시,화,중상,차대차,추돌,추돌,안전운전 의무 불이행,남,21-30세,승용차,상해없음,남,31-40세,승용차,중상,비사업용,승용차,승용차,비사업용,승용차,승용차,고속국도,단일로,기타단일로,맑음,포장,건조,0,1,1,0
20171122,00시,인천,계양구,수,부상신고,차대차,추돌,추돌,안전운전 의무 불이행,기타불명,불명,불명,기타불명,여,41-50세,승용차,부상신고,불명,불명,불명,비사업용,승용차,승용차,고속국도,단일로,기타단일로,맑음,포장,건조,0,0,0,1
20171122,04시,경기,안성시,수,경상,차대차,측면충돌,측면충돌,안전거리 미확보,여,21-30세,승용차,경상,남,41-50세,화물차,기타불명,비사업용,승용차,승용차,사업용,화물차,화물차,고속국도,단일로,기타단일로,맑음,포장,건조,0,0,1,0
20171122,07시,경기,광주시,수,중상,차대차,기타,기타,안전운전 의무 불이행,남,41-50세,화물차,상해없음,남,41-50세,승용차,중상,비사업용,화물차,화물차,비사업용,승용차,승용차,고속국도,단일로,기타단일로,비,포장,서리/결빙,0,1,0,0
20171122,07시,경기,여주시,수,사망,차량단독,기타,기타,안전운전 의무 불이행,남,51-60세,승합차,사망,없음,불명,없음,없음,비사업용,기타/건설기계,기타/건설기계,없음,없음,없음,고속국도,단일로,기타단일로,비,포장,서리/결빙,1,0,0,0
20171122,07시,경기,여주시,수,중상,차량단독,공작물충돌,공작물충돌,안전운전 의무 불이행,남,41-50세,화물차,중상,없음,불명,없음,없음,비사업용,화물차,화물차,없음,없음,없음,고속국도,단일로,기타단일로,비,포장,젖음/습기,0,2,0,0
20171122,07시,경기,화성시,수,부상신고,차대차,측면충돌,측면충돌,안전거리 미확보,남,31-40세,승용차,부상신고,남,61-64세,화물차,상해없음,비사업용,승용차,승용차,비사업용,화물차,화물차,고속국도,단일로,기타단일로,맑음,포장,건조,0,0,0,1
20171122,08시,경기,가평군,수,경상,차대차,측면충돌,측면충돌,안전운전 의무 불이행,남,51-60세,승용차,상해없음,여,61-64세,승용차,기타불명,비사업용,승용차,승용차,비사업용,승용차,승용차,고속국도,단일로,기타단일로,비,포장,젖음/습기,0,0,3,0
20171122,08시,경기,남양주시,수,경상,차대차,추돌,추돌,안전운전 의무 불이행,남,41-50세,승합차,상해없음,남,31-40세,화물차,경상,비사업용,기타/건설기계,기타/건설기계,비사업용,화물차,화물차,고속국도,단일로,기타단일로,맑음,포장,건조,0,0,1,0
20171122,10시,경기,여주시,수,중상,차대차,추돌,추돌,안전운전 의무 불이행,남,65세이상,승용차,경상,남,21-30세,승용차,경상,사업용,렌터카,렌터카,비사업용,승용차,승용차,고속국도,기타,기타,비,포장,서리/결빙,0,1,4,0
20171122,10시,충남,당진시,수,경상,차대차,기타,기타,안전운전 의무 불이행,여,65세이상,승용차,경상,남,51-60세,승용차,경상,비사업용,승용차,승용차,비사업용,승용차,승용차,고속국도,단일로,기타단일로,맑음,포장,건조,0,0,3,0
20171122,11시,경기,오산시,수,경상,차대차,추돌,추돌,안전운전 의무 불이행,남,51-60세,화물차,상해없음,남,21-30세,승용차,경상,사업용,화물차,화물차,비사업용,승용차,승용차,고속국도,단일로,기타단일로,흐림,포장,젖음/습기,0,0,1,0
20171122,19시,경기,하남시,수,부상신고,차대차,기타,기타,안전운전 의무 불이행,남,51-60세,승용차,상해없음,남,31-40세,승용차,부상신고,비사업용,승용차,승용차,비사업용,승용차,승용차,고속국도,단일로,기타단일로,맑음,포장,건조,0,0,0,1
20171122,19시,인천,연수구,수,경상,차대차,추돌,추돌,안전운전 의무 불이행,남,21-30세,승용차,상해없음,남,31-40세,승용차,경상,비사업용,승용차,승용차,비사업용,승용차,승용차,고속국도,단일로,기타단일로,맑음,포장,건조,0,0,1,0
20171123,03시,경기,남양주시,목,중상,차대차,기타,기타,기타,남,51-60세,화물차,상해없음,여,41-50세,승용차,중상,사업용,화물차,화물차,비사업용,승용차,승용차,고속국도,단일로,기타단일로,맑음,포장,건조,0,1,0,0
20171123,03시,대전,대덕구,목,중상,차대사람,기타,기타,안전운전 의무 불이행,남,41-50세,화물차,상해없음,남,41-50세,보행자,중상,사업용,화물차,화물차,보행자,보행자,보행자,고속국도,기타,기타,맑음,포장,건조,0,1,0,0
20171123,07시,경기,안양시,목,중상,차대차,추돌,추돌,안전운전 의무 불이행,남,31-40세,화물차,상해없음,남,41-50세,승용차,중상,사업용,화물차,화물차,비사업용,승용차,승용차,고속국도,단일로,터널안,맑음,포장,건조,0,1,3,0
20171123,07시,인천,계양구,목,경상,차대차,측면충돌,측면충돌,안전거리 미확보,남,31-40세,승용차,상해없음,남,31-40세,승용차,경상,비사업용,승용차,승용차,비사업용,승용차,승용차,고속국도,단일로,교량위,맑음,포장,건조,0,0,1,0
20171123,09시,충남,공주시,목,중상,차대차,기타,기타,안전운전 의무 불이행,남,61-64세,화물차,중상,남,41-50세,화물차,상해없음,비사업용,화물차,화물차,비사업용,화물차,화물차,고속국도,단일로,기타단일로,눈,포장,적설,0,4,0,0
20171123,10시,경기,성남시,목,중상,차대차,추돌,추돌,안전거리 미확보,여,41-50세,승용차,부상신고,남,51-60세,승합차,중상,비사업용,승용차,승용차,사업용,노선버스,고속버스,고속국도,단일로,기타단일로,맑음,포장,건조,0,1,2,1
20171123,10시,경기,평택시,목,경상,차대차,측면충돌,측면충돌,안전거리 미확보,남,41-50세,화물차,경상,남,21-30세,승용차,경상,비사업용,화물차,화물차,비사업용,승용차,승용차,고속국도,단일로,기타단일로,눈,포장,적설,0,0,2,0
20171123,10시,충남,공주시,목,경상,차대차,기타,기타,안전운전 의무 불이행,남,51-60세,특수차,상해없음,남,61-64세,화물차,상해없음,사업용,화물차,화물차,사업용,화물차,화물차,고속국도,단일로,교량위,눈,포장,적설,0,0,1,0
20171123,11시,전북,임실군,목,중상,차대차,추돌,추돌,안전운전 의무 불이행,남,31-40세,화물차,경상,남,31-40세,특수차,경상,사업용,화물차,화물차,사업용,화물차,화물차,고속국도,단일로,기타단일로,눈,포장,서리/결빙,0,8,14,0
20171123,17시,경기,성남시,목,경상,차대차,측면충돌,측면충돌,안전운전 의무 불이행,기타불명,불명,불명,기타불명,남,41-50세,화물차,경상,불명,불명,불명,비사업용,화물차,화물차,고속국도,단일로,기타단일로,맑음,포장,건조,0,0,1,0
20171123,17시,경기,용인시,목,중상,차대차,측면충돌,측면충돌,안전운전 의무 불이행,남,61-64세,승용차,상해없음,남,65세이상,승용차,경상,비사업용,승용차,승용차,비사업용,승용차,승용차,고속국도,단일로,기타단일로,맑음,포장,건조,0,1,1,0
20171123,18시,경기,수원시,목,중상,차대차,측면충돌,측면충돌,안전거리 미확보,남,21-30세,승용차,상해없음,남,41-50세,승용차,중상,비사업용,승용차,승용차,비사업용,승용차,승용차,고속국도,단일로,기타단일로,맑음,포장,건조,0,1,0,0
20171123,18시,경기,용인시,목,경상,차대차,측면충돌,측면충돌,안전거리 미확보,남,21-30세,승용차,경상,남,41-50세,특수차,경상,비사업용,승용차,승용차,사업용,화물차,화물차,고속국도,단일로,기타단일로,맑음,포장,건조,0,0,2,0
20171123,18시,경남,김해시,목,경상,차대차,측면충돌,측면충돌,안전운전 의무 불이행,남,41-50세,화물차,상해없음,여,41-50세,승용차,경상,사업용,화물차,화물차,비사업용,승용차,승용차,고속국도,단일로,기타단일로,맑음,포장,건조,0,0,1,0
20171123,20시,경남,김해시,목,중상,차대차,기타,기타,안전운전 의무 불이행,남,21-30세,승용차,상해없음,남,51-60세,승용차,중상,비사업용,승용차,승용차,비사업용,승용차,승용차,고속국도,단일로,기타단일로,맑음,포장,건조,0,2,1,0
20171123,22시,경기,평택시,목,경상,차대차,추돌,추돌,안전운전 의무 불이행,남,41-50세,화물차,상해없음,남,31-40세,화물차,경상,비사업용,화물차,화물차,사업용,화물차,화물차,고속국도,단일로,기타단일로,눈,포장,젖음/습기,0,0,1,0
20171123,23시,경기,성남시,목,경상,차대차,측면충돌,측면충돌,안전거리 미확보,남,51-60세,승합차,상해없음,남,41-50세,승용차,상해없음,사업용,노선버스,시외버스,비사업용,승용차,승용차,고속국도,단일로,기타단일로,눈,포장,젖음/습기,0,0,1,0
20171124,00시,경기,성남시,금,경상,차대차,측면충돌,측면충돌,안전운전 의무 불이행,남,31-40세,승용차,상해없음,남,21-30세,승용차,경상,비사업용,승용차,승용차,비사업용,승용차,승용차,고속국도,단일로,기타단일로,눈,포장,적설,0,0,1,0
20171124,00시,충남,천안시,금,경상,차대차,추돌,추돌,안전운전 의무 불이행,남,41-50세,승용차,상해없음,남,31-40세,승용차,경상,비사업용,승용차,승용차,비사업용,승용차,승용차,고속국도,단일로,기타단일로,눈,포장,서리/결빙,0,0,1,1
20171124,00시,충남,천안시,금,중상,차대사람,기타,기타,안전운전 의무 불이행,남,31-40세,승용차,상해없음,남,51-60세,보행자,경상,비사업용,승용차,승용차,보행자,보행자,보행자,고속국도,단일로,기타단일로,눈,포장,서리/결빙,0,1,1,0
20171124,01시,충북,음성군,금,중상,차대차,추돌,추돌,안전운전 의무 불이행,남,51-60세,화물차,경상,남,41-50세,승용차,상해없음,사업용,화물차,화물차,비사업용,승용차,승용차,고속국도,단일로,기타단일로,눈,포장,적설,0,1,3,0
20171124,03시,충북,옥천군,금,사망,차대차,측면충돌,측면충돌,안전운전 의무 불이행,남,61-64세,화물차,상해없음,남,51-60세,화물차,사망,비사업용,화물차,화물차,사업용,화물차,화물차,고속국도,단일로,기타단일로,눈,포장,젖음/습기,1,0,0,0
20171124,07시,경기,수원시,금,경상,차대차,추돌,추돌,안전거리 미확보,남,65세이상,특수차,상해없음,남,21-30세,승용차,경상,사업용,화물차,화물차,비사업용,승용차,승용차,고속국도,단일로,기타단일로,맑음,포장,건조,0,0,1,0
20171124,08시,경기,용인시,금,경상,차대차,추돌,추돌,안전운전 의무 불이행,남,31-40세,승용차,경상,남,31-40세,승용차,경상,비사업용,승용차,승용차,비사업용,승용차,승용차,고속국도,단일로,기타단일로,맑음,포장,건조,0,0,2,0
20171124,10시,인천,서구,금,중상,차대차,측면충돌,측면충돌,안전거리 미확보,기타불명,불명,불명,기타불명,남,51-60세,승용차,중상,불명,불명,불명,사업용,택시,법인택시,고속국도,단일로,기타단일로,맑음,포장,건조,0,1,0,0
20171124,12시,부산,금정구,금,중상,차대차,기타,기타,안전거리 미확보,기타불명,불명,불명,기타불명,남,41-50세,승용차,중상,불명,불명,불명,비사업용,승용차,승용차,고속국도,단일로,기타단일로,맑음,포장,건조,0,1,1,0
20171124,13시,경기,화성시,금,경상,차대차,측면충돌,측면충돌,안전운전 의무 불이행,남,51-60세,화물차,상해없음,남,41-50세,승합차,상해없음,사업용,화물차,화물차,사업용,전세버스,전세버스,고속국도,단일로,기타단일로,맑음,포장,건조,0,0,3,0
20171124,13시,경남,김해시,금,중상,차대차,측면충돌,측면충돌,안전거리 미확보,남,41-50세,특수차,상해없음,남,51-60세,승용차,경상,사업용,화물차,화물차,비사업용,승용차,승용차,고속국도,단일로,기타단일로,맑음,포장,건조,0,1,1,0
20171124,16시,경기,광주시,금,경상,차대차,측면충돌,측면충돌,안전운전 의무 불이행,여,31-40세,승용차,상해없음,남,65세이상,화물차,상해없음,비사업용,승용차,승용차,비사업용,화물차,화물차,고속국도,기타,기타,맑음,포장,건조,0,0,1,0
20171124,17시,경기,화성시,금,경상,차대차,측면충돌,측면충돌,안전거리 미확보,남,61-64세,승용차,경상,여,31-40세,승용차,상해없음,비사업용,승용차,승용차,비사업용,승용차,승용차,고속국도,단일로,기타단일로,맑음,포장,건조,0,0,1,0
20171124,19시,경기,평택시,금,중상,차대차,추돌,추돌,안전운전 의무 불이행,여,21-30세,승용차,상해없음,남,51-60세,승용차,중상,비사업용,승용차,승용차,비사업용,승용차,승용차,고속국도,단일로,기타단일로,맑음,포장,건조,0,1,0,0
20171125,00시,경북,경주시,토,경상,차대차,추돌,추돌,안전운전 의무 불이행,남,31-40세,승용차,상해없음,남,51-60세,화물차,경상,비사업용,승용차,승용차,비사업용,화물차,화물차,고속국도,단일로,기타단일로,맑음,포장,건조,0,0,2,0
20171125,01시,충남,천안시,토,경상,차대차,추돌,추돌,안전운전 의무 불이행,여,21-30세,승용차,상해없음,남,41-50세,승용차,경상,비사업용,승용차,승용차,비사업용,승용차,승용차,고속국도,단일로,기타단일로,맑음,포장,건조,0,0,1,0
20171125,04시,인천,남동구,토,경상,차대차,추돌,추돌,안전운전 의무 불이행,남,31-40세,승용차,상해없음,남,51-60세,승용차,경상,비사업용,승용차,승용차,비사업용,승용차,승용차,고속국도,단일로,교량위,맑음,포장,건조,0,0,1,0
20171125,05시,경기,시흥시,토,경상,차대차,측면충돌,측면충돌,기타,여,51-60세,승용차,상해없음,남,51-60세,승용차,경상,비사업용,승용차,승용차,비사업용,승용차,승용차,고속국도,단일로,교량위,맑음,포장,건조,0,0,1,0
20171125,05시,경기,안성시,토,경상,차대차,추돌,추돌,안전운전 의무 불이행,남,21-30세,승용차,상해없음,남,31-40세,승용차,경상,비사업용,승용차,승용차,비사업용,승용차,승용차,고속국도,단일로,기타단일로,흐림,포장,건조,0,0,1,0
20171125,07시,경기,고양시,토,중상,차대차,측면충돌,측면충돌,안전거리 미확보,남,41-50세,승용차,상해없음,남,31-40세,승용차,경상,비사업용,승용차,승용차,비사업용,승용차,승용차,고속국도,단일로,기타단일로,맑음,포장,건조,0,1,2,0
20171125,09시,강원,인제군,토,경상,차대차,추돌,추돌,안전거리 미확보,남,31-40세,승용차,경상,남,31-40세,승용차,상해없음,비사업용,승용차,승용차,비사업용,승용차,승용차,고속국도,단일로,터널안,눈,포장,적설,0,0,2,0
20171125,11시,경기,용인시,토,경상,차대차,기타,기타,기타,남,31-40세,승용차,상해없음,남,31-40세,승용차,경상,비사업용,승용차,승용차,비사업용,승용차,승용차,고속국도,단일로,기타단일로,맑음,포장,건조,0,0,2,0
20171125,11시,경기,평택시,토,경상,차대차,추돌,추돌,안전거리 미확보,남,41-50세,승용차,상해없음,여,41-50세,승용차,경상,비사업용,승용차,승용차,비사업용,승용차,승용차,고속국도,단일로,기타단일로,맑음,포장,건조,0,0,4,2
20171125,11시,경기,화성시,토,경상,차대차,추돌,추돌,안전거리 미확보,남,51-60세,승용차,상해없음,남,51-60세,승용차,경상,비사업용,승용차,승용차,비사업용,승용차,승용차,고속국도,기타,기타,맑음,포장,건조,0,0,4,0
20171125,15시,전남,무안군,토,경상,차대차,기타,기타,안전운전 의무 불이행,여,41-50세,승용차,상해없음,여,41-50세,승용차,경상,비사업용,승용차,승용차,비사업용,승용차,승용차,고속국도,단일로,기타단일로,맑음,포장,건조,0,0,2,0
20171125,18시,강원,홍천군,토,경상,차대차,추돌,추돌,안전거리 미확보,남,51-60세,승용차,상해없음,남,31-40세,승용차,상해없음,비사업용,승용차,승용차,비사업용,승용차,승용차,고속국도,단일로,기타단일로,눈,포장,적설,0,0,2,0
20171125,18시,경기,수원시,토,경상,차대차,기타,기타,안전운전 의무 불이행,남,21-30세,승용차,상해없음,남,51-60세,화물차,경상,비사업용,승용차,승용차,비사업용,화물차,화물차,고속국도,단일로,기타단일로,맑음,포장,건조,0,0,2,0
20171125,18시,경기,양주시,토,경상,차대차,추돌,추돌,안전거리 미확보,남,21-30세,화물차,상해없음,남,51-60세,승용차,경상,비사업용,화물차,화물차,비사업용,승용차,승용차,고속국도,단일로,기타단일로,흐림,포장,젖음/습기,0,0,1,0
20171125,20시,강원,춘천시,토,경상,차대차,추돌,추돌,안전운전 의무 불이행,남,51-60세,승용차,상해없음,남,41-50세,승용차,경상,비사업용,승용차,승용차,비사업용,승용차,승용차,고속국도,단일로,기타단일로,눈,포장,적설,0,0,1,0
20171125,20시,강원,횡성군,토,부상신고,차대차,추돌,추돌,안전운전 의무 불이행,여,31-40세,승용차,부상신고,여,31-40세,승용차,상해없음,사업용,렌터카,렌터카,비사업용,승용차,승용차,고속국도,단일로,기타단일로,눈,포장,적설,0,0,0,1
20171125,20시,전남,순천시,토,경상,차대차,기타,기타,안전거리 미확보,남,41-50세,승용차,상해없음,남,41-50세,승용차,경상,비사업용,승용차,승용차,비사업용,승용차,승용차,고속국도,단일로,터널안,맑음,포장,건조,0,0,1,0
20171126,09시,경기,안산시,일,경상,차대차,측면충돌,측면충돌,안전거리 미확보,남,61-64세,승용차,상해없음,여,51-60세,승용차,경상,사업용,택시,법인택시,비사업용,승용차,승용차,고속국도,단일로,기타단일로,맑음,포장,건조,0,0,1,0
20171126,11시,경남,양산시,일,경상,차대차,기타,기타,안전운전 의무 불이행,남,41-50세,승용차,상해없음,여,51-60세,승용차,경상,비사업용,승용차,승용차,비사업용,승용차,승용차,고속국도,단일로,기타단일로,맑음,포장,건조,0,0,2,0
20171126,11시,부산,기장군,일,중상,차대차,추돌,추돌,안전운전 의무 불이행,남,41-50세,승용차,상해없음,남,51-60세,승용차,중상,비사업용,승용차,승용차,비사업용,승용차,승용차,고속국도,단일로,기타단일로,맑음,포장,건조,0,1,0,0
20171126,13시,경남,함안군,일,중상,차대차,측면충돌,측면충돌,안전운전 의무 불이행,남,41-50세,화물차,상해없음,여,41-50세,승용차,중상,사업용,화물차,화물차,비사업용,승용차,승용차,고속국도,단일로,기타단일로,맑음,포장,건조,0,1,0,0
20171126,14시,경남,창녕군,일,중상,차대차,측면충돌,측면충돌,안전운전 의무 불이행,남,21-30세,승용차,상해없음,남,41-50세,화물차,상해없음,비사업용,승용차,승용차,비사업용,화물차,화물차,고속국도,단일로,기타단일로,맑음,포장,건조,0,1,0,0
20171126,17시,경남,김해시,일,중상,차대차,추돌,추돌,안전운전 의무 불이행,남,51-60세,화물차,중상,남,41-50세,승용차,경상,비사업용,화물차,화물차,비사업용,승용차,승용차,고속국도,단일로,기타단일로,맑음,포장,건조,0,1,2,0