발생일,발생시간,발생지_시도,발생지_시군구,요일,사고내용,사고유형_대분류,사고유형_중분류,사고유형,가해자법규위반,가해자성별,가해자연령,가해당사자종별,가해자신체상해정도,피해자성별,피해자연령,피해당사자종별,피해자신체상해정도,가해차량용도_대분류,가해차량용도_중분류,가해차량용도,피해차량용도_대분류,피해차량용도_중분류,피해차량용도,도로종류,도로형태_대분류,도로형태,기상상태,노면상태_대분류,노면상태,사망자수,중상자수,경상자수,부상신고자수
20180104,16시,경기,고양시,목,사망,차대차,추돌,추돌,안전거리 미확보,여,21-30세,승용차,상해없음,남,51-60세,화물차,사망,비사업용,승용차,승용차,비사업용,화물차,화물차,고속국도,단일로,기타단일로,맑음,포장,건조,1,0,0,0
20180104,18시,경남,양산시,목,중상,차대차,추돌,추돌,안전운전 의무 불이행,남,51-60세,승합차,상해없음,여,41-50세,승용차,경상,사업용,전세버스,전세버스,사업용,렌터카,렌터카,고속국도,단일로,기타단일로,맑음,포장,건조,0,1,3,4
20180105,04시,강원,강릉시,금,중상,차대차,측면충돌,측면충돌,안전운전 의무 불이행,남,21-30세,승용차,상해없음,남,21-30세,승용차,중상,비사업용,승용차,승용차,비사업용,승용차,승용차,고속국도,단일로,기타단일로,맑음,포장,건조,0,1,0,0
20180105,08시,경기,성남시,금,부상신고,차대차,기타,기타,안전운전 의무 불이행,기타불명,불명,불명,기타불명,남,65세이상,승용차,부상신고,불명,불명,불명,비사업용,승용차,승용차,고속국도,단일로,기타단일로,맑음,포장,건조,0,0,0,1
20180105,14시,경기,남양주시,금,중상,차대차,추돌,추돌,안전거리 미확보,여,31-40세,승용차,경상,남,65세이상,승합차,중상,비사업용,승용차,승용차,비사업용,기타/건설기계,기타/건설기계,고속국도,단일로,기타단일로,맑음,포장,건조,0,1,10,0
20180105,18시,경기,김포시,금,경상,차대차,측면충돌,측면충돌,안전거리 미확보,남,21-30세,건설기계,상해없음,남,31-40세,승용차,경상,비사업용,기타/건설기계,기타/건설기계,비사업용,승용차,승용차,고속국도,단일로,기타단일로,맑음,포장,건조,0,0,1,0
20180105,20시,부산,기장군,금,경상,차대차,측면충돌,측면충돌,안전운전 의무 불이행,남,41-50세,승용차,상해없음,남,61-64세,승용차,경상,비사업용,승용차,승용차,비사업용,승용차,승용차,고속국도,기타,기타,맑음,포장,건조,0,0,1,0
20180105,22시,경북,안동시,금,중상,차대차,측면충돌,측면충돌,안전운전 의무 불이행,여,41-50세,승용차,상해없음,남,41-50세,승용차,중상,비사업용,승용차,승용차,비사업용,승용차,승용차,고속국도,단일로,기타단일로,맑음,포장,건조,0,1,0,0
20180105,22시,인천,부평구,금,중상,차대차,추돌,추돌,안전운전 의무 불이행,남,21-30세,승용차,상해없음,여,21-30세,승용차,중상,비사업용,승용차,승용차,비사업용,승용차,승용차,고속국도,단일로,기타단일로,맑음,포장,건조,0,2,0,0
20180105,23시,경기,수원시,금,중상,차대차,정면충돌,정면충돌,중앙선 침범,남,21-30세,승용차,부상신고,남,31-40세,승용차,중상,비사업용,승용차,승용차,비사업용,승용차,승용차,고속국도,단일로,기타단일로,맑음,포장,건조,0,2,0,1
20180106,00시,충남,공주시,토,경상,차대차,기타,기타,안전운전 의무 불이행,남,51-60세,승용차,상해없음,남,31-40세,승용차,경상,비사업용,승용차,승용차,비사업용,승용차,승용차,고속국도,단일로,기타단일로,맑음,포장,건조,0,0,1,0
20180106,06시,충남,당진시,토,중상,차대차,추돌,추돌,안전운전 의무 불이행,남,51-60세,승용차,상해없음,남,61-64세,승용차,중상,비사업용,승용차,승용차,비사업용,승용차,승용차,고속국도,단일로,기타단일로,맑음,포장,건조,0,2,0,0
20180106,07시,충남,논산시,토,중상,차량단독,기타,기타,안전운전 의무 불이행,남,51-60세,승용차,중상,없음,불명,없음,없음,비사업용,승용차,승용차,없음,없음,없음,고속국도,단일로,기타단일로,맑음,포장,기타,0,1,0,0
20180106,08시,경기,용인시,토,경상,차대차,추돌,추돌,안전운전 의무 불이행,여,21-30세,승용차,상해없음,남,61-64세,승용차,경상,비사업용,승용차,승용차,비사업용,승용차,승용차,고속국도,단일로,기타단일로,맑음,포장,건조,0,0,1,0
20180106,09시,경남,창원시,토,경상,차대차,기타,기타,안전운전 의무 불이행,남,31-40세,승용차,상해없음,남,51-60세,승합차,경상,비사업용,승용차,승용차,비사업용,기타/건설기계,기타/건설기계,고속국도,단일로,기타단일로,맑음,포장,건조,0,0,1,0
20180106,11시,인천,계양구,토,중상,차대차,측면충돌,측면충돌,기타,남,51-60세,승용차,상해없음,여,41-50세,승용차,중상,비사업용,승용차,승용차,비사업용,승용차,승용차,고속국도,단일로,교량위,맑음,포장,건조,0,1,0,0
20180106,12시,경기,평택시,토,중상,차대차,추돌,추돌,안전운전 의무 불이행,여,41-50세,승용차,상해없음,남,31-40세,화물차,중상,비사업용,승용차,승용차,비사업용,화물차,화물차,고속국도,단일로,기타단일로,맑음,포장,건조,0,1,0,0
20180106,14시,경기,용인시,토,경상,차대차,기타,기타,안전운전 의무 불이행,남,41-50세,승용차,상해없음,여,51-60세,승용차,경상,비사업용,승용차,승용차,비사업용,승용차,승용차,고속국도,단일로,기타단일로,맑음,포장,건조,0,0,1,0
20180106,18시,경기,성남시,토,중상,차대차,추돌,추돌,안전거리 미확보,남,41-50세,화물차,상해없음,여,51-60세,승용차,중상,사업용,화물차,화물차,비사업용,승용차,승용차,고속국도,단일로,터널안,맑음,포장,건조,0,2,0,0
20180106,22시,경기,화성시,토,사망,차대차,추돌,추돌,안전운전 의무 불이행,남,51-60세,화물차,상해없음,남,31-40세,화물차,사망,사업용,화물차,화물차,사업용,화물차,화물차,고속국도,단일로,기타단일로,맑음,포장,건조,1,0,0,0
20180107,01시,강원,횡성군,일,사망,차량단독,전도,전도,안전운전 의무 불이행,남,21-30세,승용차,사망,없음,불명,없음,없음,비사업용,승용차,승용차,없음,없음,없음,고속국도,단일로,기타단일로,맑음,포장,건조,1,0,0,0
20180107,01시,경기,시흥시,일,경상,차대차,측면충돌,측면충돌,안전거리 미확보,여,31-40세,승용차,상해없음,남,51-60세,특수차,경상,비사업용,승용차,승용차,사업용,화물차,화물차,고속국도,단일로,기타단일로,맑음,포장,건조,0,0,1,0
20180107,08시,경기,안산시,일,경상,차대차,기타,기타,기타,기타불명,불명,불명,기타불명,남,51-60세,화물차,경상,불명,불명,불명,비사업용,화물차,화물차,고속국도,단일로,기타단일로,맑음,포장,건조,0,0,5,0
20180107,11시,경기,용인시,일,경상,차대차,추돌,추돌,안전운전 의무 불이행,남,41-50세,승용차,부상신고,남,51-60세,승용차,경상,비사업용,승용차,승용차,비사업용,승용차,승용차,고속국도,단일로,기타단일로,맑음,포장,건조,0,0,1,1
20180107,12시,강원,춘천시,일,경상,차대차,추돌,추돌,안전운전 의무 불이행,남,41-50세,승용차,상해없음,여,41-50세,승용차,경상,비사업용,승용차,승용차,비사업용,승용차,승용차,고속국도,단일로,기타단일로,맑음,포장,건조,0,0,1,0
20180107,12시,인천,부평구,일,경상,차대차,추돌,추돌,안전거리 미확보,남,51-60세,승용차,상해없음,남,31-40세,승용차,경상,사업용,택시,법인택시,비사업용,승용차,승용차,고속국도,단일로,교량위,맑음,포장,건조,0,0,3,0
20180107,17시,인천,서구,일,경상,차대차,기타,기타,기타,남,65세이상,화물차,상해없음,남,21-30세,승용차,상해없음,사업용,화물차,화물차,비사업용,승용차,승용차,고속국도,단일로,기타단일로,맑음,포장,건조,0,0,4,0
20180107,19시,경기,남양주시,일,경상,차대차,기타,기타,안전거리 미확보,남,20세이하,승용차,상해없음,기타불명,불명,불명,기타불명,사업용,렌터카,렌터카,불명,불명,불명,고속국도,단일로,기타단일로,맑음,포장,건조,0,0,1,0
20180107,20시,경기,안성시,일,경상,차대차,기타,기타,안전운전 의무 불이행,남,41-50세,승합차,상해없음,여,51-60세,승용차,경상,사업용,전세버스,전세버스,비사업용,승용차,승용차,고속국도,단일로,기타단일로,맑음,포장,건조,0,0,4,0
20180107,22시,경기,용인시,일,부상신고,차대차,추돌,추돌,안전운전 의무 불이행,남,31-40세,승용차,상해없음,남,31-40세,화물차,부상신고,비사업용,승용차,승용차,비사업용,화물차,화물차,고속국도,단일로,기타단일로,흐림,포장,건조,0,0,0,1
20180108,00시,경기,안성시,월,중상,차대차,정면충돌,정면충돌,중앙선 침범,여,21-30세,승용차,중상,남,41-50세,승용차,중상,비사업용,승용차,승용차,비사업용,승용차,승용차,고속국도,단일로,기타단일로,맑음,포장,건조,0,2,0,0
20180108,04시,충남,당진시,월,경상,차대차,추돌,추돌,안전운전 의무 불이행,남,31-40세,승용차,상해없음,남,41-50세,화물차,경상,비사업용,승용차,승용차,사업용,화물차,화물차,고속국도,단일로,기타단일로,비,포장,젖음/습기,0,0,1,0
20180108,07시,경북,영천시,월,중상,차대차,측면충돌,측면충돌,안전운전 의무 불이행,남,51-60세,화물차,상해없음,남,51-60세,승용차,중상,비사업용,화물차,화물차,비사업용,승용차,승용차,고속국도,단일로,기타단일로,흐림,포장,서리/결빙,0,1,1,0
20180108,12시,경기,부천시,월,경상,차대차,추돌,추돌,안전운전 의무 불이행,여,41-50세,승용차,상해없음,남,21-30세,승용차,경상,사업용,렌터카,렌터카,비사업용,승용차,승용차,고속국도,단일로,기타단일로,맑음,포장,건조,0,0,1,0
20180108,12시,경남,김해시,월,중상,차대차,측면충돌,측면충돌,안전거리 미확보,남,51-60세,승용차,상해없음,남,31-40세,화물차,중상,비사업용,승용차,승용차,사업용,화물차,화물차,고속국도,단일로,기타단일로,맑음,포장,건조,0,1,0,0
20180108,13시,경기,이천시,월,사망,차대차,기타,기타,안전운전 의무 불이행,남,41-50세,승용차,상해없음,남,65세이상,승용차,중상,비사업용,승용차,승용차,비사업용,승용차,승용차,고속국도,단일로,기타단일로,맑음,포장,건조,1,1,0,0
20180108,13시,대구,동구,월,경상,차대차,추돌,추돌,안전운전 의무 불이행,남,51-60세,화물차,상해없음,남,61-64세,특수차,경상,사업용,화물차,화물차,사업용,화물차,화물차,고속국도,단일로,터널안,맑음,포장,건조,0,0,2,0
20180108,14시,경기,용인시,월,경상,차대차,기타,기타,안전운전 의무 불이행,여,51-60세,승용차,상해없음,남,31-40세,승용차,경상,비사업용,승용차,승용차,비사업용,승용차,승용차,고속국도,단일로,기타단일로,맑음,포장,건조,0,0,1,0
20180108,15시,충남,천안시,월,경상,차대차,추돌,추돌,안전운전 의무 불이행,남,31-40세,승합차,상해없음,여,31-40세,승용차,경상,비사업용,기타/건설기계,기타/건설기계,비사업용,승용차,승용차,고속국도,단일로,터널안,맑음,포장,건조,0,0,1,0
20180108,15시,충북,음성군,월,경상,차대차,추돌,추돌,안전운전 의무 불이행,남,21-30세,승용차,상해없음,남,41-50세,승용차,경상,비사업용,승용차,승용차,사업용,렌터카,렌터카,고속국도,단일로,기타단일로,맑음,포장,건조,0,0,1,0
20180108,18시,경기,용인시,월,경상,차대차,측면충돌,측면충돌,안전운전 의무 불이행,남,51-60세,화물차,상해없음,남,31-40세,승용차,경상,비사업용,화물차,화물차,비사업용,승용차,승용차,고속국도,기타,기타,비,포장,젖음/습기,0,0,1,0
20180108,21시,경북,구미시,월,경상,차대차,기타,기타,안전운전 의무 불이행,여,21-30세,승용차,상해없음,남,61-64세,화물차,경상,사업용,렌터카,렌터카,비사업용,화물차,화물차,고속국도,단일로,기타단일로,맑음,포장,건조,0,0,1,0
20180109,00시,강원,홍천군,화,사망,차량단독,공작물충돌,공작물충돌,안전운전 의무 불이행,남,31-40세,화물차,사망,없음,불명,없음,없음,비사업용,화물차,화물차,없음,없음,없음,고속국도,단일로,기타단일로,눈,포장,젖음/습기,1,0,0,0
20180109,05시,경기,안성시,화,중상,차대차,추돌,추돌,안전운전 의무 불이행,남,61-64세,승용차,상해없음,여,41-50세,승용차,중상,비사업용,승용차,승용차,비사업용,승용차,승용차,고속국도,단일로,기타단일로,흐림,포장,젖음/습기,0,3,2,0
20180109,07시,경기,광명시,화,경상,차대차,추돌,추돌,안전운전 의무 불이행,남,31-40세,승용차,상해없음,남,41-50세,승용차,경상,비사업용,승용차,승용차,비사업용,승용차,승용차,고속국도,단일로,기타단일로,맑음,포장,건조,0,0,1,0
20180109,08시,대구,달성군,화,중상,차대차,추돌,추돌,안전운전 의무 불이행,남,51-60세,화물차,상해없음,남,51-60세,화물차,상해없음,비사업용,화물차,화물차,비사업용,화물차,화물차,고속국도,단일로,기타단일로,맑음,포장,건조,0,1,0,0
20180109,09시,인천,서구,화,부상신고,차량단독,공작물충돌,공작물충돌,안전운전 의무 불이행,남,21-30세,승용차,부상신고,없음,불명,없음,없음,비사업용,승용차,승용차,없음,없음,없음,고속국도,단일로,기타단일로,맑음,포장,건조,0,0,0,1
20180109,12시,경기,용인시,화,경상,차대차,추돌,추돌,안전거리 미확보,남,51-60세,승용차,상해없음,남,51-60세,승용차,경상,사업용,렌터카,렌터카,비사업용,승용차,승용차,고속국도,단일로,기타단일로,맑음,포장,건조,0,0,5,0
20180109,12시,경기,용인시,화,경상,차대차,추돌,추돌,안전거리 미확보,여,21-30세,승용차,상해없음,여,41-50세,승용차,경상,비사업용,승용차,승용차,비사업용,승용차,승용차,고속국도,단일로,기타단일로,흐림,포장,젖음/습기,0,0,3,0
20180109,13시,경기,용인시,화,중상,차대차,측면충돌,측면충돌,안전거리 미확보,남,21-30세,승용차,상해없음,남,31-40세,승용차,상해없음,비사업용,승용차,승용차,비사업용,승용차,승용차,고속국도,단일로,기타단일로,맑음,포장,건조,0,3,0,0
20180109,16시,경남,김해시,화,경상,차대차,측면충돌,측면충돌,안전거리 미확보,남,51-60세,화물차,상해없음,남,51-60세,승용차,경상,사업용,화물차,화물차,비사업용,승용차,승용차,고속국도,단일로,기타단일로,맑음,포장,건조,0,0,1,0
20180109,19시,경기,성남시,화,경상,차대차,기타,기타,과속,남,31-40세,승용차,상해없음,남,41-50세,승용차,경상,비사업용,승용차,승용차,비사업용,승용차,승용차,고속국도,단일로,기타단일로,눈,포장,서리/결빙,0,0,1,0
20180110,01시,인천,남동구,수,경상,차대차,추돌,추돌,안전운전 의무 불이행,남,31-40세,승용차,상해없음,남,41-50세,승용차,경상,사업용,렌터카,렌터카,비사업용,승용차,승용차,고속국도,단일로,기타단일로,눈,포장,적설,0,0,1,0
20180110,01시,충북,보은군,수,경상,차대차,추돌,추돌,안전운전 의무 불이행,남,51-60세,화물차,상해없음,남,51-60세,화물차,경상,사업용,화물차,화물차,사업용,화물차,화물차,고속국도,기타,기타,눈,포장,서리/결빙,0,0,3,0
20180110,05시,경기,시흥시,수,경상,차대차,추돌,추돌,안전운전 의무 불이행,남,41-50세,승용차,상해없음,남,41-50세,화물차,경상,사업용,렌터카,렌터카,사업용,화물차,화물차,고속국도,단일로,기타단일로,흐림,포장,젖음/습기,0,0,1,0
20180110,06시,충북,청주시,수,경상,차대차,추돌,추돌,기타,남,51-60세,승용차,상해없음,남,51-60세,화물차,상해없음,비사업용,승용차,승용차,사업용,화물차,화물차,고속국도,단일로,기타단일로,눈,포장,적설,0,0,1,0
20180110,07시,인천,계양구,수,경상,차대차,측면충돌,측면충돌,안전운전 의무 불이행,남,31-40세,승용차,상해없음,남,41-50세,화물차,경상,비사업용,승용차,승용차,사업용,화물차,화물차,고속국도,단일로,교량위,맑음,포장,젖음/습기,0,0,1,0
20180110,08시,경기,수원시,수,경상,차대차,기타,기타,안전거리 미확보,남,41-50세,승합차,상해없음,여,41-50세,승용차,경상,비사업용,버스,버스,비사업용,승용차,승용차,고속국도,기타,기타,맑음,포장,건조,0,0,1,0
20180110,08시,대구,동구,수,사망,차대차,추돌,추돌,안전운전 의무 불이행,남,51-60세,화물차,사망,남,41-50세,화물차,중상,비사업용,화물차,화물차,사업용,화물차,화물차,고속국도,단일로,기타단일로,흐림,포장,건조,1,1,0,0
20180110,08시,전남,나주시,수,경상,차대차,기타,기타,안전운전 의무 불이행,남,21-30세,승합차,상해없음,남,41-50세,승용차,경상,비사업용,버스,버스,비사업용,승용차,승용차,고속국도,단일로,기타단일로,눈,포장,적설,0,0,2,0
20180110,08시,전남,담양군,수,경상,차대차,측면충돌,측면충돌,안전운전 의무 불이행,남,51-60세,화물차,상해없음,여,41-50세,승용차,경상,비사업용,화물차,화물차,사업용,렌터카,렌터카,고속국도,교차로,교차로부근,눈,포장,적설,0,0,1,0
20180110,08시,충남,예산군,수,중상,차량단독,전도,전도,안전운전 의무 불이행,남,41-50세,승용차,상해없음,없음,불명,없음,없음,비사업용,승용차,승용차,없음,없음,없음,고속국도,단일로,기타단일로,흐림,포장,적설,0,1,0,0
20180110,09시,경남,김해시,수,경상,차대차,추돌,추돌,안전운전 의무 불이행,남,31-40세,승용차,경상,남,31-40세,승용차,경상,비사업용,승용차,승용차,비사업용,승용차,승용차,고속국도,단일로,기타단일로,눈,포장,적설,0,0,2,0
20180110,09시,전남,장흥군,수,경상,차대차,추돌,추돌,안전운전 의무 불이행,남,65세이상,승용차,경상,남,41-50세,특수차,상해없음,비사업용,승용차,승용차,사업용,화물차,화물차,고속국도,단일로,교량위,눈,포장,적설,0,0,1,0
20180110,09시,전남,함평군,수,경상,차대차,측면충돌,측면충돌,안전운전 의무 불이행,여,51-60세,승합차,상해없음,남,41-50세,승용차,경상,비사업용,기타/건설기계,기타/건설기계,비사업용,승용차,승용차,고속국도,단일로,기타단일로,눈,포장,적설,0,0,1,0
20180110,11시,경기,용인시,수,중상,차대차,추돌,추돌,안전운전 의무 불이행,남,51-60세,승용차,상해없음,남,41-50세,승용차,중상,사업용,택시,개인택시,비사업용,승용차,승용차,고속국도,단일로,기타단일로,맑음,포장,건조,0,1,0,0
20180110,11시,경남,함양군,수,중상,차대차,기타,기타,안전운전 의무 불이행,남,41-50세,승용차,상해없음,여,41-50세,승용차,중상,비사업용,승용차,승용차,비사업용,승용차,승용차,고속국도,단일로,터널안,기타/불명,포장,서리/결빙,0,2,0,0
20180110,14시,경기,안성시,수,중상,차대차,기타,기타,안전운전 의무 불이행,남,65세이상,승합차,상해없음,남,41-50세,화물차,중상,사업용,전세버스,전세버스,사업용,화물차,화물차,고속국도,단일로,기타단일로,맑음,포장,건조,0,1,0,0
20180110,14시,경기,화성시,수,경상,차대차,추돌,추돌,안전운전 의무 불이행,여,65세이상,승합차,상해없음,여,21-30세,승용차,경상,비사업용,기타/건설기계,기타/건설기계,비사업용,승용차,승용차,고속국도,단일로,기타단일로,맑음,포장,건조,0,0,4,0
20180110,14시,경기,화성시,수,중상,차대차,기타,기타,기타,남,51-60세,특수차,상해없음,남,31-40세,화물차,중상,사업용,화물차,화물차,사업용,화물차,화물차,고속국도,단일로,기타단일로,맑음,포장,건조,0,1,3,0
20180110,15시,전북,부안군,수,경상,차대차,기타,기타,안전운전 의무 불이행,남,51-60세,승용차,상해없음,여,31-40세,승용차,경상,비사업용,승용차,승용차,비사업용,승용차,승용차,고속국도,단일로,기타단일로,눈,포장,서리/결빙,0,0,1,0
20180110,15시,전북,부안군,수,중상,차대사람,기타,기타,안전운전 의무 불이행,남,51-60세,승용차,상해없음,여,41-50세,보행자,경상,비사업용,승용차,승용차,보행자,보행자,보행자,고속국도,단일로,기타단일로,눈,포장,적설,0,2,1,0
20180110,17시,경기,성남시,수,경상,차대차,추돌,추돌,안전운전 의무 불이행,남,51-60세,승용차,상해없음,남,65세이상,승용차,경상,비사업용,승용차,승용차,비사업용,승용차,승용차,고속국도,단일로,기타단일로,맑음,포장,건조,0,0,2,0
20180110,17시,경기,안성시,수,경상,차대차,측면충돌,측면충돌,안전운전 의무 불이행,기타불명,불명,불명,기타불명,남,31-40세,승용차,경상,불명,불명,불명,비사업용,승용차,승용차,고속국도,단일로,기타단일로,맑음,포장,건조,0,0,1,0
20180111,05시,경남,김해시,목,경상,차대차,기타,기타,기타,남,65세이상,화물차,상해없음,남,41-50세,승용차,경상,사업용,화물차,화물차,비사업용,승용차,승용차,고속국도,단일로,기타단일로,맑음,포장,건조,0,0,1,0
20180111,06시,경기,시흥시,목,경상,차대차,기타,기타,기타,남,21-30세,승용차,상해없음,남,41-50세,승용차,경상,비사업용,승용차,승용차,사업용,렌터카,렌터카,고속국도,단일로,기타단일로,맑음,포장,건조,0,0,1,0
20180111,06시,경기,시흥시,목,경상,차대차,기타,기타,안전운전 의무 불이행,남,51-60세,승용차,상해없음,남,41-50세,승용차,경상,사업용,택시,개인택시,비사업용,승용차,승용차,고속국도,단일로,기타단일로,맑음,포장,건조,0,0,3,0
20180111,07시,경기,시흥시,목,경상,차대차,추돌,추돌,안전거리 미확보,남,31-40세,승용차,상해없음,남,31-40세,승용차,경상,비사업용,승용차,승용차,비사업용,승용차,승용차,고속국도,단일로,기타단일로,맑음,포장,건조,0,0,1,0
20180111,10시,경기,안양시,목,경상,차대차,기타,기타,안전거리 미확보,남,41-50세,승용차,상해없음,남,31-40세,승용차,경상,비사업용,승용차,승용차,비사업용,승용차,승용차,고속국도,기타,기타,맑음,포장,건조,0,0,2,0
20180111,11시,경기,성남시,목,경상,차대차,기타,기타,안전운전 의무 불이행,남,65세이상,화물차,상해없음,여,41-50세,승용차,경상,사업용,화물차,화물차,비사업용,승용차,승용차,고속국도,단일로,기타단일로,맑음,포장,건조,0,0,1,0
20180111,13시,경기,광명시,목,중상,차대차,추돌,추돌,안전운전 의무 불이행,남,41-50세,승용차,상해없음,여,31-40세,승용차,중상,비사업용,승용차,승용차,비사업용,승용차,승용차,고속국도,단일로,기타단일로,맑음,포장,건조,0,1,0,0
20180111,13시,충북,청주시,목,경상,차대차,기타,기타,안전운전 의무 불이행,남,65세이상,승용차,상해없음,여,41-50세,승용차,경상,비사업용,승용차,승용차,비사업용,승용차,승용차,고속국도,단일로,기타단일로,맑음,포장,건조,0,0,2,0
20180111,14시,경기,남양주시,목,경상,차대차,추돌,추돌,안전운전 의무 불이행,남,20세이하,승용차,상해없음,남,41-50세,승용차,경상,사업용,렌터카,렌터카,비사업용,승용차,승용차,고속국도,단일로,기타단일로,맑음,포장,건조,0,0,2,0
20180111,17시,경기,양주시,목,부상신고,차대차,측면충돌,측면충돌,안전운전 의무 불이행,남,41-50세,승용차,상해없음,남,51-60세,승용차,부상신고,비사업용,승용차,승용차,비사업용,승용차,승용차,고속국도,단일로,기타단일로,맑음,포장,건조,0,0,0,1
20180111,19시,강원,인제군,목,중상,차대차,추돌,추돌,안전운전 의무 불이행,남,61-64세,승합차,상해없음,남,41-50세,화물차,중상,사업용,전세버스,전세버스,사업용,화물차,화물차,고속국도,단일로,터널안,맑음,포장,건조,0,1,1,0
20180111,19시,경기,수원시,목,경상,차대차,추돌,추돌,안전거리 미확보,남,51-60세,승용차,기타불명,여,41-50세,승용차,경상,비사업용,승용차,승용차,비사업용,승용차,승용차,고속국도,단일로,기타단일로,맑음,포장,건조,0,0,1,0
20180111,19시,경남,김해시,목,중상,차대차,측면충돌,측면충돌,안전거리 미확보,기타불명,불명,불명,기타불명,남,41-50세,승용차,중상,불명,불명,불명,비사업용,승용차,승용차,고속국도,단일로,기타단일로,맑음,포장,건조,0,1,0,0
20180111,21시,경기,성남시,목,부상신고,차대차,추돌,추돌,안전운전 의무 불이행,남,21-30세,승용차,상해없음,남,31-40세,승용차,부상신고,비사업용,승용차,승용차,비사업용,승용차,승용차,고속국도,단일로,기타단일로,흐림,포장,젖음/습기,0,0,0,1
20180111,22시,경기,안산시,목,사망,차대사람,기타,기타,안전운전 의무 불이행,남,41-50세,화물차,상해없음,남,61-64세,보행자,사망,비사업용,화물차,화물차,보행자,보행자,보행자,고속국도,단일로,기타단일로,맑음,포장,건조,1,0,0,0
20180111,22시,경기,안성시,목,중상,차대차,측면충돌,측면충돌,안전운전 의무 불이행,남,41-50세,승용차,부상신고,남,51-60세,화물차,중상,비사업용,승용차,승용차,사업용,화물차,화물차,고속국도,단일로,기타단일로,맑음,포장,건조,0,1,0,1
20180111,23시,경기,광명시,목,경상,차대차,추돌,추돌,안전운전 의무 불이행,남,51-60세,승용차,상해없음,남,41-50세,승용차,경상,비사업용,승용차,승용차,사업용,렌터카,렌터카,고속국도,단일로,기타단일로,맑음,포장,건조,0,0,3,0
20180111,23시,경기,안성시,목,사망,차대차,기타,기타,안전운전 의무 불이행,남,51-60세,승용차,사망,남,51-60세,화물차,중상,비사업용,승용차,승용차,사업용,화물차,화물차,고속국도,단일로,기타단일로,맑음,포장,건조,1,2,0,0
20180112,00시,경북,영천시,금,경상,차대차,정면충돌,정면충돌,중앙선 침범,남,31-40세,승용차,상해없음,남,31-40세,승용차,경상,비사업용,승용차,승용차,사업용,렌터카,렌터카,고속국도,단일로,기타단일로,맑음,포장,건조,0,0,1,0
20180112,03시,경기,용인시,금,중상,차대차,기타,기타,안전운전 의무 불이행,남,51-60세,화물차,중상,남,51-60세,화물차,부상신고,사업용,화물차,화물차,사업용,화물차,화물차,고속국도,단일로,기타단일로,맑음,포장,건조,0,1,0,1
20180112,04시,경기,부천시,금,경상,차대차,추돌,추돌,안전운전 의무 불이행,남,31-40세,화물차,상해없음,남,65세이상,화물차,경상,사업용,화물차,화물차,사업용,화물차,화물차,고속국도,단일로,기타단일로,맑음,포장,건조,0,0,1,0
20180112,04시,경기,성남시,금,사망,차대차,추돌,추돌,안전운전 의무 불이행,남,61-64세,승용차,부상신고,여,21-30세,승용차,사망,비사업용,승용차,승용차,비사업용,승용차,승용차,고속국도,단일로,기타단일로,맑음,포장,건조,1,0,0,1
20180112,05시,경기,안양시,금,경상,차대차,추돌,추돌,안전운전 의무 불이행,남,41-50세,승용차,상해없음,남,51-60세,승용차,경상,비사업용,승용차,승용차,비사업용,승용차,승용차,고속국도,단일로,기타단일로,맑음,포장,건조,0,0,1,0
20180112,06시,경기,구리시,금,경상,차대차,기타,기타,안전운전 의무 불이행,남,65세이상,승용차,상해없음,남,31-40세,화물차,경상,비사업용,승용차,승용차,사업용,화물차,화물차,고속국도,단일로,기타단일로,맑음,포장,건조,0,0,2,0
20180112,10시,경기,여주시,금,경상,차대차,기타,기타,안전운전 의무 불이행,남,65세이상,화물차,경상,남,51-60세,화물차,상해없음,사업용,화물차,화물차,비사업용,화물차,화물차,고속국도,단일로,터널안,맑음,포장,건조,0,0,1,0
20180112,11시,경기,의정부시,금,중상,차대차,추돌,추돌,안전운전 의무 불이행,남,65세이상,화물차,경상,여,51-60세,승용차,중상,비사업용,화물차,화물차,비사업용,승용차,승용차,고속국도,단일로,터널안,맑음,포장,건조,0,1,4,0
20180112,12시,충북,청주시,금,경상,차대차,추돌,추돌,안전운전 의무 불이행,남,41-50세,화물차,상해없음,남,65세이상,화물차,경상,사업용,화물차,화물차,사업용,화물차,화물차,고속국도,기타,기타,맑음,포장,건조,0,0,1,0
20180112,13시,경기,용인시,금,중상,차대차,추돌,추돌,안전운전 의무 불이행,남,21-30세,승용차,상해없음,남,41-50세,승용차,경상,비사업용,승용차,승용차,비사업용,승용차,승용차,고속국도,단일로,기타단일로,맑음,포장,건조,0,1,1,0
20180112,14시,경기,오산시,금,중상,차대차,기타,기타,안전운전 의무 불이행,남,21-30세,화물차,상해없음,여,51-60세,승용차,중상,비사업용,화물차,화물차,비사업용,승용차,승용차,고속국도,단일로,기타단일로,맑음,포장,건조,0,1,0,0
20180112,15시,경기,안성시,금,중상,차대차,추돌,추돌,안전거리 미확보,남,21-30세,승용차,상해없음,여,31-40세,승용차,중상,비사업용,승용차,승용차,비사업용,승용차,승용차,고속국도,단일로,기타단일로,맑음,포장,건조,0,1,0,0
20180112,19시,충남,공주시,금,중상,차대차,추돌,추돌,안전운전 의무 불이행,남,41-50세,승용차,상해없음,남,51-60세,화물차,중상,비사업용,승용차,승용차,비사업용,화물차,화물차,고속국도,기타,기타,흐림,포장,젖음/습기,0,1,0,0