발생일,발생시간,발생지_시도,발생지_시군구,요일,사고내용,사고유형_대분류,사고유형_중분류,사고유형,가해자법규위반,가해자성별,가해자연령,가해당사자종별,가해자신체상해정도,피해자성별,피해자연령,피해당사자종별,피해자신체상해정도,가해차량용도_대분류,가해차량용도_중분류,가해차량용도,피해차량용도_대분류,피해차량용도_중분류,피해차량용도,도로종류,도로형태_대분류,도로형태,기상상태,노면상태_대분류,노면상태,사망자수,중상자수,경상자수,부상신고자수
20180202,16시,경기,안산시,금,경상,차대차,기타,기타,안전운전 의무 불이행,남,51-60세,화물차,상해없음,남,51-60세,승용차,경상,사업용,화물차,화물차,비사업용,승용차,승용차,고속국도,단일로,기타단일로,맑음,포장,건조,0,0,1,0
20180202,21시,경기,하남시,금,경상,차대차,기타,기타,기타,남,21-30세,승용차,경상,남,51-60세,화물차,상해없음,비사업용,승용차,승용차,사업용,화물차,화물차,고속국도,기타,기타,맑음,포장,건조,0,0,1,0
20180202,23시,경기,용인시,금,경상,차대차,측면충돌,측면충돌,안전운전 의무 불이행,남,41-50세,승용차,상해없음,남,41-50세,승용차,경상,비사업용,승용차,승용차,비사업용,승용차,승용차,고속국도,단일로,기타단일로,맑음,포장,건조,0,0,1,0
20180203,00시,충북,음성군,토,사망,차대차,추돌,추돌,안전거리 미확보,남,31-40세,특수차,경상,남,41-50세,화물차,경상,사업용,화물차,화물차,사업용,화물차,화물차,고속국도,단일로,기타단일로,맑음,포장,건조,1,1,4,0
20180203,04시,인천,서구,토,중상,차대차,추돌,추돌,안전운전 의무 불이행,남,41-50세,화물차,상해없음,여,31-40세,승용차,중상,비사업용,화물차,화물차,비사업용,승용차,승용차,고속국도,단일로,교량위,비,비포장,젖음/습기,0,1,0,0
20180203,05시,경기,성남시,토,중상,차대차,기타,기타,안전운전 의무 불이행,여,51-60세,승용차,상해없음,남,51-60세,승용차,중상,비사업용,승용차,승용차,사업용,택시,법인택시,고속국도,단일로,기타단일로,흐림,포장,젖음/습기,0,1,0,0
20180203,10시,경기,양평군,토,경상,차대차,추돌,추돌,안전운전 의무 불이행,남,21-30세,승합차,상해없음,남,31-40세,승용차,경상,사업용,렌터카,렌터카,비사업용,승용차,승용차,고속국도,단일로,기타단일로,맑음,포장,건조,0,0,2,0
20180203,10시,인천,계양구,토,중상,차대차,측면충돌,측면충돌,기타,여,31-40세,승용차,상해없음,남,41-50세,승용차,중상,비사업용,승용차,승용차,비사업용,승용차,승용차,고속국도,단일로,교량위,맑음,포장,건조,0,2,1,1
20180203,11시,경북,구미시,토,경상,차대차,추돌,추돌,안전거리 미확보,남,41-50세,화물차,경상,여,41-50세,승용차,상해없음,비사업용,화물차,화물차,비사업용,승용차,승용차,고속국도,단일로,기타단일로,맑음,포장,건조,0,0,4,0
20180203,11시,서울,강동구,토,경상,차대차,추돌,추돌,안전운전 의무 불이행,여,41-50세,승용차,상해없음,남,31-40세,승용차,경상,비사업용,승용차,승용차,비사업용,승용차,승용차,고속국도,단일로,기타단일로,맑음,포장,건조,0,0,2,0
20180203,12시,경기,시흥시,토,경상,차대차,기타,기타,안전거리 미확보,남,21-30세,승용차,상해없음,남,51-60세,승합차,경상,비사업용,승용차,승용차,사업용,노선버스,시외버스,고속국도,단일로,교량위,맑음,포장,건조,0,0,1,0
20180203,13시,경기,고양시,토,중상,차대차,추돌,추돌,안전운전 의무 불이행,남,21-30세,화물차,상해없음,여,51-60세,승용차,중상,비사업용,화물차,화물차,비사업용,승용차,승용차,고속국도,단일로,기타단일로,맑음,포장,건조,0,1,3,0
20180203,14시,대구,북구,토,경상,차대차,추돌,추돌,안전운전 의무 불이행,남,31-40세,화물차,상해없음,남,51-60세,화물차,경상,비사업용,화물차,화물차,사업용,화물차,화물차,고속국도,단일로,기타단일로,맑음,포장,건조,0,0,1,0
20180203,14시,충북,청주시,토,경상,차대차,측면충돌,측면충돌,안전거리 미확보,남,41-50세,승용차,상해없음,남,21-30세,승용차,경상,사업용,렌터카,렌터카,비사업용,승용차,승용차,고속국도,단일로,기타단일로,맑음,포장,건조,0,0,2,0
20180203,19시,경남,함안군,토,경상,차대차,기타,기타,안전운전 의무 불이행,남,51-60세,승용차,상해없음,여,51-60세,승용차,경상,비사업용,승용차,승용차,비사업용,승용차,승용차,고속국도,단일로,기타단일로,맑음,포장,건조,0,0,2,0
20180203,21시,경기,이천시,토,중상,차대차,추돌,추돌,안전운전 의무 불이행,남,65세이상,승용차,상해없음,남,51-60세,화물차,중상,비사업용,승용차,승용차,사업용,화물차,화물차,고속국도,단일로,기타단일로,맑음,포장,건조,0,4,2,0
20180204,01시,경기,용인시,일,중상,차대차,추돌,추돌,안전운전 의무 불이행,남,31-40세,승용차,상해없음,여,21-30세,승용차,경상,비사업용,승용차,승용차,비사업용,승용차,승용차,고속국도,단일로,기타단일로,맑음,포장,건조,0,1,3,0
20180204,11시,경기,용인시,일,중상,차대차,측면충돌,측면충돌,안전운전 의무 불이행,남,21-30세,승용차,상해없음,남,51-60세,승용차,부상신고,비사업용,승용차,승용차,비사업용,승용차,승용차,고속국도,단일로,터널안,맑음,포장,건조,0,1,0,2
20180204,15시,경기,부천시,일,경상,차대차,추돌,추돌,안전운전 의무 불이행,남,31-40세,승용차,상해없음,남,41-50세,승용차,경상,비사업용,승용차,승용차,비사업용,승용차,승용차,고속국도,단일로,기타단일로,맑음,포장,건조,0,0,2,0
20180204,15시,경기,용인시,일,경상,차대차,추돌,추돌,안전운전 의무 불이행,남,21-30세,승용차,상해없음,남,51-60세,승용차,경상,비사업용,승용차,승용차,비사업용,승용차,승용차,고속국도,단일로,기타단일로,맑음,포장,건조,0,0,7,0
20180205,04시,경북,문경시,월,중상,차대차,기타,기타,안전운전 의무 불이행,남,65세이상,화물차,중상,남,31-40세,승용차,상해없음,사업용,화물차,화물차,사업용,렌터카,렌터카,고속국도,단일로,기타단일로,맑음,포장,건조,0,1,0,0
20180205,05시,경기,평택시,월,중상,차대차,기타,기타,기타,기타불명,불명,불명,기타불명,남,41-50세,승용차,중상,불명,불명,불명,비사업용,승용차,승용차,고속국도,단일로,기타단일로,맑음,포장,건조,0,2,0,0
20180205,06시,인천,부평구,월,경상,차대차,추돌,추돌,안전운전 의무 불이행,남,21-30세,화물차,상해없음,남,61-64세,승용차,경상,비사업용,화물차,화물차,비사업용,승용차,승용차,고속국도,단일로,기타단일로,맑음,포장,건조,0,0,2,0
20180205,09시,경기,광명시,월,중상,차대차,추돌,추돌,안전운전 의무 불이행,남,65세이상,승용차,상해없음,여,21-30세,승용차,중상,비사업용,승용차,승용차,비사업용,승용차,승용차,고속국도,단일로,기타단일로,맑음,포장,건조,0,1,0,0
20180205,10시,서울,송파구,월,경상,차대차,기타,기타,기타,남,41-50세,화물차,부상신고,여,51-60세,승용차,경상,비사업용,화물차,화물차,비사업용,승용차,승용차,고속국도,단일로,기타단일로,맑음,포장,건조,0,0,6,1
20180205,17시,충북,제천시,월,중상,차량단독,공작물충돌,공작물충돌,안전운전 의무 불이행,남,21-30세,화물차,경상,없음,불명,없음,없음,비사업용,화물차,화물차,없음,없음,없음,고속국도,단일로,기타단일로,맑음,포장,건조,0,2,1,0
20180205,18시,경기,평택시,월,중상,차대차,추돌,추돌,안전운전 의무 불이행,남,31-40세,화물차,중상,남,51-60세,승합차,상해없음,사업용,화물차,화물차,사업용,전세버스,전세버스,고속국도,단일로,고가도로위,맑음,포장,건조,0,1,1,0
20180205,20시,경기,성남시,월,경상,차대차,기타,기타,안전운전 의무 불이행,여,31-40세,승용차,경상,남,41-50세,특수차,상해없음,비사업용,승용차,승용차,사업용,화물차,화물차,고속국도,기타,기타,맑음,포장,건조,0,0,1,1
20180205,21시,경기,화성시,월,중상,차대차,기타,기타,안전운전 의무 불이행,남,31-40세,승용차,상해없음,여,51-60세,승용차,중상,비사업용,승용차,승용차,비사업용,승용차,승용차,고속국도,기타,기타,맑음,포장,건조,0,1,0,0
20180205,22시,전남,무안군,월,경상,차량단독,기타,기타,안전운전 의무 불이행,남,31-40세,승합차,상해없음,없음,불명,없음,없음,사업용,노선버스,고속버스,없음,없음,없음,고속국도,단일로,기타단일로,눈,포장,적설,0,0,1,0
20180206,02시,경기,남양주시,화,부상신고,차대차,측면충돌,측면충돌,안전운전 의무 불이행,남,21-30세,승용차,상해없음,남,61-64세,승용차,부상신고,비사업용,승용차,승용차,비사업용,승용차,승용차,고속국도,단일로,기타단일로,맑음,포장,건조,0,0,0,1
20180206,07시,경남,양산시,화,중상,차대차,측면충돌,측면충돌,안전운전 의무 불이행,남,31-40세,화물차,상해없음,남,51-60세,승합차,중상,비사업용,화물차,화물차,사업용,노선버스,시외버스,고속국도,단일로,기타단일로,맑음,포장,건조,0,1,1,0
20180206,07시,경북,김천시,화,사망,차량단독,공작물충돌,공작물충돌,안전운전 의무 불이행,남,51-60세,화물차,사망,없음,불명,없음,없음,사업용,화물차,화물차,없음,없음,없음,고속국도,단일로,기타단일로,맑음,포장,건조,1,0,0,0
20180206,09시,강원,양양군,화,중상,차량단독,공작물충돌,공작물충돌,안전운전 의무 불이행,남,21-30세,승용차,중상,없음,불명,없음,없음,비사업용,승용차,승용차,없음,없음,없음,고속국도,단일로,터널안,맑음,포장,건조,0,1,0,0
20180206,09시,경기,김포시,화,경상,차대차,추돌,추돌,안전거리 미확보,여,21-30세,승용차,상해없음,남,41-50세,승용차,경상,비사업용,승용차,승용차,사업용,렌터카,렌터카,고속국도,단일로,교량위,맑음,포장,건조,0,0,1,0
20180206,09시,경기,안산시,화,경상,차대차,측면충돌,측면충돌,안전거리 미확보,남,41-50세,화물차,상해없음,남,61-64세,건설기계,경상,비사업용,화물차,화물차,비사업용,기타/건설기계,기타/건설기계,고속국도,단일로,기타단일로,맑음,포장,건조,0,0,1,0
20180206,15시,경기,남양주시,화,경상,차대차,기타,기타,안전거리 미확보,남,51-60세,화물차,상해없음,남,31-40세,승용차,경상,사업용,화물차,화물차,비사업용,승용차,승용차,고속국도,단일로,기타단일로,맑음,포장,건조,0,0,1,0
20180206,15시,경기,평택시,화,경상,차대차,측면충돌,측면충돌,안전거리 미확보,남,21-30세,승용차,상해없음,남,41-50세,승합차,상해없음,비사업용,승용차,승용차,사업용,전세버스,전세버스,고속국도,단일로,기타단일로,맑음,포장,건조,0,0,1,0
20180207,00시,경기,수원시,수,중상,차대차,추돌,추돌,안전운전 의무 불이행,남,31-40세,승용차,상해없음,남,31-40세,승용차,경상,비사업용,승용차,승용차,비사업용,승용차,승용차,고속국도,단일로,터널안,맑음,포장,건조,0,1,1,0
20180207,01시,경기,화성시,수,중상,차대차,측면충돌,측면충돌,안전운전 의무 불이행,남,41-50세,승용차,상해없음,남,31-40세,화물차,중상,사업용,렌터카,렌터카,사업용,화물차,화물차,고속국도,단일로,기타단일로,맑음,포장,건조,0,1,0,0
20180207,04시,경기,가평군,수,중상,차대차,기타,기타,기타,남,65세이상,화물차,중상,남,51-60세,화물차,상해없음,사업용,화물차,화물차,사업용,화물차,화물차,고속국도,기타,기타,맑음,포장,건조,0,1,0,0
20180207,04시,경기,성남시,수,중상,차대차,기타,기타,과속,남,41-50세,승용차,중상,남,31-40세,승용차,중상,비사업용,승용차,승용차,비사업용,승용차,승용차,고속국도,단일로,터널안,맑음,포장,건조,0,2,0,0
20180207,05시,충북,충주시,수,중상,차대차,추돌,추돌,안전운전 의무 불이행,남,51-60세,특수차,상해없음,여,65세이상,승용차,중상,사업용,화물차,화물차,비사업용,승용차,승용차,고속국도,단일로,기타단일로,맑음,포장,건조,0,1,0,0
20180207,07시,충북,청주시,수,사망,차대차,기타,기타,안전운전 의무 불이행,남,51-60세,승용차,사망,남,41-50세,화물차,상해없음,비사업용,승용차,승용차,사업용,화물차,화물차,고속국도,단일로,기타단일로,맑음,포장,건조,1,0,0,0
20180207,08시,경기,안양시,수,중상,차대차,추돌,추돌,안전운전 의무 불이행,남,61-64세,승용차,상해없음,남,51-60세,승용차,중상,비사업용,승용차,승용차,비사업용,승용차,승용차,고속국도,단일로,고가도로위,맑음,포장,건조,0,1,0,0
20180207,09시,경기,용인시,수,경상,차대차,추돌,추돌,안전운전 의무 불이행,남,51-60세,건설기계,상해없음,여,21-30세,승용차,경상,비사업용,기타/건설기계,기타/건설기계,비사업용,승용차,승용차,고속국도,단일로,기타단일로,맑음,포장,건조,0,0,1,0
20180207,12시,경기,안성시,수,중상,차대차,측면충돌,측면충돌,안전운전 의무 불이행,남,41-50세,승용차,상해없음,남,41-50세,승용차,중상,비사업용,승용차,승용차,비사업용,승용차,승용차,고속국도,기타,기타,맑음,포장,건조,0,2,0,0
20180207,14시,경기,구리시,수,경상,차대차,측면충돌,측면충돌,안전운전 의무 불이행,남,65세이상,승용차,상해없음,남,61-64세,화물차,경상,비사업용,승용차,승용차,사업용,화물차,화물차,고속국도,단일로,기타단일로,맑음,포장,건조,0,0,1,0
20180207,19시,서울,강동구,수,사망,차대차,추돌,추돌,안전운전 의무 불이행,남,51-60세,화물차,사망,기타불명,불명,불명,기타불명,비사업용,화물차,화물차,사업용,화물차,화물차,고속국도,단일로,기타단일로,맑음,포장,건조,1,0,0,2
20180208,00시,경기,하남시,목,경상,차대차,추돌,추돌,안전운전 의무 불이행,남,41-50세,승용차,상해없음,남,51-60세,승용차,경상,비사업용,승용차,승용차,비사업용,승용차,승용차,고속국도,단일로,기타단일로,맑음,포장,건조,0,0,4,0
20180208,02시,경북,상주시,목,사망,차대차,추돌,추돌,안전운전 의무 불이행,남,51-60세,화물차,사망,남,41-50세,화물차,경상,사업용,화물차,화물차,사업용,화물차,화물차,고속국도,단일로,기타단일로,맑음,포장,건조,1,1,1,0
20180208,07시,경기,이천시,목,중상,차대차,측면충돌,측면충돌,안전거리 미확보,남,65세이상,승합차,상해없음,남,65세이상,승용차,중상,사업용,전세버스,전세버스,비사업용,승용차,승용차,고속국도,단일로,기타단일로,맑음,포장,건조,0,1,0,0
20180208,11시,경기,하남시,목,경상,차대차,측면충돌,측면충돌,안전거리 미확보,남,51-60세,화물차,상해없음,남,21-30세,화물차,경상,비사업용,화물차,화물차,비사업용,화물차,화물차,고속국도,단일로,기타단일로,맑음,포장,건조,0,0,1,0
20180208,12시,전북,익산시,목,사망,차량단독,공작물충돌,공작물충돌,안전운전 의무 불이행,남,65세이상,화물차,사망,없음,불명,없음,없음,비사업용,화물차,화물차,없음,없음,없음,고속국도,단일로,기타단일로,맑음,포장,건조,1,0,0,0
20180208,15시,경기,김포시,목,경상,차대차,측면충돌,측면충돌,안전운전 의무 불이행,남,51-60세,화물차,상해없음,남,51-60세,승용차,경상,비사업용,화물차,화물차,비사업용,승용차,승용차,고속국도,단일로,기타단일로,맑음,포장,건조,0,0,1,0
20180208,15시,부산,금정구,목,경상,차대차,측면충돌,측면충돌,안전운전 의무 불이행,남,51-60세,화물차,상해없음,여,61-64세,승용차,경상,사업용,화물차,화물차,비사업용,승용차,승용차,고속국도,단일로,기타단일로,맑음,포장,건조,0,0,1,0
20180208,18시,경기,김포시,목,경상,차대차,측면충돌,측면충돌,기타,남,51-60세,승용차,상해없음,여,31-40세,승용차,경상,비사업용,승용차,승용차,비사업용,승용차,승용차,고속국도,단일로,교량위,맑음,포장,건조,0,0,1,0
20180209,01시,경북,문경시,금,중상,차대차,기타,기타,안전거리 미확보,남,31-40세,화물차,상해없음,여,41-50세,승용차,중상,사업용,화물차,화물차,비사업용,승용차,승용차,고속국도,단일로,기타단일로,맑음,포장,건조,0,1,3,0
20180209,05시,경기,고양시,금,중상,차대차,기타,기타,기타,기타불명,불명,불명,기타불명,남,31-40세,승용차,중상,불명,불명,불명,비사업용,승용차,승용차,고속국도,단일로,기타단일로,맑음,포장,건조,0,1,0,0
20180209,05시,충북,청주시,금,경상,차대차,기타,기타,안전운전 의무 불이행,남,21-30세,승용차,상해없음,남,61-64세,화물차,경상,비사업용,승용차,승용차,사업용,화물차,화물차,고속국도,단일로,기타단일로,맑음,포장,건조,0,0,1,0
20180209,08시,울산,울주군,금,경상,차대차,기타,기타,안전운전 의무 불이행,남,51-60세,화물차,상해없음,여,41-50세,승용차,경상,사업용,화물차,화물차,비사업용,승용차,승용차,고속국도,단일로,기타단일로,맑음,포장,해빙,0,0,1,0
20180209,08시,울산,울주군,금,경상,차대차,측면충돌,측면충돌,안전운전 의무 불이행,여,31-40세,승용차,경상,남,51-60세,승용차,경상,비사업용,승용차,승용차,비사업용,승용차,승용차,고속국도,단일로,기타단일로,맑음,포장,서리/결빙,0,0,3,0
20180209,11시,경남,함양군,금,중상,차대차,추돌,추돌,안전운전 의무 불이행,남,65세이상,화물차,상해없음,남,51-60세,화물차,중상,비사업용,화물차,화물차,비사업용,화물차,화물차,고속국도,단일로,기타단일로,맑음,포장,건조,0,2,2,0
20180209,11시,인천,계양구,금,중상,차대차,추돌,추돌,안전운전 의무 불이행,남,51-60세,화물차,상해없음,남,65세이상,화물차,중상,사업용,화물차,화물차,비사업용,화물차,화물차,고속국도,단일로,기타단일로,맑음,포장,건조,0,1,1,0
20180209,15시,서울,서초구,금,경상,차대차,추돌,추돌,안전운전 의무 불이행,여,61-64세,승용차,상해없음,여,31-40세,승용차,경상,비사업용,승용차,승용차,비사업용,승용차,승용차,고속국도,단일로,기타단일로,맑음,포장,건조,0,0,1,0
20180209,17시,전북,완주군,금,경상,차대차,기타,기타,안전운전 의무 불이행,여,21-30세,승용차,상해없음,남,31-40세,승용차,경상,사업용,렌터카,렌터카,비사업용,승용차,승용차,고속국도,단일로,기타단일로,맑음,포장,건조,0,0,2,0
20180209,18시,인천,계양구,금,중상,차대차,추돌,추돌,안전운전 의무 불이행,남,51-60세,승용차,상해없음,여,31-40세,승용차,중상,비사업용,승용차,승용차,비사업용,승용차,승용차,고속국도,단일로,기타단일로,맑음,포장,건조,0,1,0,0
20180209,19시,경기,안성시,금,중상,차대차,추돌,추돌,안전운전 의무 불이행,남,31-40세,화물차,상해없음,남,41-50세,승용차,중상,사업용,화물차,화물차,비사업용,승용차,승용차,고속국도,단일로,기타단일로,맑음,포장,건조,0,1,0,0
20180209,20시,경기,시흥시,금,경상,차대차,측면충돌,측면충돌,안전거리 미확보,남,51-60세,승합차,상해없음,남,41-50세,승용차,경상,사업용,전세버스,전세버스,비사업용,승용차,승용차,고속국도,단일로,기타단일로,맑음,포장,건조,0,0,1,0
20180209,21시,강원,횡성군,금,경상,차대차,추돌,추돌,안전운전 의무 불이행,남,31-40세,승용차,상해없음,남,21-30세,승용차,경상,비사업용,승용차,승용차,비사업용,승용차,승용차,고속국도,단일로,기타단일로,맑음,포장,건조,0,0,1,0
20180209,21시,경기,평택시,금,경상,차대차,측면충돌,측면충돌,안전운전 의무 불이행,기타불명,불명,불명,기타불명,여,51-60세,승용차,경상,불명,불명,불명,비사업용,승용차,승용차,고속국도,단일로,기타단일로,맑음,포장,건조,0,0,1,0
20180210,03시,경기,용인시,토,사망,차대차,추돌,추돌,안전운전 의무 불이행,남,31-40세,승용차,사망,남,51-60세,화물차,상해없음,비사업용,승용차,승용차,비사업용,화물차,화물차,고속국도,기타,기타,맑음,포장,건조,1,0,0,0
20180210,06시,경기,양주시,토,중상,차대차,추돌,추돌,안전운전 의무 불이행,남,31-40세,승용차,상해없음,남,21-30세,화물차,중상,비사업용,승용차,승용차,비사업용,화물차,화물차,고속국도,기타,기타,맑음,포장,건조,0,2,0,0
20180210,08시,전남,순천시,토,중상,차대차,측면충돌,측면충돌,안전운전 의무 불이행,남,20세이하,승용차,상해없음,남,51-60세,승용차,중상,비사업용,승용차,승용차,비사업용,승용차,승용차,고속국도,단일로,터널안,맑음,포장,건조,0,1,3,0
20180210,08시,충북,옥천군,토,중상,차대차,측면충돌,측면충돌,안전운전 의무 불이행,남,51-60세,승용차,상해없음,여,51-60세,승용차,중상,비사업용,승용차,승용차,비사업용,승용차,승용차,고속국도,기타,기타,맑음,포장,건조,0,1,0,0
20180210,09시,경기,안산시,토,경상,차대차,추돌,추돌,안전운전 의무 불이행,남,41-50세,화물차,상해없음,남,21-30세,승용차,경상,사업용,화물차,화물차,비사업용,승용차,승용차,고속국도,단일로,터널안,맑음,포장,건조,0,0,1,0
20180210,10시,충북,단양군,토,사망,차대차,추돌,추돌,안전운전 의무 불이행,남,51-60세,승용차,사망,남,41-50세,특수차,상해없음,비사업용,승용차,승용차,사업용,화물차,화물차,고속국도,단일로,기타단일로,맑음,포장,건조,1,1,0,0
20180210,12시,경기,성남시,토,경상,차대차,측면충돌,측면충돌,안전거리 미확보,남,41-50세,화물차,상해없음,남,61-64세,승용차,경상,사업용,화물차,화물차,비사업용,승용차,승용차,고속국도,단일로,기타단일로,맑음,포장,건조,0,0,2,0
20180210,18시,경기,의정부시,토,경상,차대차,기타,기타,기타,여,41-50세,승용차,상해없음,남,51-60세,건설기계,경상,비사업용,승용차,승용차,비사업용,기타/건설기계,기타/건설기계,고속국도,단일로,기타단일로,맑음,포장,건조,0,0,6,0
20180210,19시,경기,하남시,토,중상,차대차,추돌,추돌,안전운전 의무 불이행,남,21-30세,승용차,중상,남,41-50세,승용차,경상,사업용,렌터카,렌터카,비사업용,승용차,승용차,고속국도,단일로,기타단일로,맑음,포장,건조,0,1,3,0
20180210,21시,경기,광명시,토,중상,차대차,추돌,추돌,안전운전 의무 불이행,남,51-60세,승용차,상해없음,남,51-60세,승용차,중상,비사업용,승용차,승용차,비사업용,승용차,승용차,고속국도,단일로,기타단일로,맑음,포장,건조,0,1,0,0
20180210,23시,세종,세종시,토,경상,차대차,추돌,추돌,안전운전 의무 불이행,남,41-50세,승용차,상해없음,남,41-50세,승용차,경상,비사업용,승용차,승용차,비사업용,승용차,승용차,고속국도,기타,기타,맑음,포장,건조,0,0,1,0
20180211,02시,경기,용인시,일,경상,차대차,기타,기타,안전운전 의무 불이행,남,20세이하,승용차,상해없음,남,31-40세,승용차,경상,비사업용,승용차,승용차,비사업용,승용차,승용차,고속국도,단일로,기타단일로,맑음,포장,건조,0,0,2,0
20180211,07시,경북,경산시,일,중상,차대차,기타,기타,안전운전 의무 불이행,남,51-60세,화물차,상해없음,남,21-30세,승용차,경상,사업용,화물차,화물차,비사업용,승용차,승용차,고속국도,단일로,교량위,맑음,포장,건조,0,1,1,0
20180211,09시,서울,송파구,일,경상,차대차,측면충돌,측면충돌,안전운전 의무 불이행,남,31-40세,승용차,상해없음,남,31-40세,승용차,경상,비사업용,승용차,승용차,사업용,렌터카,렌터카,고속국도,단일로,기타단일로,맑음,포장,건조,0,0,1,0
20180211,10시,인천,부평구,일,경상,차대차,측면충돌,측면충돌,기타,남,51-60세,건설기계,상해없음,남,61-64세,승용차,경상,비사업용,기타/건설기계,기타/건설기계,비사업용,승용차,승용차,고속국도,단일로,교량위,맑음,포장,건조,0,0,2,0
20180211,10시,충남,천안시,일,중상,차대사람,기타,기타,안전운전 의무 불이행,남,41-50세,승용차,상해없음,여,51-60세,보행자,중상,비사업용,승용차,승용차,보행자,보행자,보행자,고속국도,기타,기타,맑음,포장,건조,0,1,0,0
20180211,13시,강원,강릉시,일,중상,차대차,추돌,추돌,안전거리 미확보,남,51-60세,승합차,상해없음,남,21-30세,승용차,중상,사업용,노선버스,고속버스,비사업용,승용차,승용차,고속국도,단일로,기타단일로,맑음,포장,건조,0,1,1,0
20180211,13시,강원,평창군,일,중상,차대차,추돌,추돌,과속,남,21-30세,승용차,경상,남,41-50세,승용차,중상,비사업용,승용차,승용차,비사업용,승용차,승용차,고속국도,단일로,기타단일로,맑음,포장,건조,0,1,3,0
20180211,13시,부산,기장군,일,경상,차대차,추돌,추돌,안전거리 미확보,남,31-40세,승용차,상해없음,남,41-50세,승용차,상해없음,사업용,렌터카,렌터카,비사업용,승용차,승용차,고속국도,단일로,기타단일로,맑음,포장,건조,0,0,1,0
20180211,14시,경기,용인시,일,경상,차대차,측면충돌,측면충돌,안전운전 의무 불이행,남,51-60세,화물차,상해없음,남,51-60세,승용차,경상,사업용,화물차,화물차,비사업용,승용차,승용차,고속국도,단일로,기타단일로,맑음,포장,건조,0,0,2,0
20180211,19시,경기,군포시,일,중상,차대차,기타,기타,안전거리 미확보,남,51-60세,승용차,중상,여,41-50세,승용차,경상,비사업용,승용차,승용차,비사업용,승용차,승용차,고속국도,단일로,기타단일로,흐림,포장,적설,0,2,1,0
20180211,22시,경기,시흥시,일,경상,차대차,측면충돌,측면충돌,안전거리 미확보,기타불명,불명,불명,기타불명,남,51-60세,승용차,경상,불명,불명,불명,비사업용,승용차,승용차,고속국도,단일로,기타단일로,맑음,포장,건조,0,0,1,0
20180211,22시,경북,의성군,일,중상,차대차,추돌,추돌,안전운전 의무 불이행,남,31-40세,승용차,상해없음,남,51-60세,승용차,중상,비사업용,승용차,승용차,비사업용,승용차,승용차,고속국도,기타,기타,눈,포장,적설,0,2,0,0
20180211,23시,경남,김해시,일,사망,차대사람,횡단중,횡단중,과속,남,31-40세,승용차,상해없음,여,51-60세,보행자,사망,비사업용,승용차,승용차,보행자,보행자,보행자,고속국도,단일로,기타단일로,맑음,포장,건조,1,0,0,0
20180211,23시,경남,양산시,일,경상,차대차,추돌,추돌,안전운전 의무 불이행,남,21-30세,승용차,상해없음,남,31-40세,화물차,경상,비사업용,승용차,승용차,비사업용,화물차,화물차,고속국도,기타,기타,맑음,포장,건조,0,0,1,0
20180211,23시,전북,익산시,일,경상,차대차,추돌,추돌,안전운전 의무 불이행,여,21-30세,승용차,경상,남,31-40세,화물차,경상,비사업용,승용차,승용차,사업용,화물차,화물차,고속국도,단일로,기타단일로,눈,포장,적설,0,0,3,0
20180212,00시,전북,정읍시,월,경상,차대차,기타,기타,안전운전 의무 불이행,여,41-50세,승용차,상해없음,남,21-30세,승용차,경상,비사업용,승용차,승용차,비사업용,승용차,승용차,고속국도,단일로,기타단일로,맑음,포장,건조,0,0,1,0
20180212,03시,강원,원주시,월,중상,차대차,기타,기타,안전운전 의무 불이행,남,41-50세,승용차,중상,남,51-60세,특수차,상해없음,비사업용,승용차,승용차,사업용,화물차,화물차,고속국도,단일로,기타단일로,비,포장,젖음/습기,0,1,2,0
20180212,04시,경기,용인시,월,부상신고,차량단독,공작물충돌,공작물충돌,안전운전 의무 불이행,남,31-40세,승용차,부상신고,없음,불명,없음,없음,비사업용,승용차,승용차,없음,없음,없음,고속국도,단일로,기타단일로,흐림,포장,젖음/습기,0,0,0,1
20180212,08시,경기,수원시,월,중상,차대차,추돌,추돌,안전운전 의무 불이행,남,51-60세,승합차,상해없음,남,41-50세,승용차,경상,사업용,전세버스,전세버스,사업용,렌터카,렌터카,고속국도,단일로,터널안,맑음,포장,건조,0,2,14,0
20180212,09시,인천,남동구,월,경상,차대차,측면충돌,측면충돌,기타,남,41-50세,승용차,상해없음,남,31-40세,화물차,경상,비사업용,승용차,승용차,사업용,화물차,화물차,고속국도,단일로,교량위,맑음,포장,건조,0,0,1,0
20180212,09시,충북,청주시,월,경상,차대차,측면충돌,측면충돌,교차로 통행방법 위반,남,61-64세,승합차,상해없음,남,41-50세,화물차,경상,비사업용,버스,버스,비사업용,화물차,화물차,고속국도,단일로,기타단일로,맑음,포장,건조,0,0,1,0
20180212,12시,경기,하남시,월,경상,차대차,추돌,추돌,안전거리 미확보,남,21-30세,승용차,상해없음,여,31-40세,승용차,경상,사업용,렌터카,렌터카,비사업용,승용차,승용차,고속국도,단일로,기타단일로,맑음,포장,건조,0,0,1,0
20180212,12시,서울,서초구,월,사망,차대차,추돌,추돌,안전운전 의무 불이행,남,51-60세,승합차,중상,남,41-50세,승합차,경상,비사업용,버스,버스,사업용,노선버스,시내버스,고속국도,단일로,기타단일로,맑음,포장,건조,1,2,5,1
20180212,14시,강원,강릉시,월,경상,차대차,추돌,추돌,안전거리 미확보,남,31-40세,승용차,상해없음,남,61-64세,승용차,경상,비사업용,승용차,승용차,비사업용,승용차,승용차,고속국도,단일로,기타단일로,맑음,포장,건조,0,0,1,0