발생일,발생시간,발생지_시도,발생지_시군구,요일,사고내용,사고유형_대분류,사고유형_중분류,사고유형,가해자법규위반,가해자성별,가해자연령,가해당사자종별,가해자신체상해정도,피해자성별,피해자연령,피해당사자종별,피해자신체상해정도,가해차량용도_대분류,가해차량용도_중분류,가해차량용도,피해차량용도_대분류,피해차량용도_중분류,피해차량용도,도로종류,도로형태_대분류,도로형태,기상상태,노면상태_대분류,노면상태,사망자수,중상자수,경상자수,부상신고자수
20180212,15시,경기,시흥시,월,중상,차대차,추돌,추돌,안전운전 의무 불이행,남,41-50세,승용차,상해없음,기타불명,불명,화물차,기타불명,사업용,렌터카,렌터카,사업용,화물차,화물차,고속국도,단일로,기타단일로,맑음,포장,건조,0,1,0,0
20180212,15시,전북,익산시,월,사망,차대차,측면충돌,측면충돌,안전운전 의무 불이행,남,65세이상,화물차,사망,남,51-60세,승용차,상해없음,비사업용,화물차,화물차,비사업용,승용차,승용차,고속국도,단일로,기타단일로,눈,포장,적설,1,0,0,0
20180212,16시,경기,용인시,월,중상,차대차,기타,기타,안전거리 미확보,남,31-40세,승용차,상해없음,여,31-40세,승용차,중상,사업용,렌터카,렌터카,비사업용,승용차,승용차,고속국도,단일로,기타단일로,맑음,포장,건조,0,1,2,0
20180212,17시,경기,안산시,월,사망,차대차,측면충돌,측면충돌,중앙선 침범,남,51-60세,승용차,사망,남,41-50세,승용차,경상,비사업용,승용차,승용차,사업용,렌터카,렌터카,고속국도,단일로,교량위,맑음,포장,건조,1,4,1,0
20180212,17시,경기,하남시,월,중상,차대차,측면충돌,측면충돌,안전운전 의무 불이행,남,41-50세,화물차,상해없음,여,31-40세,승용차,중상,비사업용,화물차,화물차,비사업용,승용차,승용차,고속국도,단일로,기타단일로,맑음,포장,건조,0,1,0,0
20180212,18시,경기,시흥시,월,중상,차량단독,전도,전도,안전운전 의무 불이행,남,51-60세,화물차,중상,없음,불명,없음,없음,사업용,화물차,화물차,없음,없음,없음,고속국도,단일로,기타단일로,맑음,포장,건조,0,1,0,0
20180212,22시,경기,용인시,월,경상,차대차,측면충돌,측면충돌,안전운전 의무 불이행,남,41-50세,화물차,상해없음,남,31-40세,승용차,경상,사업용,화물차,화물차,비사업용,승용차,승용차,고속국도,기타,기타,눈,포장,적설,0,0,1,0
20180212,22시,전북,익산시,월,중상,차대차,기타,기타,안전운전 의무 불이행,남,41-50세,화물차,중상,남,51-60세,승용차,경상,사업용,화물차,화물차,비사업용,승용차,승용차,고속국도,단일로,기타단일로,눈,포장,적설,0,1,1,0
20180212,23시,경기,하남시,월,경상,차대차,추돌,추돌,안전운전 의무 불이행,남,31-40세,승용차,상해없음,남,41-50세,승용차,경상,비사업용,승용차,승용차,비사업용,승용차,승용차,고속국도,단일로,기타단일로,맑음,포장,건조,0,0,1,0
20180213,00시,충남,보령시,화,경상,차대차,기타,기타,안전운전 의무 불이행,남,41-50세,화물차,상해없음,남,21-30세,화물차,경상,사업용,화물차,화물차,비사업용,화물차,화물차,고속국도,단일로,기타단일로,눈,포장,서리/결빙,0,0,1,0
20180213,00시,충북,괴산군,화,사망,차대차,추돌,추돌,안전운전 의무 불이행,남,41-50세,특수차,상해없음,남,41-50세,화물차,중상,사업용,화물차,화물차,사업용,화물차,화물차,고속국도,단일로,기타단일로,눈,포장,젖음/습기,1,2,0,0
20180213,01시,인천,중구,화,중상,차대차,측면충돌,측면충돌,안전거리 미확보,남,51-60세,승용차,상해없음,여,51-60세,승용차,중상,사업용,택시,법인택시,비사업용,승용차,승용차,고속국도,단일로,교량위,맑음,포장,건조,0,1,0,0
20180213,07시,경기,용인시,화,경상,차대차,측면충돌,측면충돌,안전운전 의무 불이행,남,61-64세,승합차,상해없음,남,51-60세,화물차,경상,사업용,전세버스,전세버스,비사업용,화물차,화물차,고속국도,단일로,기타단일로,맑음,포장,건조,0,0,2,0
20180213,10시,경기,화성시,화,경상,차대차,기타,기타,안전운전 의무 불이행,남,31-40세,화물차,상해없음,남,51-60세,승용차,경상,사업용,화물차,화물차,비사업용,승용차,승용차,고속국도,단일로,기타단일로,맑음,포장,건조,0,0,2,0
20180213,11시,경기,화성시,화,중상,차대차,추돌,추돌,안전운전 의무 불이행,남,41-50세,특수차,중상,남,61-64세,건설기계,경상,사업용,콘크리트믹서,콘크리트믹서,비사업용,기타/건설기계,기타/건설기계,고속국도,단일로,기타단일로,맑음,포장,건조,0,1,1,0
20180213,12시,경기,용인시,화,중상,차대차,측면충돌,측면충돌,기타,남,21-30세,승용차,상해없음,남,65세이상,승용차,중상,비사업용,승용차,승용차,비사업용,승용차,승용차,고속국도,기타,기타,맑음,포장,건조,0,1,0,0
20180213,13시,서울,송파구,화,경상,차대차,추돌,추돌,안전운전 의무 불이행,남,41-50세,기타,상해없음,남,41-50세,화물차,경상,기타,기타,기타,비사업용,화물차,화물차,고속국도,단일로,기타단일로,맑음,포장,건조,0,0,1,0
20180213,15시,부산,강서구,화,경상,차대차,추돌,추돌,안전거리 미확보,남,41-50세,화물차,경상,남,31-40세,화물차,경상,비사업용,화물차,화물차,비사업용,화물차,화물차,고속국도,단일로,기타단일로,맑음,포장,건조,0,0,2,0
20180213,16시,경기,용인시,화,경상,차대차,기타,기타,안전운전 의무 불이행,남,31-40세,승용차,상해없음,남,41-50세,승용차,경상,비사업용,승용차,승용차,비사업용,승용차,승용차,고속국도,단일로,기타단일로,맑음,포장,건조,0,0,1,0
20180213,18시,경기,용인시,화,경상,차대차,측면충돌,측면충돌,안전거리 미확보,남,31-40세,승용차,상해없음,남,65세이상,승합차,경상,사업용,렌터카,렌터카,사업용,전세버스,전세버스,고속국도,단일로,기타단일로,맑음,포장,건조,0,0,4,0
20180213,19시,경기,김포시,화,경상,차대차,추돌,추돌,안전운전 의무 불이행,여,31-40세,승용차,상해없음,남,31-40세,승용차,경상,비사업용,승용차,승용차,비사업용,승용차,승용차,고속국도,단일로,교량위,맑음,포장,건조,0,0,4,0
20180213,19시,경기,용인시,화,경상,차대차,추돌,추돌,안전운전 의무 불이행,남,41-50세,승용차,상해없음,남,21-30세,승용차,경상,사업용,렌터카,렌터카,비사업용,승용차,승용차,고속국도,기타,기타,맑음,포장,건조,0,0,1,0
20180213,19시,서울,서초구,화,경상,차대차,추돌,추돌,안전운전 의무 불이행,남,65세이상,승용차,상해없음,남,41-50세,승용차,경상,비사업용,승용차,승용차,사업용,렌터카,렌터카,고속국도,기타,기타,맑음,포장,건조,0,0,1,0
20180213,21시,경남,김해시,화,경상,차대차,기타,기타,안전운전 의무 불이행,여,21-30세,승용차,상해없음,남,65세이상,승용차,경상,비사업용,승용차,승용차,비사업용,승용차,승용차,고속국도,단일로,기타단일로,맑음,포장,건조,0,0,1,0
20180214,00시,경기,남양주시,수,중상,차대차,추돌,추돌,안전운전 의무 불이행,남,41-50세,승용차,상해없음,여,21-30세,승용차,중상,비사업용,승용차,승용차,비사업용,승용차,승용차,고속국도,기타,기타,맑음,포장,건조,0,1,0,0
20180214,00시,부산,강서구,수,경상,차대차,추돌,추돌,안전운전 의무 불이행,남,31-40세,승용차,상해없음,남,41-50세,특수차,경상,비사업용,승용차,승용차,사업용,화물차,화물차,고속국도,단일로,기타단일로,맑음,포장,건조,0,0,4,0
20180214,02시,경북,구미시,수,경상,차대차,기타,기타,안전운전 의무 불이행,남,51-60세,화물차,경상,남,51-60세,화물차,상해없음,사업용,화물차,화물차,사업용,화물차,화물차,고속국도,단일로,기타단일로,맑음,포장,건조,0,0,1,0
20180214,03시,인천,부평구,수,경상,차대차,기타,기타,기타,남,31-40세,승용차,상해없음,남,31-40세,승용차,경상,비사업용,승용차,승용차,비사업용,승용차,승용차,고속국도,단일로,교량위,맑음,포장,건조,0,0,1,0
20180214,05시,경기,이천시,수,중상,차대차,추돌,추돌,안전운전 의무 불이행,남,20세이하,승용차,상해없음,남,20세이하,승용차,상해없음,비사업용,승용차,승용차,비사업용,승용차,승용차,고속국도,단일로,기타단일로,흐림,포장,건조,0,1,0,0
20180214,06시,경남,창원시,수,경상,차대차,측면충돌,측면충돌,안전운전 의무 불이행,기타불명,불명,불명,기타불명,남,20세이하,승용차,경상,불명,불명,불명,비사업용,승용차,승용차,고속국도,기타,기타,맑음,포장,건조,0,0,1,0
20180214,07시,경북,영천시,수,중상,차대차,기타,기타,과속,남,41-50세,승용차,경상,남,41-50세,화물차,중상,비사업용,승용차,승용차,사업용,화물차,화물차,고속국도,단일로,기타단일로,맑음,포장,건조,0,1,4,0
20180214,08시,경기,구리시,수,경상,차대차,측면충돌,측면충돌,안전운전 의무 불이행,남,65세이상,화물차,기타불명,남,51-60세,승용차,경상,사업용,화물차,화물차,비사업용,승용차,승용차,고속국도,단일로,기타단일로,흐림,포장,건조,0,0,1,0
20180214,08시,경기,양평군,수,경상,차대차,측면충돌,측면충돌,안전운전 의무 불이행,남,65세이상,화물차,상해없음,남,21-30세,승용차,상해없음,사업용,화물차,화물차,비사업용,승용차,승용차,고속국도,단일로,기타단일로,맑음,포장,건조,0,0,2,0
20180214,12시,경기,김포시,수,경상,차대차,기타,기타,기타,남,31-40세,승용차,상해없음,여,41-50세,승용차,경상,비사업용,승용차,승용차,비사업용,승용차,승용차,고속국도,단일로,기타단일로,맑음,포장,건조,0,0,1,0
20180214,13시,강원,평창군,수,경상,차대차,측면충돌,측면충돌,기타,남,51-60세,승합차,상해없음,남,51-60세,승용차,경상,사업용,노선버스,고속버스,비사업용,승용차,승용차,고속국도,단일로,기타단일로,맑음,포장,건조,0,0,2,0
20180214,17시,경북,문경시,수,경상,차대차,기타,기타,안전운전 의무 불이행,남,31-40세,승용차,경상,남,41-50세,승용차,경상,비사업용,승용차,승용차,비사업용,승용차,승용차,고속국도,단일로,터널안,맑음,포장,건조,0,0,5,0
20180214,18시,경북,문경시,수,경상,차대차,추돌,추돌,안전거리 미확보,여,21-30세,승용차,상해없음,남,21-30세,승용차,경상,사업용,렌터카,렌터카,사업용,렌터카,렌터카,고속국도,단일로,기타단일로,맑음,포장,건조,0,0,2,0
20180214,19시,경기,시흥시,수,경상,차대차,추돌,추돌,안전거리 미확보,남,21-30세,승용차,상해없음,남,21-30세,승용차,경상,비사업용,승용차,승용차,비사업용,승용차,승용차,고속국도,단일로,기타단일로,맑음,포장,건조,0,0,2,0
20180214,19시,경기,시흥시,수,경상,차대차,추돌,추돌,안전운전 의무 불이행,기타불명,불명,불명,기타불명,여,51-60세,승용차,경상,불명,불명,불명,비사업용,승용차,승용차,고속국도,단일로,기타단일로,맑음,포장,건조,0,0,1,0
20180214,19시,경기,평택시,수,부상신고,차대차,기타,기타,기타,남,41-50세,화물차,상해없음,남,51-60세,승용차,상해없음,비사업용,화물차,화물차,비사업용,승용차,승용차,고속국도,단일로,기타단일로,맑음,포장,건조,0,0,0,1
20180214,21시,전북,김제시,수,중상,차대차,추돌,추돌,안전운전 의무 불이행,여,21-30세,승용차,상해없음,남,31-40세,승용차,중상,비사업용,승용차,승용차,비사업용,승용차,승용차,고속국도,단일로,기타단일로,맑음,포장,건조,0,1,0,0
20180214,21시,충남,부여군,수,경상,차대차,측면충돌,측면충돌,안전운전 의무 불이행,남,21-30세,승용차,상해없음,남,51-60세,승용차,경상,비사업용,승용차,승용차,비사업용,승용차,승용차,고속국도,단일로,기타단일로,맑음,포장,건조,0,0,2,0
20180214,23시,경남,김해시,수,중상,차대차,추돌,추돌,안전운전 의무 불이행,남,21-30세,승용차,상해없음,남,41-50세,승용차,중상,비사업용,승용차,승용차,비사업용,승용차,승용차,고속국도,단일로,기타단일로,맑음,포장,건조,0,1,0,0
20180215,01시,충남,천안시,목,경상,차대차,추돌,추돌,안전운전 의무 불이행,남,41-50세,승합차,상해없음,남,51-60세,승용차,경상,비사업용,버스,버스,비사업용,승용차,승용차,고속국도,단일로,기타단일로,맑음,포장,건조,0,0,5,0
20180215,05시,충북,음성군,목,사망,차대사람,기타,기타,안전운전 의무 불이행,남,51-60세,화물차,상해없음,남,41-50세,보행자,사망,사업용,화물차,화물차,보행자,보행자,보행자,고속국도,단일로,기타단일로,맑음,포장,건조,1,0,0,0
20180215,09시,강원,평창군,목,중상,차대차,추돌,추돌,안전운전 의무 불이행,남,51-60세,화물차,상해없음,남,41-50세,승합차,중상,비사업용,화물차,화물차,비사업용,버스,버스,고속국도,단일로,기타단일로,맑음,포장,건조,0,6,0,0
20180215,21시,경기,부천시,목,부상신고,차대차,측면충돌,측면충돌,기타,기타불명,불명,불명,기타불명,남,31-40세,승용차,부상신고,불명,불명,불명,비사업용,승용차,승용차,고속국도,단일로,교량위,맑음,포장,건조,0,0,0,1
20180215,23시,대구,서구,목,경상,차대사람,횡단중,횡단중,안전운전 의무 불이행,남,41-50세,승용차,상해없음,남,65세이상,보행자,경상,비사업용,승용차,승용차,보행자,보행자,보행자,고속국도,단일로,기타단일로,맑음,포장,건조,0,0,1,0
20180216,10시,경기,평택시,금,경상,차대차,추돌,추돌,안전운전 의무 불이행,남,41-50세,승용차,상해없음,남,51-60세,특수차,경상,비사업용,승용차,승용차,사업용,화물차,화물차,고속국도,단일로,기타단일로,맑음,포장,건조,0,0,1,0
20180216,10시,경남,김해시,금,중상,차대차,기타,기타,안전거리 미확보,여,31-40세,승용차,상해없음,남,21-30세,승용차,경상,비사업용,승용차,승용차,비사업용,승용차,승용차,고속국도,단일로,기타단일로,맑음,포장,건조,0,2,1,0
20180216,12시,강원,춘천시,금,경상,차대차,추돌,추돌,안전운전 의무 불이행,남,21-30세,승용차,상해없음,남,41-50세,승용차,경상,비사업용,승용차,승용차,비사업용,승용차,승용차,고속국도,단일로,기타단일로,맑음,포장,건조,0,0,4,0
20180216,12시,경기,안산시,금,경상,차대차,측면충돌,측면충돌,안전운전 의무 불이행,남,51-60세,승용차,상해없음,남,21-30세,승용차,상해없음,비사업용,승용차,승용차,비사업용,승용차,승용차,고속국도,단일로,기타단일로,맑음,포장,건조,0,0,1,0
20180216,12시,경기,평택시,금,중상,차대차,추돌,추돌,안전운전 의무 불이행,남,51-60세,승용차,상해없음,남,61-64세,승용차,중상,비사업용,승용차,승용차,비사업용,승용차,승용차,고속국도,단일로,기타단일로,맑음,포장,건조,0,1,3,0
20180216,13시,서울,강동구,금,경상,차대차,추돌,추돌,안전운전 의무 불이행,여,41-50세,승용차,경상,남,31-40세,승용차,경상,비사업용,승용차,승용차,비사업용,승용차,승용차,고속국도,단일로,기타단일로,맑음,포장,건조,0,0,6,0
20180216,14시,경기,남양주시,금,중상,차대차,추돌,추돌,안전운전 의무 불이행,남,65세이상,승용차,상해없음,남,31-40세,화물차,중상,비사업용,승용차,승용차,비사업용,화물차,화물차,고속국도,기타,기타,맑음,포장,건조,0,1,0,0
20180216,14시,경기,화성시,금,경상,차대차,추돌,추돌,안전운전 의무 불이행,남,41-50세,승합차,상해없음,남,21-30세,승용차,경상,사업용,노선버스,고속버스,비사업용,승용차,승용차,고속국도,기타,기타,맑음,포장,건조,0,0,4,0
20180216,14시,대전,서구,금,경상,차대차,추돌,추돌,안전운전 의무 불이행,남,21-30세,승용차,상해없음,남,41-50세,승용차,경상,비사업용,승용차,승용차,비사업용,승용차,승용차,고속국도,단일로,기타단일로,맑음,포장,건조,0,0,4,0
20180216,16시,경기,수원시,금,경상,차대차,추돌,추돌,안전운전 의무 불이행,남,41-50세,승용차,경상,남,41-50세,승용차,상해없음,비사업용,승용차,승용차,사업용,렌터카,렌터카,고속국도,기타,기타,맑음,포장,건조,0,0,1,5
20180216,16시,경기,의정부시,금,경상,차대차,측면충돌,측면충돌,안전운전 의무 불이행,기타불명,불명,승용차,기타불명,남,41-50세,승용차,부상신고,비사업용,승용차,승용차,비사업용,승용차,승용차,고속국도,불명,불명,맑음,포장,건조,0,0,2,1
20180216,17시,경기,김포시,금,경상,차대차,추돌,추돌,안전거리 미확보,남,21-30세,승용차,상해없음,남,21-30세,승용차,경상,비사업용,승용차,승용차,비사업용,승용차,승용차,고속국도,단일로,기타단일로,맑음,포장,건조,0,0,3,0
20180216,18시,경기,성남시,금,경상,차대차,추돌,추돌,안전운전 의무 불이행,남,21-30세,승용차,상해없음,남,51-60세,승용차,부상신고,비사업용,승용차,승용차,비사업용,승용차,승용차,고속국도,기타,기타,맑음,포장,건조,0,0,2,2
20180216,18시,경기,평택시,금,경상,차대차,추돌,추돌,안전운전 의무 불이행,남,51-60세,승용차,상해없음,남,51-60세,화물차,경상,비사업용,승용차,승용차,비사업용,화물차,화물차,고속국도,기타,기타,맑음,포장,건조,0,0,2,0
20180216,21시,경기,안산시,금,경상,차대차,측면충돌,측면충돌,안전거리 미확보,여,31-40세,승용차,상해없음,여,51-60세,승용차,상해없음,비사업용,승용차,승용차,비사업용,승용차,승용차,고속국도,단일로,기타단일로,맑음,포장,건조,0,0,2,0
20180217,01시,부산,기장군,토,중상,차대차,측면충돌,측면충돌,안전운전 의무 불이행,남,41-50세,승용차,경상,남,51-60세,승용차,경상,비사업용,승용차,승용차,비사업용,승용차,승용차,고속국도,단일로,기타단일로,맑음,포장,건조,0,1,2,0
20180217,03시,충남,천안시,토,경상,차대차,추돌,추돌,안전운전 의무 불이행,남,65세이상,승용차,상해없음,남,41-50세,승용차,경상,비사업용,승용차,승용차,비사업용,승용차,승용차,고속국도,단일로,기타단일로,맑음,포장,건조,0,0,3,0
20180217,10시,충남,천안시,토,경상,차대차,추돌,추돌,안전거리 미확보,남,51-60세,승용차,상해없음,남,31-40세,승용차,경상,비사업용,승용차,승용차,비사업용,승용차,승용차,고속국도,기타,기타,맑음,포장,건조,0,0,6,2
20180217,10시,충북,청주시,토,경상,차대차,추돌,추돌,안전운전 의무 불이행,남,41-50세,승용차,상해없음,남,41-50세,승용차,경상,비사업용,승용차,승용차,비사업용,승용차,승용차,고속국도,단일로,기타단일로,맑음,포장,건조,0,0,5,0
20180217,13시,경남,창원시,토,경상,차대차,기타,기타,안전운전 의무 불이행,남,41-50세,승용차,상해없음,남,61-64세,승용차,경상,비사업용,승용차,승용차,비사업용,승용차,승용차,고속국도,단일로,기타단일로,맑음,포장,건조,0,0,2,0
20180217,16시,강원,평창군,토,중상,차대차,기타,기타,안전거리 미확보,남,41-50세,승용차,경상,남,51-60세,승합차,상해없음,비사업용,승용차,승용차,사업용,전세버스,전세버스,고속국도,단일로,기타단일로,맑음,포장,건조,0,1,2,0
20180217,17시,경기,평택시,토,중상,차대차,추돌,추돌,안전운전 의무 불이행,남,41-50세,승용차,상해없음,남,31-40세,승용차,경상,비사업용,승용차,승용차,비사업용,승용차,승용차,고속국도,단일로,기타단일로,맑음,포장,건조,0,1,1,0
20180217,20시,경기,용인시,토,중상,차대차,추돌,추돌,안전운전 의무 불이행,남,31-40세,승용차,상해없음,여,41-50세,승용차,중상,사업용,렌터카,렌터카,비사업용,승용차,승용차,고속국도,단일로,기타단일로,맑음,포장,건조,0,1,0,0
20180218,00시,충남,천안시,일,경상,차대차,추돌,추돌,안전운전 의무 불이행,남,21-30세,승용차,상해없음,남,41-50세,승합차,경상,비사업용,승용차,승용차,비사업용,기타/건설기계,기타/건설기계,고속국도,기타,기타,맑음,포장,건조,0,0,9,0
20180218,01시,경기,가평군,일,부상신고,차대차,추돌,추돌,안전운전 의무 불이행,남,31-40세,승용차,상해없음,남,41-50세,승용차,부상신고,비사업용,승용차,승용차,비사업용,승용차,승용차,고속국도,단일로,기타단일로,맑음,포장,건조,0,0,0,3
20180218,01시,경북,칠곡군,일,경상,차대차,측면충돌,측면충돌,안전운전 의무 불이행,남,21-30세,승용차,상해없음,남,51-60세,승용차,경상,사업용,렌터카,렌터카,비사업용,승용차,승용차,고속국도,단일로,기타단일로,맑음,포장,건조,0,0,4,0
20180218,13시,경기,안성시,일,경상,차대차,추돌,추돌,안전거리 미확보,여,31-40세,승용차,부상신고,남,41-50세,승용차,경상,비사업용,승용차,승용차,비사업용,승용차,승용차,고속국도,단일로,기타단일로,맑음,포장,건조,0,0,5,2
20180218,20시,부산,사상구,일,중상,차량단독,공작물충돌,공작물충돌,안전운전 의무 불이행,남,41-50세,이륜차,중상,없음,불명,없음,없음,이륜차,이륜차,이륜차,없음,없음,없음,고속국도,기타,기타,맑음,포장,건조,0,1,0,0
20180218,20시,전남,담양군,일,경상,차대차,추돌,추돌,안전운전 의무 불이행,남,21-30세,승용차,상해없음,남,51-60세,승용차,경상,비사업용,승용차,승용차,비사업용,승용차,승용차,고속국도,단일로,기타단일로,맑음,포장,건조,0,0,2,0
20180218,22시,충북,청주시,일,경상,차대차,추돌,추돌,안전운전 의무 불이행,남,41-50세,승용차,상해없음,남,41-50세,승용차,경상,비사업용,승용차,승용차,사업용,렌터카,렌터카,고속국도,단일로,기타단일로,맑음,포장,건조,0,0,1,0
20180219,00시,대구,북구,월,사망,차대차,기타,기타,중앙선 침범,남,65세이상,승용차,사망,여,31-40세,승용차,중상,비사업용,승용차,승용차,비사업용,승용차,승용차,고속국도,단일로,기타단일로,맑음,포장,건조,1,2,3,0
20180219,01시,경기,양평군,월,중상,차대차,기타,기타,안전운전 의무 불이행,남,31-40세,승용차,상해없음,남,21-30세,승용차,중상,비사업용,승용차,승용차,비사업용,승용차,승용차,고속국도,단일로,터널안,맑음,포장,건조,0,1,3,0
20180219,04시,인천,계양구,월,중상,차대차,추돌,추돌,안전운전 의무 불이행,남,21-30세,승용차,상해없음,남,51-60세,승용차,중상,비사업용,승용차,승용차,비사업용,승용차,승용차,고속국도,단일로,기타단일로,맑음,포장,건조,0,2,0,0
20180219,06시,경북,칠곡군,월,부상신고,차대차,기타,기타,안전운전 의무 불이행,남,21-30세,승용차,상해없음,남,31-40세,승용차,상해없음,사업용,렌터카,렌터카,비사업용,승용차,승용차,고속국도,단일로,기타단일로,맑음,포장,건조,0,0,0,1
20180219,14시,경북,구미시,월,경상,차대차,추돌,추돌,안전운전 의무 불이행,여,51-60세,승용차,상해없음,남,31-40세,승용차,경상,비사업용,승용차,승용차,비사업용,승용차,승용차,고속국도,단일로,기타단일로,맑음,포장,건조,0,0,3,0
20180219,16시,경남,양산시,월,경상,차대차,추돌,추돌,안전거리 미확보,남,41-50세,화물차,상해없음,남,31-40세,승용차,경상,비사업용,화물차,화물차,비사업용,승용차,승용차,고속국도,단일로,기타단일로,맑음,포장,건조,0,0,2,0
20180219,18시,경남,양산시,월,중상,차대차,추돌,추돌,안전운전 의무 불이행,남,41-50세,화물차,상해없음,여,31-40세,승용차,중상,사업용,화물차,화물차,비사업용,승용차,승용차,고속국도,단일로,기타단일로,맑음,포장,건조,0,1,3,0
20180219,19시,경기,용인시,월,경상,차대차,측면충돌,측면충돌,안전거리 미확보,남,41-50세,화물차,상해없음,여,21-30세,승용차,경상,사업용,화물차,화물차,사업용,렌터카,렌터카,고속국도,단일로,기타단일로,맑음,포장,건조,0,0,2,0
20180219,21시,경북,칠곡군,월,중상,차대차,추돌,추돌,안전운전 의무 불이행,남,51-60세,승용차,중상,남,21-30세,승용차,경상,사업용,렌터카,렌터카,비사업용,승용차,승용차,고속국도,단일로,기타단일로,맑음,포장,건조,0,2,4,0
20180220,05시,경기,용인시,화,사망,차대차,추돌,추돌,안전운전 의무 불이행,남,21-30세,승용차,부상신고,남,51-60세,화물차,경상,비사업용,승용차,승용차,사업용,화물차,화물차,고속국도,단일로,기타단일로,흐림,포장,젖음/습기,1,0,1,1
20180220,07시,경남,김해시,화,중상,차대차,기타,기타,안전운전 의무 불이행,남,41-50세,승용차,상해없음,여,41-50세,승용차,중상,비사업용,승용차,승용차,비사업용,승용차,승용차,고속국도,단일로,기타단일로,맑음,포장,건조,0,1,0,0
20180220,13시,경기,양평군,화,경상,차대차,기타,기타,안전운전 의무 불이행,여,65세이상,승용차,상해없음,여,31-40세,승용차,경상,비사업용,승용차,승용차,비사업용,승용차,승용차,고속국도,단일로,기타단일로,맑음,포장,건조,0,0,1,0
20180220,14시,경기,성남시,화,경상,차대차,측면충돌,측면충돌,기타,남,51-60세,화물차,상해없음,여,51-60세,승용차,경상,사업용,화물차,화물차,비사업용,승용차,승용차,고속국도,기타,기타,맑음,포장,건조,0,0,1,0
20180220,16시,경기,양주시,화,경상,차대차,측면충돌,측면충돌,기타,남,65세이상,승용차,상해없음,남,41-50세,승용차,경상,비사업용,승용차,승용차,비사업용,승용차,승용차,고속국도,단일로,교량위,맑음,포장,건조,0,0,3,0
20180220,18시,경북,상주시,화,경상,차대차,측면충돌,측면충돌,안전운전 의무 불이행,남,41-50세,화물차,상해없음,남,51-60세,화물차,경상,사업용,화물차,화물차,사업용,화물차,화물차,고속국도,단일로,기타단일로,맑음,포장,건조,0,0,1,0
20180220,22시,부산,기장군,화,중상,차대차,추돌,추돌,안전운전 의무 불이행,남,31-40세,승용차,상해없음,여,51-60세,승용차,중상,비사업용,승용차,승용차,비사업용,승용차,승용차,고속국도,단일로,기타단일로,맑음,포장,건조,0,1,0,0
20180220,23시,경기,김포시,화,경상,차대차,측면충돌,측면충돌,안전거리 미확보,남,20세이하,승용차,상해없음,남,61-64세,승용차,경상,비사업용,승용차,승용차,사업용,택시,법인택시,고속국도,단일로,기타단일로,맑음,포장,건조,0,0,1,0
20180221,07시,경기,남양주시,수,경상,차대차,기타,기타,안전운전 의무 불이행,남,41-50세,승용차,상해없음,남,41-50세,승용차,경상,비사업용,승용차,승용차,비사업용,승용차,승용차,고속국도,단일로,기타단일로,맑음,포장,건조,0,0,2,0
20180221,09시,경기,안산시,수,중상,차대차,추돌,추돌,안전운전 의무 불이행,남,31-40세,승용차,상해없음,남,21-30세,승용차,경상,비사업용,승용차,승용차,비사업용,승용차,승용차,고속국도,단일로,기타단일로,맑음,포장,건조,0,1,2,0
20180221,16시,경기,수원시,수,경상,차대차,기타,기타,안전거리 미확보,여,41-50세,승용차,상해없음,여,31-40세,승용차,경상,비사업용,승용차,승용차,비사업용,승용차,승용차,고속국도,단일로,기타단일로,맑음,포장,건조,0,0,1,0
20180221,18시,경기,수원시,수,부상신고,차대차,측면충돌,측면충돌,안전운전 의무 불이행,남,41-50세,특수차,상해없음,남,51-60세,승합차,부상신고,사업용,화물차,화물차,비사업용,기타/건설기계,기타/건설기계,고속국도,단일로,기타단일로,맑음,포장,건조,0,0,0,1
20180221,18시,경기,시흥시,수,경상,차대차,측면충돌,측면충돌,안전운전 의무 불이행,여,31-40세,승용차,경상,남,31-40세,승용차,경상,비사업용,승용차,승용차,비사업용,승용차,승용차,고속국도,단일로,기타단일로,맑음,포장,건조,0,0,3,0
20180221,21시,경기,용인시,수,부상신고,차대차,측면충돌,측면충돌,기타,남,51-60세,화물차,상해없음,남,51-60세,승용차,부상신고,사업용,화물차,화물차,비사업용,승용차,승용차,고속국도,기타,기타,맑음,포장,건조,0,0,0,1
20180222,00시,충북,청주시,목,사망,차대차,추돌,추돌,안전운전 의무 불이행,여,41-50세,승용차,경상,남,31-40세,특수차,상해없음,비사업용,승용차,승용차,사업용,화물차,화물차,고속국도,단일로,기타단일로,맑음,포장,건조,3,2,3,0
20180222,05시,울산,울주군,목,중상,차대차,추돌,추돌,안전운전 의무 불이행,남,51-60세,특수차,상해없음,남,51-60세,화물차,중상,비사업용,화물차,화물차,비사업용,화물차,화물차,고속국도,단일로,기타단일로,맑음,포장,건조,0,1,0,0
20180222,07시,대구,달서구,목,경상,차대차,측면충돌,측면충돌,안전거리 미확보,남,51-60세,화물차,경상,여,51-60세,승용차,경상,사업용,화물차,화물차,비사업용,승용차,승용차,고속국도,단일로,기타단일로,맑음,포장,건조,0,0,2,0
20180222,09시,경북,상주시,목,중상,차대차,추돌,추돌,안전운전 의무 불이행,여,51-60세,승용차,상해없음,남,41-50세,화물차,중상,비사업용,승용차,승용차,비사업용,화물차,화물차,고속국도,단일로,기타단일로,맑음,포장,건조,0,2,0,0