발생일,발생시간,발생지_시도,발생지_시군구,요일,사고내용,사고유형_대분류,사고유형_중분류,사고유형,가해자법규위반,가해자성별,가해자연령,가해당사자종별,가해자신체상해정도,피해자성별,피해자연령,피해당사자종별,피해자신체상해정도,가해차량용도_대분류,가해차량용도_중분류,가해차량용도,피해차량용도_대분류,피해차량용도_중분류,피해차량용도,도로종류,도로형태_대분류,도로형태,기상상태,노면상태_대분류,노면상태,사망자수,중상자수,경상자수,부상신고자수
20180222,10시,강원,춘천시,목,경상,차대차,추돌,추돌,안전거리 미확보,남,21-30세,승용차,상해없음,남,21-30세,승용차,경상,비사업용,승용차,승용차,비사업용,승용차,승용차,고속국도,단일로,터널안,맑음,포장,건조,0,0,9,0
20180222,11시,경남,양산시,목,사망,차대차,정면충돌,정면충돌,중앙선 침범,여,51-60세,화물차,사망,남,65세이상,건설기계,경상,비사업용,화물차,화물차,사업용,기타/건설기계,기타/건설기계,고속국도,단일로,기타단일로,맑음,포장,건조,1,0,1,0
20180222,15시,전북,완주군,목,경상,차대차,추돌,추돌,안전거리 미확보,남,20세이하,화물차,상해없음,남,51-60세,승용차,경상,비사업용,화물차,화물차,비사업용,승용차,승용차,고속국도,단일로,기타단일로,맑음,포장,건조,0,0,2,2
20180222,21시,부산,강서구,목,경상,차대차,추돌,추돌,안전거리 미확보,남,41-50세,승용차,상해없음,남,51-60세,특수차,상해없음,사업용,렌터카,렌터카,사업용,화물차,화물차,고속국도,단일로,기타단일로,맑음,포장,건조,0,0,2,0
20180222,22시,경기,시흥시,목,경상,차대차,추돌,추돌,안전운전 의무 불이행,남,41-50세,승용차,상해없음,남,21-30세,승용차,경상,사업용,렌터카,렌터카,비사업용,승용차,승용차,고속국도,단일로,기타단일로,맑음,포장,건조,0,0,1,0
20180222,22시,대구,달성군,목,중상,차대차,기타,기타,과속,여,31-40세,승용차,중상,남,51-60세,화물차,상해없음,사업용,렌터카,렌터카,사업용,화물차,화물차,고속국도,단일로,기타단일로,맑음,포장,건조,0,1,0,0
20180222,23시,경남,창원시,목,중상,차량단독,공작물충돌,공작물충돌,안전운전 의무 불이행,남,20세이하,승용차,상해없음,없음,불명,없음,없음,비사업용,승용차,승용차,없음,없음,없음,고속국도,단일로,기타단일로,맑음,포장,건조,0,1,0,0
20180223,01시,경기,시흥시,금,경상,차대차,기타,기타,안전운전 의무 불이행,남,31-40세,승용차,상해없음,남,31-40세,화물차,경상,비사업용,승용차,승용차,비사업용,화물차,화물차,고속국도,단일로,기타단일로,눈,포장,젖음/습기,0,0,2,0
20180223,01시,경기,안양시,금,중상,차대차,기타,기타,안전운전 의무 불이행,남,65세이상,승용차,상해없음,남,51-60세,승용차,경상,사업용,택시,개인택시,비사업용,승용차,승용차,고속국도,단일로,기타단일로,눈,포장,젖음/습기,0,1,2,0
20180223,01시,경기,의왕시,금,경상,차대차,기타,기타,안전운전 의무 불이행,남,31-40세,승용차,상해없음,남,41-50세,승용차,경상,비사업용,승용차,승용차,비사업용,승용차,승용차,고속국도,단일로,기타단일로,눈,포장,젖음/습기,0,0,1,0
20180223,04시,강원,횡성군,금,중상,차대차,기타,기타,안전운전 의무 불이행,남,41-50세,승합차,상해없음,남,61-64세,화물차,중상,사업용,전세버스,전세버스,비사업용,화물차,화물차,고속국도,기타,기타,눈,포장,적설,0,1,0,0
20180223,06시,인천,연수구,금,경상,차대차,기타,기타,안전운전 의무 불이행,남,51-60세,승용차,상해없음,남,51-60세,화물차,부상신고,비사업용,승용차,승용차,비사업용,화물차,화물차,고속국도,단일로,기타단일로,눈,포장,서리/결빙,0,0,1,1
20180223,08시,강원,원주시,금,중상,차대차,측면충돌,측면충돌,안전운전 의무 불이행,남,20세이하,승용차,상해없음,남,31-40세,승용차,중상,사업용,렌터카,렌터카,비사업용,승용차,승용차,고속국도,단일로,기타단일로,맑음,포장,건조,0,1,0,0
20180223,09시,경기,부천시,금,중상,차대차,추돌,추돌,안전운전 의무 불이행,남,61-64세,화물차,부상신고,남,51-60세,화물차,경상,비사업용,화물차,화물차,비사업용,화물차,화물차,고속국도,단일로,기타단일로,맑음,포장,건조,0,1,2,1
20180223,10시,경북,칠곡군,금,경상,차대차,기타,기타,안전거리 미확보,여,51-60세,승용차,상해없음,여,65세이상,승용차,경상,비사업용,승용차,승용차,비사업용,승용차,승용차,고속국도,단일로,기타단일로,맑음,포장,건조,0,0,1,0
20180223,11시,경기,남양주시,금,경상,차대차,추돌,추돌,안전운전 의무 불이행,여,20세이하,승용차,상해없음,남,31-40세,화물차,경상,비사업용,승용차,승용차,사업용,화물차,화물차,고속국도,단일로,기타단일로,맑음,포장,젖음/습기,0,0,1,0
20180223,11시,경기,용인시,금,경상,차대차,측면충돌,측면충돌,안전운전 의무 불이행,남,41-50세,화물차,상해없음,남,31-40세,특수차,경상,비사업용,화물차,화물차,사업용,화물차,화물차,고속국도,단일로,기타단일로,맑음,포장,건조,0,0,1,0
20180223,11시,경북,경산시,금,사망,차대차,추돌,추돌,안전운전 의무 불이행,남,51-60세,화물차,사망,남,51-60세,화물차,경상,사업용,화물차,화물차,사업용,화물차,화물차,고속국도,단일로,교량위,맑음,포장,건조,1,0,2,0
20180223,16시,대전,유성구,금,경상,차대차,기타,기타,안전운전 의무 불이행,남,21-30세,승용차,상해없음,남,21-30세,승용차,상해없음,비사업용,승용차,승용차,비사업용,승용차,승용차,고속국도,단일로,기타단일로,맑음,포장,건조,0,0,3,0
20180223,19시,부산,금정구,금,경상,차대차,추돌,추돌,안전운전 의무 불이행,남,51-60세,승용차,상해없음,남,41-50세,승용차,경상,사업용,택시,법인택시,사업용,렌터카,렌터카,고속국도,단일로,기타단일로,맑음,포장,건조,0,0,3,0
20180223,20시,경기,의정부시,금,중상,차대차,추돌,추돌,안전운전 의무 불이행,남,41-50세,승용차,상해없음,남,51-60세,승용차,중상,비사업용,승용차,승용차,비사업용,승용차,승용차,고속국도,단일로,기타단일로,맑음,포장,건조,0,1,1,0
20180223,22시,충북,충주시,금,경상,차대차,추돌,추돌,안전운전 의무 불이행,남,41-50세,특수차,경상,남,51-60세,특수차,경상,사업용,화물차,화물차,사업용,화물차,화물차,고속국도,단일로,기타단일로,맑음,포장,건조,0,0,2,0
20180224,00시,인천,부평구,토,경상,차대차,추돌,추돌,안전거리 미확보,남,31-40세,승용차,상해없음,남,41-50세,승용차,경상,비사업용,승용차,승용차,비사업용,승용차,승용차,고속국도,단일로,교량위,맑음,포장,건조,0,0,2,0
20180224,01시,경기,화성시,토,중상,차대차,측면충돌,측면충돌,기타,남,51-60세,승용차,상해없음,남,41-50세,승용차,중상,비사업용,승용차,승용차,비사업용,승용차,승용차,고속국도,단일로,기타단일로,맑음,포장,건조,0,2,0,0
20180224,04시,서울,강서구,토,중상,차대차,정면충돌,정면충돌,중앙선 침범,남,51-60세,승용차,상해없음,남,41-50세,승용차,경상,비사업용,승용차,승용차,비사업용,승용차,승용차,고속국도,단일로,교량위,맑음,포장,건조,0,1,1,0
20180224,06시,인천,부평구,토,경상,차대차,추돌,추돌,안전운전 의무 불이행,남,41-50세,승용차,상해없음,남,31-40세,화물차,경상,비사업용,승용차,승용차,사업용,화물차,화물차,고속국도,단일로,기타단일로,맑음,포장,건조,0,0,1,0
20180224,10시,충남,천안시,토,경상,차대차,기타,기타,안전운전 의무 불이행,남,31-40세,승용차,상해없음,남,31-40세,승용차,경상,비사업용,승용차,승용차,비사업용,승용차,승용차,고속국도,단일로,기타단일로,맑음,포장,건조,0,0,2,0
20180224,12시,경기,하남시,토,중상,차대차,추돌,추돌,안전운전 의무 불이행,남,21-30세,승용차,경상,남,31-40세,승용차,중상,비사업용,승용차,승용차,사업용,렌터카,렌터카,고속국도,단일로,기타단일로,맑음,포장,건조,0,1,3,0
20180224,14시,경기,남양주시,토,경상,차대차,후진중충돌,후진중충돌,안전운전 의무 불이행,여,31-40세,승용차,경상,남,41-50세,승용차,경상,사업용,렌터카,렌터카,비사업용,승용차,승용차,고속국도,기타,기타,맑음,포장,건조,0,0,5,0
20180224,15시,강원,속초시,토,경상,차대차,측면충돌,측면충돌,안전운전 의무 불이행,남,51-60세,승합차,상해없음,남,51-60세,승합차,경상,사업용,전세버스,전세버스,비사업용,기타/건설기계,기타/건설기계,고속국도,단일로,기타단일로,눈,포장,적설,0,0,3,0
20180224,16시,강원,평창군,토,경상,차대차,추돌,추돌,안전거리 미확보,남,20세이하,승용차,상해없음,남,41-50세,승용차,경상,비사업용,승용차,승용차,비사업용,승용차,승용차,고속국도,단일로,터널안,맑음,포장,건조,0,0,3,0
20180224,16시,경기,평택시,토,경상,차대차,추돌,추돌,안전운전 의무 불이행,남,21-30세,승용차,상해없음,남,31-40세,승합차,경상,비사업용,승용차,승용차,비사업용,버스,버스,고속국도,기타,기타,맑음,포장,건조,0,0,2,1
20180224,21시,경기,광명시,토,경상,차대차,추돌,추돌,안전운전 의무 불이행,남,21-30세,승용차,상해없음,남,41-50세,승용차,경상,사업용,렌터카,렌터카,비사업용,승용차,승용차,고속국도,단일로,기타단일로,맑음,포장,건조,0,0,3,0
20180224,21시,경기,용인시,토,경상,차대차,측면충돌,측면충돌,안전운전 의무 불이행,남,21-30세,승용차,상해없음,남,51-60세,승용차,경상,비사업용,승용차,승용차,사업용,택시,법인택시,고속국도,단일로,기타단일로,맑음,포장,건조,0,0,1,0
20180225,08시,서울,서초구,일,경상,차대차,추돌,추돌,안전운전 의무 불이행,남,21-30세,승용차,상해없음,남,51-60세,승용차,경상,비사업용,승용차,승용차,비사업용,승용차,승용차,고속국도,단일로,기타단일로,맑음,포장,건조,0,0,2,0
20180225,10시,경기,용인시,일,경상,차대사람,기타,기타,안전운전 의무 불이행,남,21-30세,승용차,상해없음,남,51-60세,보행자,경상,비사업용,승용차,승용차,보행자,보행자,보행자,고속국도,기타,기타,맑음,포장,건조,0,0,1,0
20180225,11시,충남,보령시,일,사망,차량단독,전도,전도,안전운전 의무 불이행,남,65세이상,화물차,사망,없음,불명,없음,없음,비사업용,화물차,화물차,없음,없음,없음,고속국도,단일로,기타단일로,맑음,포장,건조,1,0,0,0
20180225,14시,경북,고령군,일,중상,차량단독,공작물충돌,공작물충돌,안전운전 의무 불이행,남,61-64세,승용차,상해없음,없음,불명,없음,없음,비사업용,승용차,승용차,없음,없음,없음,고속국도,기타,기타,맑음,포장,건조,0,2,0,0
20180225,15시,경기,의왕시,일,경상,차대차,기타,기타,안전운전 의무 불이행,남,41-50세,승용차,상해없음,남,51-60세,승용차,경상,사업용,렌터카,렌터카,비사업용,승용차,승용차,고속국도,단일로,기타단일로,맑음,포장,건조,0,0,4,0
20180225,20시,충남,천안시,일,중상,차대차,추돌,추돌,안전운전 의무 불이행,여,31-40세,승용차,상해없음,여,51-60세,승용차,중상,비사업용,승용차,승용차,비사업용,승용차,승용차,고속국도,단일로,기타단일로,맑음,포장,건조,0,2,3,0
20180226,10시,경기,성남시,월,경상,차대차,추돌,추돌,안전운전 의무 불이행,남,31-40세,화물차,상해없음,남,51-60세,화물차,경상,비사업용,화물차,화물차,사업용,화물차,화물차,고속국도,단일로,기타단일로,맑음,포장,건조,0,0,1,0
20180226,14시,경기,안성시,월,부상신고,차량단독,공작물충돌,공작물충돌,안전운전 의무 불이행,남,21-30세,승용차,부상신고,없음,불명,없음,없음,사업용,렌터카,렌터카,없음,없음,없음,고속국도,단일로,기타단일로,맑음,포장,건조,0,0,0,1
20180227,00시,경남,창녕군,화,경상,차대차,추돌,추돌,안전운전 의무 불이행,남,41-50세,승용차,상해없음,여,41-50세,승용차,경상,사업용,렌터카,렌터카,비사업용,승용차,승용차,고속국도,단일로,기타단일로,맑음,포장,건조,0,0,4,0
20180227,05시,경남,창녕군,화,사망,차대차,추돌,추돌,안전운전 의무 불이행,남,51-60세,화물차,중상,남,65세이상,화물차,사망,사업용,화물차,화물차,비사업용,화물차,화물차,고속국도,단일로,기타단일로,맑음,포장,건조,1,1,1,0
20180227,08시,경남,양산시,화,중상,차대사람,기타,기타,안전운전 의무 불이행,남,31-40세,승용차,상해없음,여,51-60세,보행자,중상,비사업용,승용차,승용차,보행자,보행자,보행자,고속국도,단일로,기타단일로,맑음,포장,건조,0,1,0,0
20180227,09시,광주,북구,화,경상,차대차,기타,기타,안전거리 미확보,남,31-40세,승용차,상해없음,여,31-40세,승용차,경상,비사업용,승용차,승용차,비사업용,승용차,승용차,고속국도,단일로,기타단일로,맑음,포장,건조,0,0,1,0
20180227,13시,인천,계양구,화,중상,차대차,추돌,추돌,안전거리 미확보,남,41-50세,화물차,중상,남,31-40세,화물차,상해없음,비사업용,화물차,화물차,비사업용,화물차,화물차,고속국도,단일로,기타단일로,맑음,포장,건조,0,2,0,0
20180227,19시,경기,용인시,화,중상,차대차,추돌,추돌,안전운전 의무 불이행,남,41-50세,승용차,상해없음,남,41-50세,승용차,경상,비사업용,승용차,승용차,비사업용,승용차,승용차,고속국도,단일로,기타단일로,맑음,포장,건조,0,1,5,0
20180227,23시,경기,용인시,화,경상,차대차,측면충돌,측면충돌,안전운전 의무 불이행,남,31-40세,승용차,상해없음,남,41-50세,승용차,경상,비사업용,승용차,승용차,비사업용,승용차,승용차,고속국도,단일로,기타단일로,맑음,포장,건조,0,0,3,0
20180228,05시,경북,경주시,수,중상,차대차,추돌,추돌,안전운전 의무 불이행,남,51-60세,화물차,상해없음,남,51-60세,특수차,중상,사업용,화물차,화물차,사업용,화물차,화물차,고속국도,단일로,터널안,맑음,포장,건조,0,1,0,0
20180228,05시,충남,논산시,수,중상,차대차,추돌,추돌,안전운전 의무 불이행,남,51-60세,승용차,상해없음,여,61-64세,승용차,중상,사업용,렌터카,렌터카,비사업용,승용차,승용차,고속국도,기타,기타,흐림,포장,건조,0,1,0,0
20180228,10시,경기,구리시,수,경상,차대차,측면충돌,측면충돌,기타,남,41-50세,화물차,상해없음,여,51-60세,승용차,경상,사업용,화물차,화물차,비사업용,승용차,승용차,고속국도,기타,기타,맑음,포장,건조,0,0,2,0
20180228,11시,충남,공주시,수,경상,차대차,추돌,추돌,안전운전 의무 불이행,남,31-40세,화물차,상해없음,여,41-50세,승용차,경상,비사업용,화물차,화물차,비사업용,승용차,승용차,고속국도,단일로,기타단일로,흐림,포장,건조,0,0,2,0
20180228,14시,충북,진천군,수,경상,차대차,추돌,추돌,안전거리 미확보,남,31-40세,승용차,경상,남,21-30세,승용차,경상,비사업용,승용차,승용차,비사업용,승용차,승용차,고속국도,단일로,기타단일로,비,포장,젖음/습기,0,0,3,0
20180228,15시,경남,김해시,수,중상,차대차,기타,기타,안전운전 의무 불이행,남,31-40세,승용차,상해없음,남,51-60세,승합차,상해없음,사업용,렌터카,렌터카,사업용,노선버스,고속버스,고속국도,단일로,기타단일로,비,포장,젖음/습기,0,1,2,0
20180228,15시,경남,양산시,수,경상,차대차,측면충돌,측면충돌,안전운전 의무 불이행,남,61-64세,특수차,상해없음,남,31-40세,승용차,상해없음,사업용,화물차,화물차,비사업용,승용차,승용차,고속국도,단일로,기타단일로,맑음,포장,건조,0,0,3,0
20180228,15시,대구,북구,수,경상,차대차,추돌,추돌,안전운전 의무 불이행,남,51-60세,승용차,상해없음,남,41-50세,승용차,경상,사업용,택시,법인택시,비사업용,승용차,승용차,고속국도,단일로,기타단일로,비,포장,젖음/습기,0,0,1,0
20180228,17시,경기,오산시,수,중상,차대차,측면충돌,측면충돌,안전운전 의무 불이행,남,41-50세,화물차,상해없음,남,41-50세,승용차,경상,사업용,화물차,화물차,비사업용,승용차,승용차,고속국도,단일로,기타단일로,비,포장,젖음/습기,0,4,4,0
20180228,18시,경기,성남시,수,경상,차대차,측면충돌,측면충돌,안전운전 의무 불이행,남,61-64세,승합차,상해없음,남,41-50세,승용차,경상,비사업용,버스,버스,비사업용,승용차,승용차,고속국도,단일로,기타단일로,비,포장,젖음/습기,0,0,1,0
20180228,18시,대구,서구,수,경상,차대차,측면충돌,측면충돌,안전거리 미확보,남,51-60세,화물차,상해없음,남,31-40세,화물차,경상,사업용,화물차,화물차,비사업용,화물차,화물차,고속국도,단일로,기타단일로,맑음,포장,건조,0,0,1,0
20180228,19시,강원,양양군,수,경상,차대차,추돌,추돌,안전운전 의무 불이행,남,41-50세,승용차,경상,남,51-60세,승용차,상해없음,비사업용,승용차,승용차,비사업용,승용차,승용차,고속국도,단일로,기타단일로,눈,포장,적설,0,0,8,0
20180228,19시,경기,시흥시,수,경상,차대차,기타,기타,과속,여,41-50세,승용차,상해없음,남,31-40세,승용차,경상,비사업용,승용차,승용차,비사업용,승용차,승용차,고속국도,단일로,기타단일로,비,포장,젖음/습기,0,0,1,0
20180228,21시,서울,송파구,수,경상,차대차,기타,기타,안전운전 의무 불이행,남,51-60세,화물차,상해없음,여,31-40세,승용차,경상,사업용,화물차,화물차,비사업용,승용차,승용차,고속국도,단일로,기타단일로,눈,포장,젖음/습기,0,0,1,0
20180228,22시,경기,용인시,수,중상,차대차,측면충돌,측면충돌,안전운전 의무 불이행,남,41-50세,화물차,상해없음,남,41-50세,승용차,중상,사업용,화물차,화물차,비사업용,승용차,승용차,고속국도,단일로,기타단일로,맑음,포장,건조,0,1,1,0
20180228,22시,충북,단양군,수,중상,차대차,추돌,추돌,안전운전 의무 불이행,남,51-60세,화물차,상해없음,남,41-50세,승용차,상해없음,비사업용,화물차,화물차,비사업용,승용차,승용차,고속국도,단일로,기타단일로,눈,포장,적설,0,3,1,0
20180301,00시,경기,용인시,목,경상,차대차,추돌,추돌,안전운전 의무 불이행,남,65세이상,승용차,상해없음,남,31-40세,승용차,경상,비사업용,승용차,승용차,비사업용,승용차,승용차,고속국도,단일로,기타단일로,비,포장,젖음/습기,0,0,1,0
20180301,00시,충남,당진시,목,중상,차대차,추돌,추돌,안전운전 의무 불이행,남,31-40세,승용차,상해없음,여,51-60세,승합차,중상,비사업용,승용차,승용차,비사업용,어린이통학버스,어린이통학버스,고속국도,기타,기타,흐림,포장,젖음/습기,0,2,0,0
20180301,06시,경기,광명시,목,중상,차대차,기타,기타,안전거리 미확보,기타불명,불명,불명,기타불명,남,41-50세,승용차,부상신고,불명,불명,불명,사업용,택시,법인택시,고속국도,단일로,기타단일로,흐림,포장,젖음/습기,0,1,0,1
20180301,06시,경기,시흥시,목,경상,차대차,추돌,추돌,안전운전 의무 불이행,남,21-30세,승용차,상해없음,남,41-50세,화물차,경상,비사업용,승용차,승용차,비사업용,화물차,화물차,고속국도,단일로,기타단일로,흐림,포장,건조,0,0,1,0
20180301,06시,경기,여주시,목,경상,차대차,측면충돌,측면충돌,안전운전 의무 불이행,남,31-40세,승용차,상해없음,남,51-60세,화물차,경상,비사업용,승용차,승용차,사업용,화물차,화물차,고속국도,단일로,기타단일로,비,포장,젖음/습기,0,0,1,0
20180301,06시,전남,함평군,목,중상,차대차,추돌,추돌,안전운전 의무 불이행,남,31-40세,승용차,상해없음,여,51-60세,승용차,중상,비사업용,승용차,승용차,비사업용,승용차,승용차,고속국도,단일로,기타단일로,흐림,포장,젖음/습기,0,1,0,0
20180301,10시,경기,구리시,목,경상,차대차,측면충돌,측면충돌,기타,여,61-64세,승용차,상해없음,여,41-50세,승용차,경상,비사업용,승용차,승용차,비사업용,승용차,승용차,고속국도,기타,기타,맑음,포장,건조,0,0,2,0
20180301,10시,경북,칠곡군,목,경상,차대차,기타,기타,기타,남,51-60세,화물차,상해없음,남,41-50세,승용차,경상,사업용,화물차,화물차,비사업용,승용차,승용차,고속국도,단일로,기타단일로,맑음,포장,건조,0,0,3,0
20180302,04시,충북,충주시,금,경상,차대차,추돌,추돌,안전운전 의무 불이행,남,51-60세,화물차,경상,남,41-50세,건설기계,상해없음,비사업용,화물차,화물차,비사업용,기타/건설기계,기타/건설기계,고속국도,단일로,터널안,맑음,포장,건조,0,0,1,0
20180302,13시,경기,용인시,금,중상,차대차,측면충돌,측면충돌,기타,기타불명,불명,불명,기타불명,남,31-40세,화물차,경상,불명,불명,불명,사업용,화물차,화물차,고속국도,단일로,기타단일로,맑음,포장,건조,0,1,1,0
20180302,14시,서울,서초구,금,중상,차대차,추돌,추돌,안전거리 미확보,남,51-60세,화물차,상해없음,여,31-40세,승용차,중상,비사업용,화물차,화물차,비사업용,승용차,승용차,고속국도,단일로,기타단일로,맑음,포장,건조,0,2,1,0
20180302,18시,광주,북구,금,경상,차대차,추돌,추돌,안전거리 미확보,여,31-40세,승용차,상해없음,여,51-60세,승용차,경상,비사업용,승용차,승용차,비사업용,승용차,승용차,고속국도,단일로,기타단일로,맑음,포장,건조,0,0,2,0
20180303,05시,경기,안산시,토,중상,차대차,측면충돌,측면충돌,안전거리 미확보,남,41-50세,화물차,상해없음,남,51-60세,승용차,경상,사업용,화물차,화물차,비사업용,승용차,승용차,고속국도,단일로,기타단일로,맑음,포장,건조,0,1,2,0
20180303,07시,경기,고양시,토,부상신고,차대차,측면충돌,측면충돌,안전거리 미확보,남,20세이하,기타,기타불명,남,41-50세,승용차,부상신고,기타,기타,기타,비사업용,승용차,승용차,고속국도,단일로,기타단일로,맑음,포장,건조,0,0,0,1
20180303,09시,경기,용인시,토,부상신고,차대차,추돌,추돌,안전운전 의무 불이행,여,21-30세,승용차,상해없음,남,21-30세,승용차,부상신고,비사업용,승용차,승용차,비사업용,승용차,승용차,고속국도,단일로,기타단일로,맑음,포장,건조,0,0,0,2
20180303,10시,경기,하남시,토,경상,차대차,추돌,추돌,안전거리 미확보,남,61-64세,특수차,상해없음,남,31-40세,승합차,경상,비사업용,화물차,화물차,사업용,노선버스,고속버스,고속국도,기타,기타,맑음,포장,건조,0,0,1,0
20180303,11시,충북,청주시,토,경상,차대차,기타,기타,안전운전 의무 불이행,남,51-60세,승용차,상해없음,남,41-50세,승합차,경상,비사업용,승용차,승용차,사업용,노선버스,시외버스,고속국도,단일로,기타단일로,맑음,포장,건조,0,0,1,0
20180303,14시,인천,남동구,토,중상,차대차,추돌,추돌,안전운전 의무 불이행,남,41-50세,화물차,상해없음,남,21-30세,승용차,중상,사업용,화물차,화물차,비사업용,승용차,승용차,고속국도,단일로,기타단일로,맑음,포장,건조,0,2,0,0
20180303,16시,경기,하남시,토,경상,차대차,추돌,추돌,안전운전 의무 불이행,남,51-60세,승합차,상해없음,남,21-30세,승용차,경상,비사업용,버스,버스,비사업용,승용차,승용차,고속국도,단일로,터널안,맑음,포장,건조,0,0,4,0
20180303,17시,충남,공주시,토,중상,차대차,기타,기타,안전운전 의무 불이행,남,31-40세,승용차,경상,남,41-50세,승용차,경상,비사업용,승용차,승용차,비사업용,승용차,승용차,고속국도,단일로,기타단일로,맑음,포장,건조,0,1,12,0
20180303,18시,경기,하남시,토,경상,차대차,측면충돌,측면충돌,안전거리 미확보,여,21-30세,승용차,상해없음,남,31-40세,승용차,경상,비사업용,승용차,승용차,비사업용,승용차,승용차,고속국도,단일로,기타단일로,흐림,포장,젖음/습기,0,0,4,0
20180303,22시,경기,안산시,토,경상,차대차,기타,기타,안전운전 의무 불이행,남,51-60세,승용차,기타불명,남,41-50세,승용차,경상,비사업용,승용차,승용차,비사업용,승용차,승용차,고속국도,단일로,기타단일로,맑음,포장,건조,0,0,2,0
20180304,00시,부산,강서구,일,중상,차대차,기타,기타,안전거리 미확보,남,21-30세,승용차,상해없음,남,21-30세,승용차,중상,비사업용,승용차,승용차,비사업용,승용차,승용차,고속국도,단일로,기타단일로,맑음,포장,건조,0,1,0,0
20180304,14시,경기,하남시,일,부상신고,차대차,추돌,추돌,안전운전 의무 불이행,남,51-60세,승용차,상해없음,남,31-40세,승용차,부상신고,비사업용,승용차,승용차,비사업용,승용차,승용차,고속국도,기타,기타,맑음,포장,건조,0,0,0,4
20180304,15시,경기,여주시,일,경상,차대차,추돌,추돌,안전운전 의무 불이행,남,21-30세,승용차,상해없음,여,31-40세,승용차,경상,비사업용,승용차,승용차,비사업용,승용차,승용차,고속국도,단일로,기타단일로,맑음,포장,건조,0,0,2,0
20180304,15시,경북,상주시,일,중상,차대차,추돌,추돌,안전거리 미확보,남,21-30세,승용차,경상,남,21-30세,승용차,중상,비사업용,승용차,승용차,비사업용,승용차,승용차,고속국도,단일로,터널안,맑음,포장,건조,0,4,1,0
20180304,15시,충북,청주시,일,경상,차대차,추돌,추돌,안전거리 미확보,여,31-40세,승용차,상해없음,남,31-40세,승용차,경상,비사업용,승용차,승용차,비사업용,승용차,승용차,고속국도,단일로,기타단일로,맑음,포장,건조,0,0,2,0
20180304,15시,충북,청주시,일,중상,차대차,추돌,추돌,안전거리 미확보,남,31-40세,화물차,상해없음,남,31-40세,승용차,경상,비사업용,화물차,화물차,비사업용,승용차,승용차,고속국도,단일로,기타단일로,맑음,포장,건조,0,1,1,0
20180304,18시,경기,오산시,일,경상,차대차,측면충돌,측면충돌,기타,남,31-40세,승용차,상해없음,남,31-40세,승용차,경상,비사업용,승용차,승용차,비사업용,승용차,승용차,고속국도,기타,기타,맑음,포장,건조,0,0,1,0
20180304,19시,경기,시흥시,일,경상,차대차,측면충돌,측면충돌,안전거리 미확보,기타불명,불명,불명,기타불명,남,51-60세,화물차,경상,불명,불명,불명,비사업용,화물차,화물차,고속국도,단일로,기타단일로,흐림,비포장,젖음/습기,0,0,1,0
20180304,20시,강원,홍천군,일,사망,차대차,추돌,추돌,안전운전 의무 불이행,남,41-50세,승용차,중상,남,21-30세,승용차,사망,비사업용,승용차,승용차,비사업용,승용차,승용차,고속국도,단일로,교량위,비,포장,젖음/습기,3,4,1,0
20180305,01시,경북,상주시,월,경상,차량단독,공작물충돌,공작물충돌,안전운전 의무 불이행,남,21-30세,승용차,경상,없음,불명,없음,없음,사업용,렌터카,렌터카,없음,없음,없음,고속국도,단일로,기타단일로,비,포장,젖음/습기,0,0,1,0
20180305,03시,충남,서산시,월,사망,차대차,추돌,추돌,기타,남,51-60세,화물차,상해없음,남,31-40세,승용차,사망,비사업용,화물차,화물차,비사업용,승용차,승용차,고속국도,단일로,기타단일로,비,포장,젖음/습기,1,0,0,0
20180305,07시,경기,성남시,월,경상,차대차,측면충돌,측면충돌,안전운전 의무 불이행,기타불명,불명,불명,기타불명,남,41-50세,승용차,경상,불명,불명,불명,비사업용,승용차,승용차,고속국도,단일로,기타단일로,비,포장,젖음/습기,0,0,1,0
20180305,08시,충북,청주시,월,경상,차대차,기타,기타,기타,남,31-40세,특수차,상해없음,남,31-40세,화물차,경상,사업용,화물차,화물차,비사업용,화물차,화물차,고속국도,단일로,기타단일로,비,포장,젖음/습기,0,0,1,0
20180305,20시,충북,영동군,월,중상,차대차,기타,기타,안전운전 의무 불이행,남,51-60세,특수차,상해없음,남,51-60세,화물차,중상,사업용,화물차,화물차,사업용,화물차,화물차,고속국도,단일로,기타단일로,맑음,포장,건조,0,1,0,0
20180305,21시,대구,서구,월,경상,차대차,추돌,추돌,안전운전 의무 불이행,남,41-50세,승용차,상해없음,남,51-60세,승용차,경상,비사업용,승용차,승용차,비사업용,승용차,승용차,고속국도,단일로,기타단일로,흐림,포장,건조,0,0,1,0
20180305,22시,충남,천안시,월,중상,차대차,기타,기타,안전운전 의무 불이행,남,41-50세,승용차,상해없음,남,41-50세,승용차,중상,비사업용,승용차,승용차,비사업용,승용차,승용차,고속국도,단일로,기타단일로,맑음,포장,건조,0,1,1,0
20180306,01시,충북,청주시,화,사망,차대차,추돌,추돌,안전거리 미확보,남,61-64세,특수차,사망,남,51-60세,화물차,경상,비사업용,화물차,화물차,사업용,화물차,화물차,고속국도,단일로,기타단일로,맑음,포장,건조,1,0,1,0