발생일,발생시간,발생지_시도,발생지_시군구,요일,사고내용,사고유형_대분류,사고유형_중분류,사고유형,가해자법규위반,가해자성별,가해자연령,가해당사자종별,가해자신체상해정도,피해자성별,피해자연령,피해당사자종별,피해자신체상해정도,가해차량용도_대분류,가해차량용도_중분류,가해차량용도,피해차량용도_대분류,피해차량용도_중분류,피해차량용도,도로종류,도로형태_대분류,도로형태,기상상태,노면상태_대분류,노면상태,사망자수,중상자수,경상자수,부상신고자수
20180306,10시,경기,구리시,화,경상,차대차,기타,기타,안전운전 의무 불이행,여,41-50세,승용차,상해없음,남,41-50세,화물차,경상,비사업용,승용차,승용차,사업용,화물차,화물차,고속국도,단일로,기타단일로,맑음,포장,건조,0,0,2,0
20180306,13시,경기,광주시,화,경상,차대차,추돌,추돌,안전거리 미확보,남,31-40세,화물차,상해없음,남,51-60세,승용차,경상,비사업용,화물차,화물차,비사업용,승용차,승용차,고속국도,단일로,기타단일로,맑음,포장,건조,0,0,1,0
20180306,13시,경기,평택시,화,경상,차대차,추돌,추돌,안전운전 의무 불이행,남,41-50세,특수차,상해없음,남,31-40세,승용차,경상,사업용,화물차,화물차,사업용,렌터카,렌터카,고속국도,단일로,기타단일로,맑음,포장,건조,0,0,4,0
20180306,15시,경기,시흥시,화,경상,차대차,추돌,추돌,안전운전 의무 불이행,남,21-30세,승용차,상해없음,남,51-60세,승용차,상해없음,사업용,렌터카,렌터카,비사업용,승용차,승용차,고속국도,단일로,터널안,맑음,포장,건조,0,0,3,0
20180306,16시,경기,평택시,화,경상,차대차,측면충돌,측면충돌,안전거리 미확보,남,31-40세,승용차,상해없음,여,31-40세,승용차,경상,비사업용,승용차,승용차,비사업용,승용차,승용차,고속국도,단일로,기타단일로,맑음,포장,건조,0,0,1,0
20180306,16시,경남,김해시,화,중상,차량단독,기타,기타,안전운전 의무 불이행,남,65세이상,화물차,중상,없음,불명,없음,없음,비사업용,화물차,화물차,없음,없음,없음,고속국도,단일로,기타단일로,비,포장,젖음/습기,0,4,1,0
20180306,17시,경남,김해시,화,경상,차대차,추돌,추돌,안전거리 미확보,남,51-60세,승용차,상해없음,남,51-60세,승용차,경상,비사업용,승용차,승용차,사업용,렌터카,렌터카,고속국도,단일로,기타단일로,맑음,포장,건조,0,0,1,0
20180306,17시,충남,천안시,화,중상,차대차,추돌,추돌,안전운전 의무 불이행,남,51-60세,승용차,상해없음,남,41-50세,승용차,경상,사업용,렌터카,렌터카,비사업용,승용차,승용차,고속국도,단일로,기타단일로,맑음,포장,건조,0,2,1,0
20180306,21시,경기,부천시,화,중상,차대차,추돌,추돌,안전운전 의무 불이행,남,41-50세,승용차,상해없음,남,31-40세,승용차,경상,비사업용,승용차,승용차,비사업용,승용차,승용차,고속국도,단일로,기타단일로,맑음,포장,건조,0,1,3,0
20180306,23시,경기,성남시,화,사망,차대차,기타,기타,안전거리 미확보,남,41-50세,승용차,부상신고,남,21-30세,승용차,중상,비사업용,승용차,승용차,비사업용,승용차,승용차,고속국도,단일로,기타단일로,맑음,포장,건조,1,1,1,1
20180307,02시,충북,청주시,수,경상,차대차,기타,기타,안전운전 의무 불이행,남,41-50세,화물차,경상,남,31-40세,특수차,기타불명,사업용,화물차,화물차,사업용,화물차,화물차,고속국도,기타,기타,맑음,포장,건조,0,0,1,0
20180307,07시,경기,안산시,수,중상,차대차,추돌,추돌,기타,남,21-30세,화물차,상해없음,남,51-60세,화물차,중상,사업용,화물차,화물차,비사업용,화물차,화물차,고속국도,단일로,기타단일로,맑음,포장,건조,0,2,0,0
20180307,08시,경기,안양시,수,경상,차대차,기타,기타,안전운전 의무 불이행,남,51-60세,화물차,상해없음,남,51-60세,승용차,경상,사업용,화물차,화물차,비사업용,승용차,승용차,고속국도,단일로,기타단일로,맑음,포장,건조,0,0,1,0
20180307,11시,대구,서구,수,경상,차대차,측면충돌,측면충돌,안전거리 미확보,남,41-50세,화물차,상해없음,남,31-40세,승용차,경상,비사업용,화물차,화물차,비사업용,승용차,승용차,고속국도,단일로,기타단일로,맑음,포장,건조,0,0,1,0
20180307,11시,충북,괴산군,수,경상,차대차,기타,기타,안전운전 의무 불이행,여,21-30세,승용차,상해없음,남,31-40세,화물차,경상,비사업용,승용차,승용차,사업용,화물차,화물차,고속국도,단일로,터널안,맑음,포장,건조,0,0,1,0
20180307,14시,인천,서구,수,중상,차대차,추돌,추돌,안전운전 의무 불이행,남,51-60세,화물차,상해없음,남,41-50세,화물차,중상,사업용,화물차,화물차,비사업용,화물차,화물차,고속국도,단일로,지하차도(도로)내,맑음,포장,건조,0,1,0,0
20180307,21시,충남,천안시,수,경상,차대차,측면충돌,측면충돌,기타,남,51-60세,승용차,상해없음,여,51-60세,승용차,경상,비사업용,승용차,승용차,비사업용,승용차,승용차,고속국도,기타,기타,비,포장,젖음/습기,0,0,2,0
20180308,02시,전남,무안군,목,경상,차대차,추돌,추돌,안전운전 의무 불이행,남,21-30세,승용차,경상,남,31-40세,승용차,상해없음,비사업용,승용차,승용차,사업용,렌터카,렌터카,고속국도,단일로,터널안,흐림,포장,젖음/습기,0,0,2,0
20180308,06시,인천,부평구,목,부상신고,차대차,추돌,추돌,안전운전 의무 불이행,남,31-40세,승용차,상해없음,남,41-50세,화물차,부상신고,비사업용,승용차,승용차,비사업용,화물차,화물차,고속국도,단일로,교량위,비,포장,젖음/습기,0,0,0,4
20180308,10시,경기,구리시,목,경상,차대차,기타,기타,기타,남,51-60세,건설기계,상해없음,남,51-60세,승용차,경상,비사업용,기타/건설기계,기타/건설기계,비사업용,승용차,승용차,고속국도,기타,기타,맑음,포장,건조,0,0,1,0
20180308,10시,경기,성남시,목,부상신고,차대차,추돌,추돌,안전운전 의무 불이행,여,31-40세,승용차,상해없음,여,21-30세,승용차,부상신고,사업용,렌터카,렌터카,비사업용,승용차,승용차,고속국도,기타,기타,맑음,포장,건조,0,0,0,1
20180308,10시,경기,시흥시,목,경상,차대차,측면충돌,측면충돌,안전거리 미확보,여,51-60세,승용차,상해없음,남,61-64세,승용차,경상,비사업용,승용차,승용차,비사업용,승용차,승용차,고속국도,단일로,기타단일로,흐림,포장,건조,0,0,2,0
20180308,11시,경남,김해시,목,경상,차대차,측면충돌,측면충돌,안전운전 의무 불이행,남,21-30세,승용차,상해없음,여,31-40세,승용차,경상,비사업용,승용차,승용차,비사업용,승용차,승용차,고속국도,단일로,기타단일로,맑음,포장,건조,0,0,1,0
20180308,12시,경기,시흥시,목,경상,차대차,기타,기타,안전거리 미확보,남,21-30세,승용차,상해없음,남,51-60세,승합차,상해없음,사업용,렌터카,렌터카,사업용,노선버스,시외버스,고속국도,단일로,기타단일로,비,포장,젖음/습기,0,0,1,0
20180309,05시,강원,횡성군,금,중상,차대차,추돌,추돌,안전거리 미확보,남,31-40세,승용차,중상,남,51-60세,화물차,상해없음,비사업용,승용차,승용차,사업용,화물차,화물차,고속국도,단일로,기타단일로,맑음,포장,건조,0,1,0,0
20180309,05시,경북,경산시,금,중상,차대차,기타,기타,안전운전 의무 불이행,남,51-60세,특수차,중상,남,51-60세,특수차,중상,사업용,화물차,화물차,사업용,화물차,화물차,고속국도,단일로,기타단일로,눈,포장,적설,0,2,0,0
20180309,08시,경기,안양시,금,경상,차대차,추돌,추돌,안전운전 의무 불이행,남,31-40세,화물차,상해없음,남,51-60세,승용차,경상,비사업용,화물차,화물차,비사업용,승용차,승용차,고속국도,단일로,기타단일로,맑음,포장,건조,0,0,1,0
20180309,08시,충북,단양군,금,경상,차대사람,기타,기타,안전운전 의무 불이행,남,41-50세,승합차,상해없음,여,41-50세,보행자,경상,사업용,노선버스,고속버스,보행자,보행자,보행자,고속국도,단일로,기타단일로,맑음,포장,건조,0,0,1,0
20180309,14시,충남,공주시,금,중상,차대차,추돌,추돌,기타,남,31-40세,승용차,상해없음,남,41-50세,화물차,중상,비사업용,승용차,승용차,비사업용,화물차,화물차,고속국도,단일로,기타단일로,맑음,포장,건조,0,1,0,0
20180309,14시,충북,청주시,금,경상,차대차,추돌,추돌,안전거리 미확보,남,31-40세,승용차,경상,남,20세이하,승용차,경상,비사업용,승용차,승용차,비사업용,승용차,승용차,고속국도,단일로,기타단일로,맑음,포장,건조,0,0,3,0
20180309,16시,경기,이천시,금,경상,차대차,후진중충돌,후진중충돌,안전운전 의무 불이행,남,65세이상,승용차,상해없음,남,51-60세,화물차,경상,비사업용,승용차,승용차,비사업용,화물차,화물차,고속국도,기타,기타,맑음,포장,건조,0,0,1,0
20180309,19시,대전,서구,금,경상,차대차,기타,기타,안전운전 의무 불이행,남,31-40세,승용차,상해없음,여,51-60세,승용차,경상,비사업용,승용차,승용차,비사업용,승용차,승용차,고속국도,단일로,기타단일로,맑음,포장,건조,0,0,2,0
20180309,19시,충북,음성군,금,경상,차대차,측면충돌,측면충돌,안전운전 의무 불이행,남,21-30세,승용차,상해없음,남,41-50세,승용차,경상,비사업용,승용차,승용차,비사업용,승용차,승용차,고속국도,단일로,기타단일로,맑음,포장,건조,0,0,1,0
20180309,20시,충북,충주시,금,경상,차대차,추돌,추돌,안전운전 의무 불이행,남,21-30세,승용차,경상,남,41-50세,승용차,경상,비사업용,승용차,승용차,비사업용,승용차,승용차,고속국도,단일로,기타단일로,맑음,포장,건조,0,0,3,0
20180310,00시,경기,수원시,토,중상,차대차,추돌,추돌,안전운전 의무 불이행,남,41-50세,승용차,중상,여,41-50세,승용차,중상,비사업용,승용차,승용차,비사업용,승용차,승용차,고속국도,기타,기타,맑음,포장,건조,0,3,1,0
20180310,06시,인천,계양구,토,경상,차대차,추돌,추돌,안전운전 의무 불이행,남,21-30세,승용차,상해없음,남,31-40세,승용차,경상,비사업용,승용차,승용차,비사업용,승용차,승용차,고속국도,단일로,기타단일로,맑음,포장,건조,0,0,3,0
20180310,09시,경기,성남시,토,중상,차대차,측면충돌,측면충돌,안전거리 미확보,남,21-30세,승용차,상해없음,여,31-40세,승용차,중상,사업용,렌터카,렌터카,비사업용,승용차,승용차,고속국도,단일로,기타단일로,맑음,포장,건조,0,1,1,0
20180310,11시,경기,부천시,토,경상,차대차,기타,기타,기타,남,51-60세,건설기계,상해없음,남,31-40세,승용차,경상,비사업용,기타/건설기계,기타/건설기계,비사업용,승용차,승용차,고속국도,단일로,기타단일로,맑음,포장,건조,0,0,2,0
20180310,11시,경기,이천시,토,중상,차대차,추돌,추돌,안전운전 의무 불이행,남,51-60세,화물차,상해없음,남,41-50세,승용차,경상,사업용,화물차,화물차,비사업용,승용차,승용차,고속국도,단일로,기타단일로,맑음,포장,건조,0,1,5,0
20180310,11시,경남,진주시,토,중상,차대차,측면충돌,측면충돌,안전운전 의무 불이행,남,51-60세,승용차,상해없음,남,65세이상,승용차,중상,비사업용,승용차,승용차,비사업용,승용차,승용차,고속국도,단일로,기타단일로,맑음,포장,건조,0,5,1,0
20180310,12시,인천,부평구,토,경상,차대차,측면충돌,측면충돌,안전운전 의무 불이행,남,21-30세,승용차,상해없음,여,41-50세,승용차,경상,비사업용,승용차,승용차,비사업용,승용차,승용차,고속국도,단일로,교량위,맑음,포장,건조,0,0,4,0
20180310,12시,충남,천안시,토,중상,차대차,추돌,추돌,과속,남,21-30세,승용차,상해없음,남,41-50세,승용차,중상,비사업용,승용차,승용차,비사업용,승용차,승용차,고속국도,단일로,기타단일로,맑음,포장,건조,0,1,1,0
20180310,14시,강원,강릉시,토,중상,차대차,추돌,추돌,안전거리 미확보,남,65세이상,화물차,상해없음,남,41-50세,승용차,중상,비사업용,화물차,화물차,사업용,택시,법인택시,고속국도,단일로,기타단일로,맑음,포장,건조,0,1,3,0
20180310,14시,경기,광주시,토,경상,차대차,추돌,추돌,안전운전 의무 불이행,남,41-50세,승용차,상해없음,남,51-60세,승용차,경상,비사업용,승용차,승용차,비사업용,승용차,승용차,고속국도,단일로,기타단일로,맑음,포장,건조,0,0,1,0
20180310,14시,경기,성남시,토,중상,차대차,기타,기타,안전운전 의무 불이행,남,41-50세,승합차,상해없음,여,31-40세,승용차,상해없음,사업용,노선버스,고속버스,비사업용,승용차,승용차,고속국도,단일로,기타단일로,맑음,포장,건조,0,1,2,0
20180310,16시,경기,안산시,토,경상,차대차,기타,기타,기타,남,51-60세,승용차,상해없음,남,51-60세,승용차,경상,비사업용,승용차,승용차,사업용,택시,개인택시,고속국도,단일로,교량위,맑음,포장,건조,0,0,1,0
20180310,23시,인천,남동구,토,경상,차대차,추돌,추돌,안전운전 의무 불이행,여,51-60세,승용차,상해없음,남,21-30세,승용차,경상,비사업용,승용차,승용차,사업용,렌터카,렌터카,고속국도,단일로,기타단일로,맑음,포장,건조,0,0,1,0
20180311,01시,인천,계양구,일,경상,차량단독,기타,기타,안전운전 의무 불이행,남,51-60세,승용차,상해없음,없음,불명,없음,없음,사업용,택시,개인택시,없음,없음,없음,고속국도,단일로,기타단일로,비,포장,젖음/습기,0,0,1,0
20180311,01시,충북,청주시,일,사망,차대차,추돌,추돌,안전운전 의무 불이행,남,41-50세,승용차,기타불명,남,21-30세,승용차,사망,비사업용,승용차,승용차,사업용,렌터카,렌터카,고속국도,단일로,기타단일로,맑음,포장,건조,1,0,0,0
20180311,04시,충남,천안시,일,중상,차대차,추돌,추돌,안전거리 미확보,남,51-60세,승용차,중상,남,21-30세,승용차,경상,사업용,택시,법인택시,사업용,렌터카,렌터카,고속국도,기타,기타,맑음,포장,건조,0,2,11,0
20180311,07시,경기,용인시,일,중상,차대차,기타,기타,안전운전 의무 불이행,여,41-50세,승용차,상해없음,남,51-60세,승합차,상해없음,비사업용,승용차,승용차,사업용,전세버스,전세버스,고속국도,단일로,터널안,맑음,포장,건조,0,4,0,0
20180311,08시,경남,김해시,일,중상,차대차,추돌,추돌,안전거리 미확보,남,65세이상,승합차,상해없음,남,51-60세,승용차,경상,사업용,전세버스,전세버스,비사업용,승용차,승용차,고속국도,단일로,기타단일로,맑음,포장,건조,0,1,3,0
20180311,17시,충북,청주시,일,경상,차대차,기타,기타,안전운전 의무 불이행,남,21-30세,승용차,상해없음,여,41-50세,승용차,경상,비사업용,승용차,승용차,비사업용,승용차,승용차,고속국도,단일로,기타단일로,맑음,포장,건조,0,0,4,0
20180311,18시,경북,경산시,일,중상,차대차,추돌,추돌,안전운전 의무 불이행,남,51-60세,승용차,상해없음,여,61-64세,승용차,중상,비사업용,승용차,승용차,비사업용,승용차,승용차,고속국도,단일로,기타단일로,맑음,포장,건조,0,3,2,0
20180311,19시,경남,김해시,일,중상,차대차,추돌,추돌,안전운전 의무 불이행,남,51-60세,승용차,상해없음,남,31-40세,승용차,경상,비사업용,승용차,승용차,비사업용,승용차,승용차,고속국도,단일로,기타단일로,맑음,포장,건조,0,4,8,1
20180312,05시,경기,하남시,월,사망,차대차,측면충돌,측면충돌,안전거리 미확보,남,41-50세,화물차,사망,남,41-50세,화물차,경상,사업용,화물차,화물차,사업용,화물차,화물차,고속국도,단일로,기타단일로,맑음,포장,건조,1,0,1,0
20180312,08시,경기,용인시,월,경상,차대차,측면충돌,측면충돌,안전운전 의무 불이행,남,51-60세,승용차,상해없음,남,41-50세,승용차,경상,비사업용,승용차,승용차,비사업용,승용차,승용차,고속국도,단일로,기타단일로,맑음,포장,건조,0,0,1,0
20180312,10시,강원,원주시,월,경상,차대차,추돌,추돌,안전운전 의무 불이행,남,65세이상,승용차,상해없음,남,41-50세,승용차,경상,비사업용,승용차,승용차,사업용,렌터카,렌터카,고속국도,단일로,기타단일로,맑음,포장,건조,0,0,2,0
20180312,15시,인천,계양구,월,경상,차대차,추돌,추돌,안전운전 의무 불이행,남,41-50세,승용차,상해없음,남,31-40세,승용차,경상,비사업용,승용차,승용차,비사업용,승용차,승용차,고속국도,단일로,기타단일로,맑음,포장,건조,0,0,1,0
20180312,15시,전북,익산시,월,경상,차대차,기타,기타,기타,기타불명,불명,불명,기타불명,남,41-50세,승용차,경상,불명,불명,불명,비사업용,승용차,승용차,고속국도,단일로,기타단일로,맑음,포장,건조,0,0,1,0
20180312,16시,경기,용인시,월,중상,차대차,추돌,추돌,안전운전 의무 불이행,남,21-30세,특수차,상해없음,남,31-40세,승합차,중상,사업용,화물차,화물차,사업용,렌터카,렌터카,고속국도,기타,기타,맑음,포장,건조,0,1,0,0
20180312,16시,경기,용인시,월,중상,차대차,추돌,추돌,안전운전 의무 불이행,남,65세이상,승합차,상해없음,남,61-64세,특수차,중상,비사업용,버스,버스,사업용,화물차,화물차,고속국도,기타,기타,맑음,포장,건조,0,1,0,1
20180312,18시,부산,사상구,월,중상,차대차,기타,기타,안전거리 미확보,남,41-50세,승합차,상해없음,남,51-60세,특수차,상해없음,사업용,노선버스,고속버스,사업용,화물차,화물차,고속국도,단일로,교량위,맑음,포장,건조,0,1,1,0
20180312,21시,경남,양산시,월,경상,차대차,측면충돌,측면충돌,안전운전 의무 불이행,여,21-30세,승용차,상해없음,남,51-60세,화물차,경상,비사업용,승용차,승용차,사업용,화물차,화물차,고속국도,단일로,기타단일로,맑음,포장,건조,0,0,3,0
20180313,00시,경기,용인시,화,중상,차대차,기타,기타,안전운전 의무 불이행,기타불명,불명,승용차,기타불명,남,21-30세,승용차,경상,비사업용,승용차,승용차,비사업용,승용차,승용차,고속국도,단일로,기타단일로,맑음,포장,건조,0,1,1,0
20180313,06시,경기,의왕시,화,중상,차대차,추돌,추돌,안전운전 의무 불이행,남,65세이상,승용차,상해없음,남,31-40세,승용차,상해없음,비사업용,승용차,승용차,비사업용,승용차,승용차,고속국도,단일로,기타단일로,맑음,포장,건조,0,1,2,1
20180313,07시,대전,대덕구,화,경상,차대차,기타,기타,기타,남,51-60세,화물차,상해없음,남,51-60세,승용차,경상,사업용,화물차,화물차,비사업용,승용차,승용차,고속국도,단일로,기타단일로,맑음,포장,건조,0,0,1,0
20180313,08시,경기,안양시,화,경상,차대차,정면충돌,정면충돌,안전운전 의무 불이행,남,31-40세,승용차,상해없음,남,51-60세,승용차,경상,비사업용,승용차,승용차,비사업용,승용차,승용차,고속국도,단일로,기타단일로,맑음,포장,건조,0,0,1,0
20180313,14시,경기,안산시,화,중상,차대차,추돌,추돌,안전운전 의무 불이행,남,41-50세,화물차,상해없음,남,65세이상,화물차,중상,비사업용,화물차,화물차,비사업용,화물차,화물차,고속국도,단일로,기타단일로,맑음,포장,건조,0,1,3,0
20180313,15시,경기,성남시,화,경상,차대차,측면충돌,측면충돌,안전운전 의무 불이행,남,65세이상,화물차,상해없음,여,41-50세,승용차,경상,사업용,화물차,화물차,비사업용,승용차,승용차,고속국도,단일로,기타단일로,맑음,포장,건조,0,0,2,0
20180313,17시,경기,오산시,화,중상,차대차,측면충돌,측면충돌,기타,남,41-50세,화물차,상해없음,남,51-60세,승용차,중상,사업용,화물차,화물차,비사업용,승용차,승용차,고속국도,단일로,기타단일로,맑음,포장,건조,0,1,0,0
20180313,17시,인천,계양구,화,경상,차대차,추돌,추돌,안전거리 미확보,남,41-50세,승용차,상해없음,남,41-50세,화물차,경상,사업용,택시,법인택시,비사업용,화물차,화물차,고속국도,단일로,기타단일로,맑음,포장,건조,0,0,1,0
20180314,03시,강원,평창군,수,부상신고,차량단독,공작물충돌,공작물충돌,안전운전 의무 불이행,남,31-40세,승용차,부상신고,없음,불명,없음,없음,비사업용,승용차,승용차,없음,없음,없음,고속국도,단일로,기타단일로,맑음,포장,건조,0,0,0,1
20180314,19시,경기,용인시,수,중상,차대차,추돌,추돌,안전운전 의무 불이행,남,51-60세,화물차,상해없음,남,21-30세,승용차,상해없음,사업용,화물차,화물차,비사업용,승용차,승용차,고속국도,단일로,기타단일로,맑음,포장,건조,0,1,0,0
20180314,19시,경기,의정부시,수,중상,차대차,추돌,추돌,안전운전 의무 불이행,남,21-30세,승용차,상해없음,여,31-40세,승용차,상해없음,비사업용,승용차,승용차,비사업용,승용차,승용차,고속국도,단일로,기타단일로,맑음,포장,건조,0,1,0,0
20180314,21시,강원,인제군,수,중상,차대차,추돌,추돌,안전거리 미확보,남,51-60세,승용차,상해없음,남,41-50세,승용차,중상,비사업용,승용차,승용차,비사업용,승용차,승용차,고속국도,단일로,기타단일로,맑음,포장,건조,0,1,0,0
20180315,00시,충남,금산군,목,사망,차대차,기타,기타,안전운전 의무 불이행,남,21-30세,승용차,상해없음,남,51-60세,화물차,상해없음,비사업용,승용차,승용차,사업용,화물차,화물차,고속국도,단일로,기타단일로,맑음,포장,건조,1,0,0,0
20180315,05시,충남,당진시,목,사망,차대차,추돌,추돌,과속,남,51-60세,승용차,상해없음,남,21-30세,화물차,사망,비사업용,승용차,승용차,비사업용,화물차,화물차,고속국도,단일로,기타단일로,비,포장,젖음/습기,1,0,1,0
20180315,06시,경기,안성시,목,중상,차대차,기타,기타,안전운전 의무 불이행,여,41-50세,승용차,중상,남,51-60세,화물차,상해없음,비사업용,승용차,승용차,사업용,화물차,화물차,고속국도,단일로,기타단일로,비,포장,젖음/습기,0,1,1,0
20180315,07시,서울,송파구,목,경상,차량단독,기타,기타,안전운전 의무 불이행,남,65세이상,승용차,상해없음,없음,불명,없음,없음,사업용,택시,법인택시,없음,없음,없음,고속국도,단일로,기타단일로,비,포장,젖음/습기,0,0,1,0
20180315,08시,부산,강서구,목,중상,차대차,추돌,추돌,안전운전 의무 불이행,남,51-60세,화물차,상해없음,여,31-40세,승용차,중상,비사업용,화물차,화물차,비사업용,승용차,승용차,고속국도,단일로,기타단일로,비,포장,젖음/습기,0,1,0,0
20180315,09시,경기,성남시,목,경상,차대차,측면충돌,측면충돌,안전운전 의무 불이행,여,51-60세,승용차,상해없음,여,31-40세,승용차,경상,비사업용,승용차,승용차,비사업용,승용차,승용차,고속국도,단일로,기타단일로,맑음,포장,건조,0,0,1,0
20180315,10시,경기,용인시,목,경상,차대차,기타,기타,안전운전 의무 불이행,남,51-60세,화물차,상해없음,남,41-50세,승용차,경상,비사업용,화물차,화물차,사업용,렌터카,렌터카,고속국도,단일로,기타단일로,맑음,포장,건조,0,0,1,0
20180315,14시,경기,용인시,목,경상,차대차,측면충돌,측면충돌,안전운전 의무 불이행,남,31-40세,화물차,상해없음,여,41-50세,승용차,부상신고,비사업용,화물차,화물차,비사업용,승용차,승용차,고속국도,단일로,기타단일로,비,포장,젖음/습기,0,0,1,2
20180315,17시,경기,용인시,목,경상,차대차,기타,기타,안전운전 의무 불이행,남,41-50세,승용차,상해없음,기타불명,불명,불명,기타불명,비사업용,승용차,승용차,불명,불명,불명,고속국도,단일로,기타단일로,맑음,포장,건조,0,0,2,0
20180315,20시,충남,천안시,목,경상,차대차,추돌,추돌,안전운전 의무 불이행,남,31-40세,승용차,상해없음,남,21-30세,승용차,경상,비사업용,승용차,승용차,비사업용,승용차,승용차,고속국도,단일로,기타단일로,비,포장,젖음/습기,0,0,1,0
20180316,01시,서울,강동구,금,경상,차대차,기타,기타,안전운전 의무 불이행,남,41-50세,화물차,상해없음,남,51-60세,승용차,경상,사업용,화물차,화물차,비사업용,승용차,승용차,고속국도,단일로,기타단일로,맑음,포장,건조,0,0,2,0
20180316,10시,경기,여주시,금,경상,차대차,추돌,추돌,안전운전 의무 불이행,남,31-40세,승용차,상해없음,남,61-64세,승용차,경상,비사업용,승용차,승용차,비사업용,승용차,승용차,고속국도,단일로,기타단일로,맑음,포장,건조,0,0,1,0
20180316,12시,서울,강동구,금,중상,차대차,측면충돌,측면충돌,안전운전 의무 불이행,남,31-40세,특수차,상해없음,남,31-40세,승용차,중상,사업용,화물차,화물차,비사업용,승용차,승용차,고속국도,기타,기타,맑음,포장,건조,0,1,0,0
20180316,15시,부산,사상구,금,중상,차대차,추돌,추돌,안전거리 미확보,남,51-60세,특수차,상해없음,여,21-30세,승용차,경상,사업용,화물차,화물차,비사업용,승용차,승용차,고속국도,단일로,기타단일로,맑음,포장,건조,0,1,1,0
20180316,16시,충남,공주시,금,중상,차대차,추돌,추돌,안전운전 의무 불이행,남,31-40세,승용차,경상,남,51-60세,화물차,기타불명,비사업용,승용차,승용차,비사업용,화물차,화물차,고속국도,단일로,기타단일로,맑음,포장,건조,0,3,3,0
20180316,19시,대전,대덕구,금,경상,차대차,기타,기타,안전운전 의무 불이행,남,21-30세,승용차,상해없음,여,41-50세,승용차,경상,비사업용,승용차,승용차,비사업용,승용차,승용차,고속국도,단일로,기타단일로,맑음,포장,건조,0,0,1,0
20180316,22시,충남,부여군,금,중상,차대차,기타,기타,안전운전 의무 불이행,남,21-30세,승용차,상해없음,남,41-50세,승용차,중상,사업용,렌터카,렌터카,비사업용,승용차,승용차,고속국도,단일로,기타단일로,맑음,포장,건조,0,1,0,0
20180316,23시,강원,평창군,금,경상,차대차,측면충돌,측면충돌,안전운전 의무 불이행,남,51-60세,승용차,경상,남,41-50세,승용차,상해없음,비사업용,승용차,승용차,비사업용,승용차,승용차,고속국도,단일로,기타단일로,맑음,포장,건조,0,0,1,0
20180316,23시,경기,하남시,금,중상,차대차,기타,기타,안전운전 의무 불이행,남,41-50세,승용차,상해없음,남,31-40세,승용차,중상,비사업용,승용차,승용차,비사업용,승용차,승용차,고속국도,기타,기타,맑음,포장,건조,0,1,0,0
20180317,03시,경기,부천시,토,경상,차대차,추돌,추돌,안전운전 의무 불이행,남,31-40세,승용차,기타불명,남,21-30세,승용차,경상,비사업용,승용차,승용차,비사업용,승용차,승용차,고속국도,단일로,교량위,맑음,포장,건조,0,0,2,0
20180317,03시,인천,서구,토,중상,차량단독,공작물충돌,공작물충돌,안전운전 의무 불이행,남,51-60세,승용차,상해없음,없음,불명,없음,없음,사업용,택시,법인택시,없음,없음,없음,고속국도,단일로,교량위,맑음,포장,건조,0,1,1,0
20180317,07시,경기,광주시,토,중상,차대차,추돌,추돌,안전운전 의무 불이행,남,21-30세,승용차,상해없음,남,31-40세,승용차,중상,비사업용,승용차,승용차,비사업용,승용차,승용차,고속국도,단일로,기타단일로,맑음,포장,건조,0,2,0,0
20180317,08시,인천,부평구,토,중상,차대차,추돌,추돌,안전운전 의무 불이행,남,65세이상,승용차,상해없음,남,51-60세,승용차,상해없음,사업용,택시,법인택시,비사업용,승용차,승용차,고속국도,단일로,교량위,맑음,포장,건조,0,1,0,0
20180317,09시,경기,성남시,토,경상,차대차,측면충돌,측면충돌,기타,남,31-40세,승용차,상해없음,남,41-50세,승용차,경상,비사업용,승용차,승용차,비사업용,승용차,승용차,고속국도,단일로,기타단일로,맑음,포장,건조,0,0,2,0
20180317,12시,경기,안성시,토,중상,차대차,추돌,추돌,안전운전 의무 불이행,남,51-60세,승용차,상해없음,남,31-40세,승합차,부상신고,비사업용,승용차,승용차,비사업용,버스,버스,고속국도,단일로,기타단일로,맑음,포장,건조,0,2,7,1
20180317,16시,경기,시흥시,토,경상,차대차,추돌,추돌,안전거리 미확보,남,51-60세,화물차,상해없음,여,41-50세,승용차,경상,비사업용,화물차,화물차,비사업용,승용차,승용차,고속국도,단일로,기타단일로,맑음,포장,건조,0,0,1,0
20180317,17시,경기,여주시,토,경상,차대차,기타,기타,안전거리 미확보,남,65세이상,승용차,상해없음,남,31-40세,승용차,경상,비사업용,승용차,승용차,비사업용,승용차,승용차,고속국도,단일로,기타단일로,맑음,포장,건조,0,0,1,0
20180317,19시,대구,북구,토,경상,차대차,기타,기타,안전운전 의무 불이행,여,51-60세,승용차,상해없음,남,31-40세,승용차,경상,비사업용,승용차,승용차,비사업용,승용차,승용차,고속국도,기타,기타,맑음,포장,건조,0,0,2,0
20180317,20시,경기,용인시,토,경상,차대차,추돌,추돌,안전운전 의무 불이행,여,51-60세,승용차,상해없음,여,41-50세,승용차,경상,비사업용,승용차,승용차,비사업용,승용차,승용차,고속국도,기타,기타,맑음,포장,건조,0,0,1,0
20180317,20시,경기,화성시,토,경상,차대차,기타,기타,기타,남,51-60세,승용차,상해없음,여,61-64세,승용차,경상,비사업용,승용차,승용차,비사업용,승용차,승용차,고속국도,기타,기타,맑음,포장,건조,0,0,1,0