발생일,발생시간,발생지_시도,발생지_시군구,요일,사고내용,사고유형_대분류,사고유형_중분류,사고유형,가해자법규위반,가해자성별,가해자연령,가해당사자종별,가해자신체상해정도,피해자성별,피해자연령,피해당사자종별,피해자신체상해정도,가해차량용도_대분류,가해차량용도_중분류,가해차량용도,피해차량용도_대분류,피해차량용도_중분류,피해차량용도,도로종류,도로형태_대분류,도로형태,기상상태,노면상태_대분류,노면상태,사망자수,중상자수,경상자수,부상신고자수
20180317,22시,경기,화성시,토,경상,차대차,측면충돌,측면충돌,안전거리 미확보,남,31-40세,승합차,상해없음,남,31-40세,승용차,경상,사업용,렌터카,렌터카,비사업용,승용차,승용차,고속국도,단일로,기타단일로,맑음,포장,건조,0,0,3,0
20180318,04시,경기,부천시,일,중상,차대차,추돌,추돌,안전운전 의무 불이행,남,31-40세,승용차,상해없음,남,21-30세,승용차,중상,비사업용,승용차,승용차,비사업용,승용차,승용차,고속국도,단일로,기타단일로,맑음,포장,건조,0,1,0,0
20180318,06시,충북,음성군,일,중상,차대차,추돌,추돌,안전운전 의무 불이행,남,41-50세,승용차,상해없음,남,41-50세,화물차,경상,사업용,택시,법인택시,사업용,화물차,화물차,고속국도,단일로,기타단일로,맑음,포장,건조,0,2,1,0
20180318,14시,강원,춘천시,일,중상,차대차,추돌,추돌,안전거리 미확보,남,21-30세,승용차,상해없음,남,31-40세,승용차,경상,비사업용,승용차,승용차,비사업용,승용차,승용차,고속국도,단일로,터널안,맑음,포장,건조,0,1,3,0
20180318,15시,충북,청주시,일,중상,차대차,추돌,추돌,안전거리 미확보,여,41-50세,승용차,상해없음,여,41-50세,승용차,경상,비사업용,승용차,승용차,비사업용,승용차,승용차,고속국도,단일로,기타단일로,맑음,포장,건조,0,1,3,0
20180318,16시,경기,안산시,일,경상,차대차,추돌,추돌,안전운전 의무 불이행,남,41-50세,승용차,상해없음,남,51-60세,승용차,경상,비사업용,승용차,승용차,비사업용,승용차,승용차,고속국도,단일로,교량위,맑음,포장,건조,0,0,1,0
20180318,16시,경기,안성시,일,중상,차대차,추돌,추돌,안전거리 미확보,남,21-30세,승용차,상해없음,남,41-50세,승용차,경상,비사업용,승용차,승용차,비사업용,승용차,승용차,고속국도,단일로,터널안,맑음,포장,건조,0,1,8,0
20180318,16시,경남,밀양시,일,경상,차대차,추돌,추돌,안전거리 미확보,남,51-60세,승용차,상해없음,남,41-50세,승용차,경상,사업용,렌터카,렌터카,비사업용,승용차,승용차,고속국도,단일로,터널안,맑음,포장,건조,0,0,4,0
20180318,17시,경기,양평군,일,경상,차대차,후진중충돌,후진중충돌,안전운전 의무 불이행,남,41-50세,화물차,상해없음,기타불명,불명,승용차,기타불명,비사업용,화물차,화물차,비사업용,승용차,승용차,고속국도,단일로,기타단일로,맑음,포장,건조,0,0,2,0
20180318,17시,경북,구미시,일,경상,차대차,추돌,추돌,안전운전 의무 불이행,남,61-64세,승용차,상해없음,남,61-64세,승용차,경상,비사업용,승용차,승용차,비사업용,승용차,승용차,고속국도,단일로,기타단일로,맑음,포장,건조,0,0,1,0
20180318,17시,경북,청도군,일,사망,차대차,측면충돌,측면충돌,안전운전 의무 불이행,남,31-40세,화물차,사망,남,41-50세,화물차,경상,비사업용,화물차,화물차,비사업용,화물차,화물차,고속국도,단일로,기타단일로,흐림,포장,건조,1,1,1,0
20180318,18시,경기,용인시,일,중상,차대차,추돌,추돌,안전거리 미확보,남,51-60세,승합차,상해없음,남,51-60세,승용차,중상,사업용,전세버스,전세버스,비사업용,승용차,승용차,고속국도,단일로,기타단일로,흐림,포장,젖음/습기,0,2,0,0
20180318,19시,경기,부천시,일,경상,차대차,추돌,추돌,안전운전 의무 불이행,여,20세이하,승용차,상해없음,남,51-60세,승용차,경상,사업용,렌터카,렌터카,사업용,택시,개인택시,고속국도,단일로,기타단일로,비,포장,젖음/습기,0,0,1,0
20180319,07시,충남,천안시,월,중상,차대차,추돌,추돌,안전거리 미확보,남,31-40세,승용차,경상,남,21-30세,승용차,경상,비사업용,승용차,승용차,비사업용,승용차,승용차,고속국도,기타,기타,비,포장,젖음/습기,0,1,3,0
20180319,08시,광주,북구,월,경상,차대차,기타,기타,안전거리 미확보,남,21-30세,승용차,상해없음,여,31-40세,승용차,경상,비사업용,승용차,승용차,비사업용,승용차,승용차,고속국도,단일로,기타단일로,맑음,포장,건조,0,0,1,0
20180319,10시,경기,여주시,월,경상,차대차,기타,기타,안전거리 미확보,여,51-60세,승용차,상해없음,남,41-50세,화물차,경상,비사업용,승용차,승용차,비사업용,화물차,화물차,고속국도,단일로,기타단일로,비,포장,젖음/습기,0,0,1,0
20180319,12시,경북,구미시,월,중상,차대차,측면충돌,측면충돌,안전거리 미확보,남,61-64세,승용차,상해없음,남,31-40세,승용차,경상,비사업용,승용차,승용차,비사업용,승용차,승용차,고속국도,단일로,기타단일로,비,포장,젖음/습기,0,2,1,0
20180319,15시,대구,동구,월,중상,차대차,추돌,추돌,안전운전 의무 불이행,남,41-50세,화물차,중상,남,51-60세,화물차,중상,비사업용,화물차,화물차,사업용,화물차,화물차,고속국도,단일로,기타단일로,비,포장,젖음/습기,0,3,0,0
20180319,17시,충남,공주시,월,경상,차대차,추돌,추돌,안전운전 의무 불이행,여,21-30세,승용차,상해없음,남,51-60세,승용차,경상,비사업용,승용차,승용차,비사업용,승용차,승용차,고속국도,단일로,기타단일로,흐림,포장,젖음/습기,0,0,2,0
20180319,20시,경남,김해시,월,사망,차대차,측면충돌,측면충돌,안전운전 의무 불이행,남,31-40세,승용차,사망,남,31-40세,승용차,상해없음,비사업용,승용차,승용차,비사업용,승용차,승용차,고속국도,단일로,터널안,비,포장,젖음/습기,1,0,1,0
20180319,20시,전남,장성군,월,경상,차대차,추돌,추돌,안전거리 미확보,남,51-60세,승합차,상해없음,남,41-50세,승용차,경상,사업용,노선버스,고속버스,비사업용,승용차,승용차,고속국도,단일로,기타단일로,맑음,포장,건조,0,0,1,0
20180319,21시,충북,충주시,월,중상,차대차,기타,기타,중앙선 침범,여,51-60세,승용차,상해없음,여,31-40세,승용차,중상,비사업용,승용차,승용차,비사업용,승용차,승용차,고속국도,단일로,기타단일로,맑음,포장,건조,0,1,0,0
20180319,23시,경기,부천시,월,경상,차대차,추돌,추돌,안전거리 미확보,기타불명,불명,불명,기타불명,여,51-60세,승용차,경상,불명,불명,불명,비사업용,승용차,승용차,고속국도,단일로,기타단일로,맑음,포장,건조,0,0,2,0
20180320,03시,충남,천안시,화,중상,차대차,추돌,추돌,안전운전 의무 불이행,남,65세이상,특수차,상해없음,남,41-50세,승용차,중상,사업용,화물차,화물차,비사업용,승용차,승용차,고속국도,단일로,기타단일로,비,포장,젖음/습기,0,1,0,0
20180320,04시,전남,순천시,화,경상,차대차,추돌,추돌,안전운전 의무 불이행,남,31-40세,승용차,상해없음,남,61-64세,화물차,경상,비사업용,승용차,승용차,사업용,화물차,화물차,고속국도,단일로,기타단일로,맑음,포장,건조,0,0,1,0
20180320,09시,경남,함안군,화,경상,차대차,추돌,추돌,안전운전 의무 불이행,남,31-40세,승용차,경상,남,61-64세,승용차,상해없음,비사업용,승용차,승용차,비사업용,승용차,승용차,고속국도,단일로,터널안,맑음,포장,건조,0,0,2,0
20180320,12시,경기,하남시,화,경상,차대차,기타,기타,안전운전 의무 불이행,남,65세이상,화물차,상해없음,남,61-64세,승용차,경상,사업용,화물차,화물차,비사업용,승용차,승용차,고속국도,단일로,기타단일로,맑음,포장,건조,0,0,1,0
20180320,12시,경기,화성시,화,경상,차대차,기타,기타,안전운전 의무 불이행,남,21-30세,승용차,상해없음,남,51-60세,화물차,경상,비사업용,승용차,승용차,사업용,화물차,화물차,고속국도,단일로,기타단일로,맑음,포장,건조,0,0,2,0
20180320,15시,경기,부천시,화,경상,차대차,측면충돌,측면충돌,안전운전 의무 불이행,남,51-60세,건설기계,상해없음,남,41-50세,화물차,상해없음,사업용,기타/건설기계,기타/건설기계,사업용,화물차,화물차,고속국도,단일로,교량위,맑음,포장,건조,0,0,1,0
20180320,15시,경기,이천시,화,경상,차대차,추돌,추돌,안전거리 미확보,남,41-50세,승합차,상해없음,남,61-64세,승용차,경상,비사업용,기타/건설기계,기타/건설기계,비사업용,승용차,승용차,고속국도,단일로,기타단일로,맑음,포장,건조,0,0,2,0
20180320,16시,경북,상주시,화,경상,차대차,추돌,추돌,안전운전 의무 불이행,남,31-40세,화물차,상해없음,남,31-40세,특수차,경상,사업용,화물차,화물차,사업용,덤프트럭,덤프트럭,고속국도,단일로,기타단일로,맑음,포장,건조,0,0,1,0
20180320,21시,경기,수원시,화,중상,차대차,측면충돌,측면충돌,안전운전 의무 불이행,남,41-50세,승용차,상해없음,남,51-60세,승용차,중상,비사업용,승용차,승용차,비사업용,승용차,승용차,고속국도,단일로,기타단일로,맑음,포장,건조,0,2,0,0
20180320,23시,경기,성남시,화,부상신고,차대차,기타,기타,안전운전 의무 불이행,남,31-40세,승용차,상해없음,남,31-40세,승용차,부상신고,비사업용,승용차,승용차,비사업용,승용차,승용차,고속국도,단일로,기타단일로,맑음,포장,건조,0,0,0,1
20180321,04시,경북,칠곡군,수,중상,차대차,측면충돌,측면충돌,안전운전 의무 불이행,남,31-40세,승용차,상해없음,남,21-30세,승용차,중상,사업용,렌터카,렌터카,비사업용,승용차,승용차,고속국도,단일로,기타단일로,눈,포장,적설,0,2,0,0
20180321,10시,경기,용인시,수,중상,차대차,측면충돌,측면충돌,안전운전 의무 불이행,남,21-30세,화물차,상해없음,남,31-40세,특수차,상해없음,사업용,화물차,화물차,사업용,화물차,화물차,고속국도,단일로,기타단일로,눈,포장,젖음/습기,0,1,0,0
20180321,10시,경기,화성시,수,경상,차대차,추돌,추돌,안전운전 의무 불이행,남,21-30세,승용차,상해없음,남,41-50세,승용차,경상,비사업용,승용차,승용차,비사업용,승용차,승용차,고속국도,단일로,기타단일로,맑음,포장,건조,0,0,2,0
20180321,13시,경기,화성시,수,경상,차대차,측면충돌,측면충돌,안전운전 의무 불이행,남,65세이상,화물차,상해없음,남,31-40세,화물차,경상,사업용,화물차,화물차,사업용,화물차,화물차,고속국도,단일로,기타단일로,비,포장,젖음/습기,0,0,1,0
20180321,14시,경기,안산시,수,중상,차대차,추돌,추돌,안전운전 의무 불이행,남,31-40세,화물차,상해없음,남,65세이상,화물차,중상,비사업용,화물차,화물차,비사업용,화물차,화물차,고속국도,단일로,기타단일로,눈,포장,젖음/습기,0,1,0,0
20180321,15시,대전,동구,수,사망,차량단독,기타,기타,안전운전 의무 불이행,남,41-50세,승용차,경상,없음,불명,없음,없음,비사업용,승용차,승용차,없음,없음,없음,고속국도,단일로,기타단일로,비,포장,젖음/습기,1,1,2,0
20180322,02시,충남,천안시,목,중상,차대차,추돌,추돌,안전운전 의무 불이행,남,51-60세,화물차,상해없음,남,41-50세,승용차,중상,사업용,화물차,화물차,비사업용,승용차,승용차,고속국도,기타,기타,흐림,포장,젖음/습기,0,1,0,0
20180322,06시,경기,남양주시,목,중상,차대차,추돌,추돌,안전운전 의무 불이행,남,21-30세,승용차,상해없음,남,31-40세,화물차,경상,비사업용,승용차,승용차,비사업용,화물차,화물차,고속국도,기타,기타,맑음,포장,건조,0,3,1,1
20180322,06시,경기,수원시,목,중상,차대차,측면충돌,측면충돌,기타,남,31-40세,화물차,상해없음,여,41-50세,승용차,중상,사업용,화물차,화물차,비사업용,승용차,승용차,고속국도,기타,기타,맑음,포장,건조,0,4,1,0
20180322,06시,경기,시흥시,목,경상,차대차,측면충돌,측면충돌,기타,남,61-64세,승용차,상해없음,남,51-60세,승용차,경상,비사업용,승용차,승용차,비사업용,승용차,승용차,고속국도,단일로,교량위,흐림,포장,젖음/습기,0,0,1,0
20180322,07시,서울,강동구,목,경상,차대차,측면충돌,측면충돌,안전거리 미확보,남,51-60세,승합차,상해없음,여,51-60세,승용차,경상,사업용,전세버스,전세버스,비사업용,승용차,승용차,고속국도,기타,기타,맑음,포장,건조,0,0,1,0
20180322,08시,경기,의왕시,목,경상,차대차,측면충돌,측면충돌,기타,남,61-64세,승용차,상해없음,남,41-50세,승용차,경상,비사업용,승용차,승용차,비사업용,승용차,승용차,고속국도,기타,기타,맑음,포장,건조,0,0,1,0
20180322,09시,경기,평택시,목,경상,차대차,추돌,추돌,안전거리 미확보,남,31-40세,화물차,경상,남,51-60세,화물차,상해없음,사업용,화물차,화물차,사업용,화물차,화물차,고속국도,단일로,기타단일로,맑음,포장,건조,0,0,1,0
20180322,09시,충북,음성군,목,경상,차대차,기타,기타,안전운전 의무 불이행,여,61-64세,화물차,경상,남,41-50세,화물차,경상,비사업용,화물차,화물차,사업용,화물차,화물차,고속국도,기타,기타,맑음,포장,건조,0,0,2,0
20180322,16시,경기,수원시,목,경상,차대차,추돌,추돌,안전운전 의무 불이행,남,61-64세,화물차,상해없음,남,41-50세,화물차,경상,사업용,화물차,화물차,비사업용,화물차,화물차,고속국도,단일로,기타단일로,맑음,포장,건조,0,0,1,0
20180322,18시,경기,광주시,목,경상,차대차,측면충돌,측면충돌,안전운전 의무 불이행,남,65세이상,화물차,상해없음,남,31-40세,승용차,경상,사업용,화물차,화물차,비사업용,승용차,승용차,고속국도,단일로,기타단일로,맑음,포장,건조,0,0,3,0
20180322,18시,대전,동구,목,중상,차대차,추돌,추돌,안전거리 미확보,남,21-30세,승용차,상해없음,남,41-50세,특수차,상해없음,비사업용,승용차,승용차,사업용,화물차,화물차,고속국도,기타,기타,맑음,포장,건조,0,1,0,0
20180322,19시,경기,평택시,목,중상,차대차,추돌,추돌,안전운전 의무 불이행,남,31-40세,특수차,중상,남,41-50세,화물차,경상,사업용,위험물운송,위험물운송,사업용,화물차,화물차,고속국도,단일로,기타단일로,맑음,포장,건조,0,1,2,0
20180322,22시,충남,보령시,목,사망,차대차,측면충돌,측면충돌,안전운전 의무 불이행,남,21-30세,승용차,경상,남,31-40세,화물차,경상,비사업용,승용차,승용차,사업용,화물차,화물차,고속국도,단일로,기타단일로,맑음,포장,건조,1,0,2,0
20180323,01시,대구,동구,금,경상,차대사람,기타,기타,안전운전 의무 불이행,남,31-40세,승용차,상해없음,남,21-30세,보행자,경상,비사업용,승용차,승용차,보행자,보행자,보행자,고속국도,단일로,기타단일로,맑음,포장,건조,0,0,1,0
20180323,01시,충북,충주시,금,중상,차대차,기타,기타,안전운전 의무 불이행,남,41-50세,승용차,중상,남,41-50세,화물차,경상,비사업용,승용차,승용차,사업용,화물차,화물차,고속국도,기타,기타,맑음,포장,건조,0,1,1,0
20180323,03시,전북,정읍시,금,중상,차대차,기타,기타,안전운전 의무 불이행,남,41-50세,화물차,상해없음,남,21-30세,화물차,중상,사업용,화물차,화물차,비사업용,화물차,화물차,고속국도,단일로,기타단일로,맑음,포장,건조,0,1,0,0
20180323,04시,부산,강서구,금,중상,차대차,추돌,추돌,안전운전 의무 불이행,남,41-50세,화물차,중상,남,61-64세,특수차,상해없음,비사업용,화물차,화물차,사업용,화물차,화물차,고속국도,단일로,기타단일로,맑음,포장,건조,0,2,0,0
20180323,05시,경기,용인시,금,경상,차대차,측면충돌,측면충돌,기타,남,21-30세,승용차,상해없음,남,51-60세,승용차,경상,비사업용,승용차,승용차,비사업용,승용차,승용차,고속국도,단일로,기타단일로,맑음,포장,건조,0,0,3,0
20180323,06시,경기,안산시,금,경상,차대차,기타,기타,기타,남,51-60세,승용차,경상,여,21-30세,승용차,경상,비사업용,승용차,승용차,비사업용,승용차,승용차,고속국도,단일로,기타단일로,흐림,포장,건조,0,0,5,0
20180323,06시,경기,안양시,금,중상,차대차,기타,기타,기타,남,51-60세,건설기계,상해없음,남,41-50세,승용차,중상,비사업용,기타/건설기계,기타/건설기계,비사업용,승용차,승용차,고속국도,단일로,기타단일로,맑음,포장,건조,0,1,1,0
20180323,08시,경기,시흥시,금,경상,차대차,측면충돌,측면충돌,안전거리 미확보,여,51-60세,승용차,상해없음,남,41-50세,승용차,경상,비사업용,승용차,승용차,비사업용,승용차,승용차,고속국도,단일로,교량위,맑음,포장,건조,0,0,1,0
20180323,11시,경기,화성시,금,경상,차대차,측면충돌,측면충돌,안전운전 의무 불이행,여,61-64세,승용차,상해없음,남,31-40세,승합차,상해없음,비사업용,승용차,승용차,사업용,전세버스,전세버스,고속국도,단일로,기타단일로,맑음,포장,건조,0,0,1,0
20180323,15시,경기,평택시,금,중상,차대차,추돌,추돌,안전운전 의무 불이행,남,51-60세,화물차,중상,남,51-60세,화물차,상해없음,비사업용,화물차,화물차,사업용,화물차,화물차,고속국도,단일로,기타단일로,맑음,포장,건조,0,1,1,0
20180323,15시,경북,포항시,금,경상,차대차,측면충돌,측면충돌,안전운전 의무 불이행,남,65세이상,승용차,상해없음,남,65세이상,화물차,경상,비사업용,승용차,승용차,비사업용,화물차,화물차,고속국도,단일로,기타단일로,맑음,포장,건조,0,0,1,0
20180323,17시,경기,김포시,금,경상,차대차,추돌,추돌,안전거리 미확보,남,51-60세,화물차,상해없음,남,31-40세,승용차,경상,비사업용,화물차,화물차,비사업용,승용차,승용차,고속국도,단일로,기타단일로,맑음,포장,건조,0,0,1,0
20180323,17시,충북,진천군,금,중상,차대차,추돌,추돌,안전운전 의무 불이행,여,21-30세,승용차,중상,남,21-30세,승용차,경상,비사업용,승용차,승용차,비사업용,승용차,승용차,고속국도,단일로,기타단일로,맑음,포장,건조,0,1,2,0
20180323,19시,경남,양산시,금,경상,차대차,측면충돌,측면충돌,안전거리 미확보,남,31-40세,승용차,상해없음,남,31-40세,승용차,경상,비사업용,승용차,승용차,비사업용,승용차,승용차,고속국도,단일로,기타단일로,맑음,포장,건조,0,0,2,0
20180323,19시,전남,무안군,금,경상,차대차,기타,기타,안전운전 의무 불이행,기타불명,불명,불명,기타불명,여,51-60세,승용차,상해없음,불명,불명,불명,비사업용,승용차,승용차,고속국도,단일로,기타단일로,맑음,포장,건조,0,0,1,0
20180323,20시,경기,구리시,금,경상,차대차,측면충돌,측면충돌,안전거리 미확보,남,31-40세,승용차,상해없음,남,51-60세,화물차,경상,비사업용,승용차,승용차,비사업용,화물차,화물차,고속국도,단일로,기타단일로,맑음,포장,건조,0,0,1,0
20180323,22시,경남,양산시,금,중상,차대차,추돌,추돌,안전운전 의무 불이행,여,21-30세,승용차,상해없음,남,21-30세,승용차,경상,비사업용,승용차,승용차,비사업용,승용차,승용차,고속국도,단일로,기타단일로,맑음,포장,건조,0,1,1,0
20180324,00시,대전,대덕구,토,경상,차대차,기타,기타,안전운전 의무 불이행,남,31-40세,승용차,상해없음,남,51-60세,승용차,경상,비사업용,승용차,승용차,비사업용,승용차,승용차,고속국도,단일로,기타단일로,맑음,포장,건조,0,0,2,0
20180324,01시,충남,천안시,토,경상,차대차,기타,기타,안전운전 의무 불이행,남,41-50세,승용차,상해없음,남,51-60세,승합차,경상,비사업용,승용차,승용차,사업용,전세버스,전세버스,고속국도,단일로,기타단일로,맑음,포장,건조,0,0,1,0
20180324,02시,경기,시흥시,토,중상,차대차,추돌,추돌,안전거리 미확보,남,41-50세,승용차,상해없음,남,65세이상,승용차,경상,사업용,렌터카,렌터카,사업용,택시,법인택시,고속국도,단일로,교량위,흐림,포장,건조,0,1,1,0
20180324,05시,경기,성남시,토,사망,차량단독,공작물충돌,공작물충돌,안전운전 의무 불이행,남,21-30세,승용차,사망,없음,불명,없음,없음,비사업용,승용차,승용차,없음,없음,없음,고속국도,단일로,기타단일로,맑음,포장,건조,1,0,0,0
20180324,06시,경북,영천시,토,중상,차대차,추돌,추돌,안전운전 의무 불이행,남,51-60세,화물차,상해없음,남,41-50세,승용차,상해없음,사업용,화물차,화물차,비사업용,승용차,승용차,고속국도,단일로,기타단일로,맑음,포장,건조,0,1,0,0
20180324,08시,경남,김해시,토,경상,차대차,측면충돌,측면충돌,안전운전 의무 불이행,남,21-30세,승용차,상해없음,남,31-40세,화물차,경상,비사업용,승용차,승용차,비사업용,화물차,화물차,고속국도,단일로,기타단일로,맑음,포장,건조,0,0,2,0
20180324,11시,경기,의왕시,토,경상,차대차,추돌,추돌,안전운전 의무 불이행,남,31-40세,화물차,상해없음,남,31-40세,승용차,경상,비사업용,화물차,화물차,비사업용,승용차,승용차,고속국도,기타,기타,맑음,포장,건조,0,0,5,0
20180324,11시,경기,의왕시,토,중상,차대차,추돌,추돌,안전운전 의무 불이행,남,31-40세,승용차,상해없음,여,31-40세,승용차,경상,비사업용,승용차,승용차,비사업용,승용차,승용차,고속국도,기타,기타,맑음,포장,건조,0,1,2,0
20180324,11시,충남,천안시,토,중상,차대차,추돌,추돌,안전운전 의무 불이행,남,51-60세,승용차,경상,여,31-40세,승합차,중상,비사업용,승용차,승용차,비사업용,버스,버스,고속국도,단일로,기타단일로,맑음,포장,건조,0,3,3,1
20180324,12시,경기,용인시,토,경상,차대차,추돌,추돌,안전운전 의무 불이행,남,31-40세,승용차,상해없음,남,21-30세,승용차,경상,비사업용,승용차,승용차,비사업용,승용차,승용차,고속국도,기타,기타,맑음,포장,건조,0,0,1,0
20180324,12시,충남,공주시,토,중상,차대차,추돌,추돌,과속,남,31-40세,승용차,상해없음,여,41-50세,승용차,경상,비사업용,승용차,승용차,비사업용,승용차,승용차,고속국도,단일로,기타단일로,맑음,포장,건조,0,1,2,0
20180324,15시,경기,의왕시,토,중상,차대차,기타,기타,안전운전 의무 불이행,남,41-50세,화물차,상해없음,남,61-64세,승용차,중상,비사업용,화물차,화물차,비사업용,승용차,승용차,고속국도,단일로,기타단일로,맑음,포장,건조,0,1,1,0
20180324,15시,경기,의정부시,토,중상,차대차,추돌,추돌,안전운전 의무 불이행,남,21-30세,승용차,상해없음,남,21-30세,승용차,경상,비사업용,승용차,승용차,비사업용,승용차,승용차,고속국도,단일로,기타단일로,맑음,포장,건조,0,1,2,0
20180324,19시,경기,의정부시,토,경상,차대차,추돌,추돌,안전운전 의무 불이행,남,41-50세,승용차,상해없음,남,41-50세,승용차,경상,비사업용,승용차,승용차,비사업용,승용차,승용차,고속국도,단일로,기타단일로,맑음,포장,건조,0,0,1,0
20180324,20시,경기,이천시,토,경상,차대차,측면충돌,측면충돌,안전운전 의무 불이행,남,41-50세,화물차,상해없음,남,31-40세,승용차,경상,사업용,화물차,화물차,비사업용,승용차,승용차,고속국도,단일로,기타단일로,맑음,포장,건조,0,0,2,0
20180324,21시,경기,화성시,토,사망,차대차,추돌,추돌,안전운전 의무 불이행,남,31-40세,승용차,사망,남,31-40세,화물차,경상,비사업용,승용차,승용차,비사업용,화물차,화물차,고속국도,단일로,기타단일로,맑음,포장,건조,1,0,3,0
20180325,01시,경남,양산시,일,경상,차대차,측면충돌,측면충돌,안전거리 미확보,남,51-60세,승용차,상해없음,남,51-60세,승용차,경상,비사업용,승용차,승용차,비사업용,승용차,승용차,고속국도,단일로,기타단일로,맑음,포장,건조,0,0,3,0
20180325,03시,경기,의왕시,일,중상,차대차,추돌,추돌,안전운전 의무 불이행,남,41-50세,화물차,상해없음,남,51-60세,승용차,중상,비사업용,화물차,화물차,비사업용,승용차,승용차,고속국도,단일로,기타단일로,맑음,포장,건조,0,1,0,0
20180325,09시,경기,평택시,일,경상,차대차,추돌,추돌,안전운전 의무 불이행,남,21-30세,승용차,상해없음,남,51-60세,승용차,경상,비사업용,승용차,승용차,비사업용,승용차,승용차,고속국도,단일로,기타단일로,맑음,포장,건조,0,0,2,0
20180325,11시,경남,김해시,일,중상,차대차,측면충돌,측면충돌,안전거리 미확보,남,51-60세,승용차,상해없음,남,65세이상,승용차,중상,비사업용,승용차,승용차,비사업용,승용차,승용차,고속국도,단일로,기타단일로,맑음,포장,건조,0,4,1,0
20180325,12시,경기,안성시,일,경상,차대차,기타,기타,안전운전 의무 불이행,남,65세이상,승용차,상해없음,기타불명,불명,불명,기타불명,비사업용,승용차,승용차,불명,불명,불명,고속국도,단일로,기타단일로,맑음,포장,건조,0,0,1,0
20180325,14시,충남,천안시,일,경상,차대차,추돌,추돌,안전운전 의무 불이행,남,41-50세,승용차,상해없음,남,31-40세,승용차,경상,비사업용,승용차,승용차,비사업용,승용차,승용차,고속국도,기타,기타,맑음,포장,건조,0,0,4,0
20180325,17시,경기,하남시,일,경상,차대차,기타,기타,안전거리 미확보,남,41-50세,화물차,상해없음,여,41-50세,승용차,경상,비사업용,화물차,화물차,비사업용,승용차,승용차,고속국도,단일로,기타단일로,맑음,포장,건조,0,0,1,0
20180325,17시,경북,경주시,일,경상,차대차,추돌,추돌,안전운전 의무 불이행,남,21-30세,승용차,상해없음,남,65세이상,승용차,경상,사업용,렌터카,렌터카,비사업용,승용차,승용차,고속국도,단일로,기타단일로,맑음,포장,건조,0,0,2,0
20180325,21시,경기,부천시,일,경상,차대차,추돌,추돌,안전거리 미확보,여,21-30세,승용차,상해없음,남,41-50세,승용차,경상,비사업용,승용차,승용차,비사업용,승용차,승용차,고속국도,단일로,교량위,흐림,포장,건조,0,0,1,0
20180325,21시,경기,안산시,일,경상,차대차,추돌,추돌,안전운전 의무 불이행,남,20세이하,승용차,상해없음,남,31-40세,승용차,경상,비사업용,승용차,승용차,비사업용,승용차,승용차,고속국도,단일로,기타단일로,맑음,포장,건조,0,0,1,0
20180325,22시,경기,안성시,일,경상,차대차,측면충돌,측면충돌,기타,여,31-40세,승용차,상해없음,여,51-60세,승용차,경상,비사업용,승용차,승용차,비사업용,승용차,승용차,고속국도,기타,기타,맑음,포장,건조,0,0,3,0
20180325,22시,인천,부평구,일,중상,차대차,기타,기타,안전거리 미확보,남,31-40세,승용차,상해없음,남,31-40세,승용차,경상,비사업용,승용차,승용차,비사업용,승용차,승용차,고속국도,단일로,교량위,맑음,포장,건조,0,2,1,0
20180326,03시,경기,용인시,월,사망,차대차,추돌,추돌,안전운전 의무 불이행,남,41-50세,화물차,상해없음,남,65세이상,화물차,사망,사업용,화물차,화물차,비사업용,화물차,화물차,고속국도,단일로,기타단일로,안개,포장,젖음/습기,1,0,0,0
20180326,06시,부산,북구,월,경상,차대차,추돌,추돌,안전운전 의무 불이행,남,31-40세,승합차,상해없음,남,31-40세,승용차,경상,비사업용,버스,버스,비사업용,승용차,승용차,고속국도,단일로,기타단일로,맑음,포장,건조,0,0,1,0
20180326,10시,충북,진천군,월,경상,차대차,추돌,추돌,안전거리 미확보,남,21-30세,승용차,상해없음,남,41-50세,승용차,상해없음,사업용,렌터카,렌터카,비사업용,승용차,승용차,고속국도,단일로,기타단일로,맑음,포장,건조,0,0,1,0
20180326,15시,경북,영주시,월,중상,차대차,추돌,추돌,안전운전 의무 불이행,남,41-50세,승용차,중상,남,51-60세,화물차,상해없음,비사업용,승용차,승용차,사업용,화물차,화물차,고속국도,단일로,기타단일로,맑음,포장,건조,0,1,0,0
20180326,16시,경기,평택시,월,사망,차대차,추돌,추돌,안전거리 미확보,남,61-64세,화물차,사망,남,51-60세,화물차,부상신고,사업용,화물차,화물차,사업용,화물차,화물차,고속국도,단일로,기타단일로,맑음,포장,건조,1,0,0,1
20180326,17시,경북,칠곡군,월,중상,차대차,추돌,추돌,안전운전 의무 불이행,남,41-50세,특수차,상해없음,여,41-50세,승용차,중상,사업용,화물차,화물차,비사업용,승용차,승용차,고속국도,단일로,기타단일로,맑음,포장,건조,0,1,0,0
20180326,18시,부산,금정구,월,경상,차대차,추돌,추돌,안전운전 의무 불이행,남,31-40세,승용차,상해없음,여,21-30세,승용차,경상,사업용,렌터카,렌터카,비사업용,승용차,승용차,고속국도,단일로,기타단일로,맑음,포장,건조,0,0,3,0
20180326,19시,경기,여주시,월,중상,차대차,기타,기타,과속,남,51-60세,승용차,상해없음,남,31-40세,승용차,중상,비사업용,승용차,승용차,비사업용,승용차,승용차,고속국도,단일로,기타단일로,맑음,포장,건조,0,1,0,0