발생일,발생시간,발생지_시도,발생지_시군구,요일,사고내용,사고유형_대분류,사고유형_중분류,사고유형,가해자법규위반,가해자성별,가해자연령,가해당사자종별,가해자신체상해정도,피해자성별,피해자연령,피해당사자종별,피해자신체상해정도,가해차량용도_대분류,가해차량용도_중분류,가해차량용도,피해차량용도_대분류,피해차량용도_중분류,피해차량용도,도로종류,도로형태_대분류,도로형태,기상상태,노면상태_대분류,노면상태,사망자수,중상자수,경상자수,부상신고자수
20180424,14시,경기,남양주시,화,중상,차대차,추돌,추돌,안전운전 의무 불이행,남,31-40세,화물차,상해없음,남,65세이상,승용차,경상,비사업용,화물차,화물차,비사업용,승용차,승용차,고속국도,단일로,기타단일로,맑음,포장,건조,0,1,1,0
20180424,15시,경기,안산시,화,경상,차대차,측면충돌,측면충돌,안전거리 미확보,남,65세이상,승용차,상해없음,남,21-30세,승용차,경상,비사업용,승용차,승용차,비사업용,승용차,승용차,고속국도,단일로,교량위,맑음,포장,건조,0,0,2,0
20180424,16시,경기,시흥시,화,경상,차대차,기타,기타,안전거리 미확보,남,51-60세,건설기계,상해없음,남,41-50세,승용차,경상,비사업용,기타/건설기계,기타/건설기계,비사업용,승용차,승용차,고속국도,단일로,기타단일로,맑음,포장,건조,0,0,2,0
20180424,16시,경기,오산시,화,경상,차대차,추돌,추돌,안전운전 의무 불이행,남,21-30세,승용차,상해없음,여,31-40세,승용차,경상,비사업용,승용차,승용차,사업용,렌터카,렌터카,고속국도,단일로,기타단일로,맑음,포장,건조,0,0,1,2
20180424,17시,경기,광명시,화,경상,차대차,측면충돌,측면충돌,기타,남,51-60세,승용차,상해없음,남,51-60세,화물차,경상,비사업용,승용차,승용차,비사업용,화물차,화물차,고속국도,단일로,기타단일로,맑음,포장,건조,0,0,2,0
20180424,18시,경기,수원시,화,경상,차대차,측면충돌,측면충돌,안전운전 의무 불이행,남,61-64세,승용차,상해없음,여,41-50세,승용차,경상,비사업용,승용차,승용차,비사업용,승용차,승용차,고속국도,단일로,기타단일로,맑음,포장,건조,0,0,1,0
20180424,19시,인천,서구,화,경상,차대차,추돌,추돌,안전운전 의무 불이행,남,61-64세,승합차,상해없음,여,31-40세,승용차,경상,사업용,노선버스,시외버스,비사업용,승용차,승용차,고속국도,단일로,기타단일로,맑음,포장,건조,0,0,1,0
20180424,21시,충남,당진시,화,경상,차대차,추돌,추돌,안전운전 의무 불이행,남,31-40세,특수차,상해없음,남,41-50세,화물차,경상,사업용,화물차,화물차,사업용,화물차,화물차,고속국도,단일로,기타단일로,맑음,포장,건조,0,0,1,0
20180424,22시,대구,동구,화,경상,차대차,기타,기타,안전운전 의무 불이행,남,51-60세,화물차,상해없음,남,31-40세,특수차,경상,사업용,화물차,화물차,사업용,위험물운송,위험물운송,고속국도,단일로,기타단일로,맑음,포장,건조,0,0,1,0
20180424,23시,경기,하남시,화,경상,차대차,측면충돌,측면충돌,안전운전 의무 불이행,여,21-30세,승용차,상해없음,여,51-60세,승용차,경상,비사업용,승용차,승용차,비사업용,승용차,승용차,고속국도,단일로,기타단일로,맑음,포장,건조,0,0,1,0
20180425,07시,경기,성남시,수,경상,차대차,추돌,추돌,안전운전 의무 불이행,남,51-60세,화물차,상해없음,남,51-60세,승용차,경상,비사업용,화물차,화물차,사업용,렌터카,렌터카,고속국도,단일로,기타단일로,맑음,포장,건조,0,0,1,0
20180425,10시,경기,용인시,수,경상,차대차,기타,기타,기타,남,65세이상,승용차,상해없음,남,61-64세,화물차,상해없음,비사업용,승용차,승용차,사업용,화물차,화물차,고속국도,단일로,기타단일로,맑음,포장,건조,0,0,2,0
20180425,10시,경기,용인시,수,경상,차대차,기타,기타,안전운전 의무 불이행,남,31-40세,승용차,상해없음,남,41-50세,승용차,경상,사업용,렌터카,렌터카,사업용,렌터카,렌터카,고속국도,단일로,기타단일로,맑음,포장,건조,0,0,1,0
20180425,11시,경기,하남시,수,경상,차대차,기타,기타,안전운전 의무 불이행,남,51-60세,승용차,상해없음,남,41-50세,화물차,경상,비사업용,승용차,승용차,비사업용,화물차,화물차,고속국도,단일로,기타단일로,맑음,포장,건조,0,0,1,0
20180425,17시,경기,성남시,수,경상,차대차,추돌,추돌,안전운전 의무 불이행,남,21-30세,승용차,상해없음,남,41-50세,승용차,경상,사업용,렌터카,렌터카,비사업용,승용차,승용차,고속국도,단일로,기타단일로,맑음,포장,건조,0,0,2,1
20180425,17시,경기,용인시,수,중상,차대차,기타,기타,기타,남,51-60세,승용차,상해없음,여,31-40세,승용차,중상,사업용,렌터카,렌터카,비사업용,승용차,승용차,고속국도,단일로,기타단일로,맑음,포장,건조,0,1,2,0
20180425,18시,경기,용인시,수,경상,차대차,기타,기타,안전운전 의무 불이행,남,41-50세,화물차,상해없음,남,41-50세,화물차,경상,사업용,화물차,화물차,사업용,화물차,화물차,고속국도,단일로,기타단일로,맑음,포장,건조,0,0,3,0
20180425,20시,경기,고양시,수,경상,차대차,측면충돌,측면충돌,안전거리 미확보,남,31-40세,승용차,상해없음,남,51-60세,승용차,경상,비사업용,승용차,승용차,비사업용,승용차,승용차,고속국도,단일로,교량위,맑음,포장,건조,0,0,1,0
20180425,23시,경기,이천시,수,경상,차대차,추돌,추돌,안전운전 의무 불이행,남,31-40세,승용차,상해없음,남,65세이상,승용차,경상,사업용,렌터카,렌터카,비사업용,승용차,승용차,고속국도,단일로,기타단일로,맑음,포장,건조,0,0,1,0
20180426,05시,경남,김해시,목,중상,차대차,추돌,추돌,기타,남,65세이상,화물차,중상,남,31-40세,특수차,중상,사업용,화물차,화물차,사업용,화물차,화물차,고속국도,단일로,기타단일로,맑음,포장,건조,0,2,0,0
20180426,09시,경기,구리시,목,경상,차대차,측면충돌,측면충돌,안전운전 의무 불이행,여,31-40세,승용차,경상,남,41-50세,특수차,상해없음,비사업용,승용차,승용차,사업용,화물차,화물차,고속국도,단일로,기타단일로,맑음,포장,건조,0,0,1,0
20180426,11시,전남,순천시,목,중상,차대차,추돌,추돌,안전운전 의무 불이행,남,31-40세,특수차,상해없음,남,51-60세,승용차,경상,사업용,화물차,화물차,비사업용,승용차,승용차,고속국도,단일로,기타단일로,맑음,포장,건조,0,1,2,0
20180426,16시,경북,성주군,목,경상,차대차,측면충돌,측면충돌,안전운전 의무 불이행,남,51-60세,특수차,상해없음,여,51-60세,승용차,경상,사업용,화물차,화물차,사업용,렌터카,렌터카,고속국도,단일로,기타단일로,맑음,포장,건조,0,0,1,0
20180426,16시,인천,미추홀구,목,경상,차대차,측면충돌,측면충돌,안전거리 미확보,남,61-64세,특수차,상해없음,여,21-30세,승용차,경상,사업용,화물차,화물차,비사업용,승용차,승용차,고속국도,단일로,교량위,맑음,포장,건조,0,0,2,0
20180426,18시,충북,괴산군,목,사망,차대차,추돌,추돌,안전운전 의무 불이행,남,51-60세,화물차,사망,남,41-50세,화물차,중상,사업용,화물차,화물차,사업용,화물차,화물차,고속국도,단일로,터널안,맑음,포장,건조,1,1,8,0
20180427,05시,인천,계양구,금,경상,차대차,측면충돌,측면충돌,안전거리 미확보,남,21-30세,승용차,상해없음,남,51-60세,승용차,경상,비사업용,승용차,승용차,비사업용,승용차,승용차,고속국도,단일로,기타단일로,맑음,포장,건조,0,0,2,0
20180427,07시,경기,성남시,금,경상,차대차,측면충돌,측면충돌,안전거리 미확보,남,51-60세,화물차,상해없음,남,51-60세,승용차,경상,사업용,화물차,화물차,비사업용,승용차,승용차,고속국도,단일로,기타단일로,맑음,포장,건조,0,0,1,0
20180427,14시,경기,광주시,금,부상신고,차대차,추돌,추돌,안전운전 의무 불이행,남,41-50세,승합차,상해없음,남,41-50세,승합차,부상신고,사업용,전세버스,전세버스,사업용,전세버스,전세버스,고속국도,단일로,터널안,맑음,포장,건조,0,0,0,37
20180427,15시,경기,화성시,금,경상,차대차,측면충돌,측면충돌,안전거리 미확보,기타불명,불명,불명,기타불명,남,41-50세,화물차,경상,불명,불명,불명,사업용,화물차,화물차,고속국도,단일로,기타단일로,맑음,포장,건조,0,0,1,0
20180427,15시,경북,상주시,금,사망,차대차,추돌,추돌,안전운전 의무 불이행,남,61-64세,승합차,상해없음,여,41-50세,승용차,중상,사업용,노선버스,시외버스,비사업용,승용차,승용차,고속국도,단일로,기타단일로,맑음,포장,건조,1,2,7,0
20180427,16시,경남,김해시,금,경상,차대차,추돌,추돌,안전거리 미확보,여,51-60세,승용차,상해없음,남,31-40세,화물차,경상,비사업용,승용차,승용차,비사업용,화물차,화물차,고속국도,단일로,기타단일로,맑음,포장,건조,0,0,1,0
20180427,16시,경북,상주시,금,경상,차대차,추돌,추돌,안전운전 의무 불이행,남,31-40세,화물차,상해없음,남,41-50세,승용차,경상,비사업용,화물차,화물차,비사업용,승용차,승용차,고속국도,단일로,기타단일로,맑음,포장,건조,0,0,1,0
20180427,17시,충북,증평군,금,경상,차대차,추돌,추돌,안전운전 의무 불이행,기타불명,불명,화물차,기타불명,남,65세이상,화물차,경상,비사업용,화물차,화물차,비사업용,화물차,화물차,고속국도,기타,기타,맑음,포장,건조,0,0,2,0
20180428,02시,광주,북구,토,경상,차대차,기타,기타,안전운전 의무 불이행,남,21-30세,승용차,상해없음,남,51-60세,승용차,경상,비사업용,승용차,승용차,비사업용,승용차,승용차,고속국도,단일로,기타단일로,맑음,포장,건조,0,0,2,0
20180428,07시,경기,용인시,토,사망,차대차,기타,기타,안전운전 의무 불이행,남,31-40세,승용차,사망,남,21-30세,승합차,중상,비사업용,승용차,승용차,사업용,전세버스,전세버스,고속국도,단일로,기타단일로,맑음,포장,건조,1,4,0,0
20180428,08시,경기,평택시,토,경상,차대차,기타,기타,안전운전 의무 불이행,남,41-50세,건설기계,상해없음,남,51-60세,승합차,부상신고,비사업용,기타/건설기계,기타/건설기계,사업용,노선버스,고속버스,고속국도,단일로,기타단일로,맑음,포장,건조,0,0,3,22
20180428,10시,경기,용인시,토,중상,차대차,추돌,추돌,안전운전 의무 불이행,남,41-50세,승용차,상해없음,남,21-30세,승용차,경상,비사업용,승용차,승용차,비사업용,승용차,승용차,고속국도,단일로,기타단일로,맑음,포장,건조,0,1,3,0
20180428,11시,경기,성남시,토,경상,차대차,기타,기타,안전거리 미확보,남,51-60세,승용차,상해없음,남,31-40세,화물차,상해없음,비사업용,승용차,승용차,비사업용,화물차,화물차,고속국도,단일로,기타단일로,맑음,포장,건조,0,0,1,1
20180428,11시,경기,안산시,토,중상,차대차,추돌,추돌,안전운전 의무 불이행,남,21-30세,화물차,상해없음,남,51-60세,화물차,경상,비사업용,화물차,화물차,비사업용,화물차,화물차,고속국도,단일로,기타단일로,맑음,포장,건조,0,3,3,0
20180428,11시,경기,이천시,토,중상,차대차,측면충돌,측면충돌,안전운전 의무 불이행,남,31-40세,승용차,경상,남,65세이상,승용차,경상,사업용,렌터카,렌터카,비사업용,승용차,승용차,고속국도,단일로,기타단일로,맑음,포장,건조,0,1,7,0
20180428,14시,경기,군포시,토,경상,차대차,추돌,추돌,안전운전 의무 불이행,남,31-40세,승용차,상해없음,남,31-40세,승용차,경상,비사업용,승용차,승용차,비사업용,승용차,승용차,고속국도,단일로,터널안,맑음,포장,건조,0,0,1,0
20180428,15시,경기,이천시,토,사망,차대차,추돌,추돌,안전운전 의무 불이행,남,65세이상,화물차,사망,여,41-50세,화물차,경상,비사업용,화물차,화물차,비사업용,화물차,화물차,고속국도,단일로,기타단일로,맑음,포장,건조,1,0,4,0
20180428,16시,경기,군포시,토,경상,차대차,추돌,추돌,안전운전 의무 불이행,남,51-60세,승용차,상해없음,남,21-30세,승용차,상해없음,사업용,렌터카,렌터카,비사업용,승용차,승용차,고속국도,단일로,기타단일로,맑음,포장,건조,0,0,1,0
20180428,19시,충남,천안시,토,경상,차대차,측면충돌,측면충돌,안전운전 의무 불이행,여,41-50세,승용차,상해없음,남,65세이상,승합차,경상,비사업용,승용차,승용차,사업용,전세버스,전세버스,고속국도,기타,기타,맑음,포장,건조,0,0,3,0
20180428,20시,경기,시흥시,토,경상,차대차,추돌,추돌,안전운전 의무 불이행,남,41-50세,승용차,상해없음,여,41-50세,승용차,경상,비사업용,승용차,승용차,비사업용,승용차,승용차,고속국도,단일로,기타단일로,맑음,포장,건조,0,0,3,0
20180429,04시,경기,용인시,일,경상,차대차,추돌,추돌,안전운전 의무 불이행,남,41-50세,승용차,상해없음,남,51-60세,승용차,경상,비사업용,승용차,승용차,비사업용,승용차,승용차,고속국도,단일로,기타단일로,맑음,포장,건조,0,0,1,0
20180429,04시,경기,용인시,일,중상,차대차,추돌,추돌,안전운전 의무 불이행,남,21-30세,승용차,중상,남,41-50세,승용차,중상,비사업용,승용차,승용차,비사업용,승용차,승용차,고속국도,단일로,기타단일로,맑음,포장,건조,0,2,2,0
20180429,04시,충남,당진시,일,중상,차대차,추돌,추돌,안전운전 의무 불이행,남,51-60세,화물차,중상,남,65세이상,승용차,중상,비사업용,화물차,화물차,비사업용,승용차,승용차,고속국도,단일로,기타단일로,맑음,포장,건조,0,3,1,0
20180429,09시,경기,의왕시,일,부상신고,차대차,기타,기타,안전운전 의무 불이행,남,51-60세,건설기계,상해없음,여,41-50세,승용차,부상신고,비사업용,기타/건설기계,기타/건설기계,비사업용,승용차,승용차,고속국도,단일로,기타단일로,맑음,포장,건조,0,0,0,4
20180429,10시,전북,익산시,일,경상,차대사람,기타,기타,안전운전 의무 불이행,여,61-64세,승용차,상해없음,여,51-60세,보행자,경상,비사업용,승용차,승용차,보행자,보행자,보행자,고속국도,기타,기타,맑음,포장,건조,0,0,1,0
20180429,11시,경기,화성시,일,경상,차대차,기타,기타,기타,남,51-60세,특수차,상해없음,남,41-50세,승용차,상해없음,사업용,화물차,화물차,비사업용,승용차,승용차,고속국도,단일로,기타단일로,맑음,포장,건조,0,0,1,0
20180429,15시,경기,여주시,일,중상,차대차,추돌,추돌,안전거리 미확보,남,41-50세,승용차,상해없음,남,61-64세,승용차,경상,비사업용,승용차,승용차,비사업용,승용차,승용차,고속국도,단일로,기타단일로,맑음,포장,건조,0,1,1,0
20180429,15시,대구,동구,일,경상,차대차,기타,기타,안전운전 의무 불이행,남,41-50세,승용차,경상,남,41-50세,승용차,상해없음,비사업용,승용차,승용차,비사업용,승용차,승용차,고속국도,단일로,기타단일로,맑음,포장,건조,0,0,4,0
20180429,18시,경기,성남시,일,경상,차대차,기타,기타,안전운전 의무 불이행,여,51-60세,승용차,상해없음,남,31-40세,승용차,상해없음,비사업용,승용차,승용차,비사업용,승용차,승용차,고속국도,단일로,기타단일로,맑음,포장,건조,0,0,4,0
20180430,04시,경기,고양시,월,중상,차대차,기타,기타,중앙선 침범,남,21-30세,승용차,상해없음,남,61-64세,승용차,상해없음,비사업용,승용차,승용차,비사업용,승용차,승용차,고속국도,단일로,기타단일로,맑음,포장,건조,0,2,1,0
20180430,05시,경기,성남시,월,경상,차대차,측면충돌,측면충돌,안전거리 미확보,남,21-30세,화물차,상해없음,여,41-50세,승용차,경상,비사업용,화물차,화물차,비사업용,승용차,승용차,고속국도,단일로,기타단일로,맑음,포장,건조,0,0,1,0
20180430,08시,경기,시흥시,월,경상,차대차,추돌,추돌,안전운전 의무 불이행,남,20세이하,승용차,기타불명,남,41-50세,화물차,경상,사업용,렌터카,렌터카,비사업용,화물차,화물차,고속국도,단일로,교량위,맑음,포장,건조,0,0,2,0
20180430,11시,강원,동해시,월,부상신고,차대차,추돌,추돌,안전운전 의무 불이행,남,21-30세,승용차,상해없음,여,31-40세,승용차,부상신고,비사업용,승용차,승용차,비사업용,승용차,승용차,고속국도,기타,기타,맑음,포장,건조,0,0,0,2
20180430,11시,강원,홍천군,월,중상,차대차,추돌,추돌,안전거리 미확보,남,21-30세,화물차,상해없음,여,31-40세,승용차,상해없음,비사업용,화물차,화물차,비사업용,승용차,승용차,고속국도,단일로,터널안,맑음,포장,건조,0,1,0,0
20180430,12시,대구,북구,월,경상,차대차,기타,기타,안전운전 의무 불이행,남,41-50세,승용차,상해없음,남,31-40세,승용차,경상,비사업용,승용차,승용차,비사업용,승용차,승용차,고속국도,단일로,기타단일로,맑음,포장,건조,0,0,2,0
20180430,13시,경기,수원시,월,부상신고,차대차,측면충돌,측면충돌,안전운전 의무 불이행,남,51-60세,승합차,상해없음,남,41-50세,화물차,부상신고,사업용,전세버스,전세버스,사업용,화물차,화물차,고속국도,단일로,기타단일로,맑음,포장,건조,0,0,0,3
20180430,13시,경기,평택시,월,경상,차대차,측면충돌,측면충돌,기타,남,61-64세,화물차,상해없음,남,41-50세,화물차,경상,사업용,화물차,화물차,사업용,화물차,화물차,고속국도,단일로,기타단일로,맑음,포장,건조,0,0,1,0
20180430,13시,경남,함안군,월,중상,차대차,측면충돌,측면충돌,안전운전 의무 불이행,여,41-50세,승용차,경상,남,51-60세,화물차,경상,비사업용,승용차,승용차,사업용,화물차,화물차,고속국도,단일로,기타단일로,맑음,포장,건조,0,2,2,0
20180430,13시,경북,칠곡군,월,경상,차대차,기타,기타,안전운전 의무 불이행,남,51-60세,화물차,상해없음,남,51-60세,승용차,경상,비사업용,화물차,화물차,비사업용,승용차,승용차,고속국도,기타,기타,맑음,포장,건조,0,0,1,0
20180430,13시,서울,강동구,월,중상,차대차,기타,기타,안전운전 의무 불이행,여,31-40세,승용차,중상,남,51-60세,화물차,경상,사업용,렌터카,렌터카,사업용,화물차,화물차,고속국도,단일로,기타단일로,맑음,포장,건조,0,1,1,1
20180430,16시,경기,성남시,월,경상,차대차,기타,기타,안전운전 의무 불이행,남,31-40세,승용차,상해없음,남,31-40세,승용차,경상,비사업용,승용차,승용차,비사업용,승용차,승용차,고속국도,단일로,기타단일로,맑음,포장,건조,0,0,2,0
20180430,17시,경기,성남시,월,경상,차대차,추돌,추돌,안전운전 의무 불이행,남,31-40세,승용차,상해없음,남,31-40세,승용차,경상,비사업용,승용차,승용차,비사업용,승용차,승용차,고속국도,단일로,기타단일로,맑음,포장,건조,0,0,2,3
20180430,17시,경기,안성시,월,중상,차대차,기타,기타,안전운전 의무 불이행,남,51-60세,화물차,상해없음,남,61-64세,화물차,중상,비사업용,화물차,화물차,비사업용,화물차,화물차,고속국도,단일로,기타단일로,맑음,포장,건조,0,2,0,0
20180430,19시,경기,평택시,월,경상,차대차,추돌,추돌,안전운전 의무 불이행,남,41-50세,승용차,상해없음,남,41-50세,승용차,부상신고,비사업용,승용차,승용차,사업용,렌터카,렌터카,고속국도,단일로,기타단일로,맑음,포장,건조,0,0,2,2
20180430,19시,인천,계양구,월,중상,차대차,추돌,추돌,안전운전 의무 불이행,남,61-64세,승용차,상해없음,남,51-60세,화물차,경상,사업용,택시,법인택시,비사업용,화물차,화물차,고속국도,단일로,기타단일로,맑음,포장,건조,0,1,3,0
20180430,21시,인천,부평구,월,경상,차대차,추돌,추돌,안전운전 의무 불이행,남,51-60세,승용차,상해없음,남,41-50세,승용차,경상,비사업용,승용차,승용차,사업용,렌터카,렌터카,고속국도,단일로,교량위,맑음,포장,건조,0,0,1,0
20180501,10시,충남,천안시,화,경상,차대차,추돌,추돌,안전운전 의무 불이행,여,21-30세,승용차,상해없음,남,41-50세,승용차,경상,비사업용,승용차,승용차,비사업용,승용차,승용차,고속국도,단일로,기타단일로,맑음,포장,건조,0,0,4,0
20180501,11시,서울,노원구,화,부상신고,차량단독,기타,기타,안전운전 의무 불이행,남,41-50세,화물차,부상신고,없음,불명,없음,없음,비사업용,화물차,화물차,없음,없음,없음,고속국도,단일로,터널안,맑음,포장,건조,0,0,0,1
20180501,11시,인천,부평구,화,경상,차대차,측면충돌,측면충돌,안전거리 미확보,남,61-64세,승용차,상해없음,여,31-40세,승용차,경상,비사업용,승용차,승용차,비사업용,승용차,승용차,고속국도,단일로,기타단일로,흐림,포장,건조,0,0,1,0
20180501,12시,서울,강동구,화,경상,차대차,추돌,추돌,안전운전 의무 불이행,남,51-60세,승용차,상해없음,여,41-50세,승용차,경상,비사업용,승용차,승용차,비사업용,승용차,승용차,고속국도,기타,기타,맑음,포장,건조,0,0,4,0
20180501,15시,경기,고양시,화,경상,차대차,추돌,추돌,안전운전 의무 불이행,남,51-60세,화물차,상해없음,남,51-60세,화물차,경상,비사업용,화물차,화물차,비사업용,화물차,화물차,고속국도,단일로,기타단일로,맑음,포장,건조,0,0,1,0
20180501,15시,인천,남동구,화,경상,차대차,측면충돌,측면충돌,안전거리 미확보,남,21-30세,화물차,상해없음,여,51-60세,승용차,경상,비사업용,화물차,화물차,비사업용,승용차,승용차,고속국도,단일로,기타단일로,맑음,포장,건조,0,0,3,0
20180501,17시,충북,충주시,화,경상,차대차,기타,기타,안전거리 미확보,남,51-60세,승용차,경상,남,61-64세,화물차,경상,비사업용,승용차,승용차,비사업용,화물차,화물차,고속국도,단일로,기타단일로,맑음,포장,건조,0,0,5,1
20180501,18시,강원,춘천시,화,경상,차대차,추돌,추돌,안전운전 의무 불이행,여,41-50세,승용차,상해없음,여,51-60세,승용차,경상,사업용,렌터카,렌터카,비사업용,승용차,승용차,고속국도,기타,기타,맑음,포장,건조,0,0,1,0
20180502,06시,강원,춘천시,수,경상,차량단독,기타,기타,안전운전 의무 불이행,남,20세이하,승용차,상해없음,없음,불명,없음,없음,비사업용,승용차,승용차,없음,없음,없음,고속국도,단일로,기타단일로,비,포장,젖음/습기,0,0,2,0
20180502,07시,경기,성남시,수,중상,차대차,추돌,추돌,안전거리 미확보,남,41-50세,화물차,상해없음,남,51-60세,승합차,상해없음,비사업용,화물차,화물차,사업용,전세버스,전세버스,고속국도,단일로,기타단일로,비,포장,젖음/습기,0,1,2,0
20180502,10시,경기,구리시,수,경상,차대차,측면충돌,측면충돌,안전운전 의무 불이행,남,41-50세,화물차,상해없음,남,31-40세,승용차,경상,사업용,화물차,화물차,비사업용,승용차,승용차,고속국도,단일로,기타단일로,맑음,포장,건조,0,0,1,0
20180502,13시,경기,용인시,수,경상,차대차,측면충돌,측면충돌,안전거리 미확보,남,65세이상,승용차,상해없음,남,21-30세,화물차,경상,비사업용,승용차,승용차,사업용,화물차,화물차,고속국도,단일로,기타단일로,비,포장,젖음/습기,0,0,1,0
20180502,23시,경기,성남시,수,경상,차대차,기타,기타,안전운전 의무 불이행,기타불명,불명,불명,기타불명,남,31-40세,승용차,경상,불명,불명,불명,비사업용,승용차,승용차,고속국도,단일로,기타단일로,비,포장,젖음/습기,0,0,1,0
20180503,01시,경북,경주시,목,경상,차대차,측면충돌,측면충돌,안전거리 미확보,남,41-50세,승용차,경상,여,41-50세,승용차,경상,비사업용,승용차,승용차,비사업용,승용차,승용차,고속국도,단일로,기타단일로,맑음,포장,건조,0,0,3,0
20180503,04시,경남,김해시,목,경상,차대차,측면충돌,측면충돌,안전운전 의무 불이행,남,51-60세,건설기계,상해없음,남,21-30세,승용차,경상,비사업용,기타/건설기계,기타/건설기계,비사업용,승용차,승용차,고속국도,단일로,기타단일로,맑음,포장,건조,0,0,1,0
20180503,06시,경기,하남시,목,중상,차대차,측면충돌,측면충돌,안전거리 미확보,남,51-60세,화물차,상해없음,남,61-64세,승용차,중상,사업용,화물차,화물차,비사업용,승용차,승용차,고속국도,단일로,기타단일로,맑음,포장,건조,0,2,1,0
20180503,07시,경기,하남시,목,경상,차대차,추돌,추돌,안전운전 의무 불이행,남,31-40세,화물차,상해없음,남,31-40세,승용차,경상,비사업용,화물차,화물차,사업용,렌터카,렌터카,고속국도,단일로,기타단일로,맑음,포장,건조,0,0,1,0
20180503,09시,경기,시흥시,목,중상,차대차,추돌,추돌,안전거리 미확보,남,31-40세,화물차,상해없음,남,41-50세,승용차,중상,사업용,화물차,화물차,비사업용,승용차,승용차,고속국도,단일로,교량위,맑음,포장,건조,0,2,0,0
20180503,13시,경기,남양주시,목,중상,차대차,기타,기타,안전운전 의무 불이행,남,31-40세,화물차,상해없음,남,31-40세,건설기계,경상,사업용,화물차,화물차,사업용,기타/건설기계,기타/건설기계,고속국도,단일로,기타단일로,맑음,포장,건조,0,1,1,3
20180503,15시,대전,유성구,목,중상,차량단독,기타,기타,안전운전 의무 불이행,남,51-60세,승합차,상해없음,없음,불명,없음,없음,사업용,전세버스,전세버스,없음,없음,없음,고속국도,단일로,기타단일로,맑음,포장,건조,0,1,0,0
20180503,16시,경기,광주시,목,경상,차대차,기타,기타,안전운전 의무 불이행,남,51-60세,승용차,상해없음,남,31-40세,승용차,경상,비사업용,승용차,승용차,사업용,렌터카,렌터카,고속국도,단일로,기타단일로,비,포장,젖음/습기,0,0,3,0
20180503,18시,경기,용인시,목,경상,차대차,기타,기타,안전운전 의무 불이행,여,51-60세,승용차,상해없음,남,41-50세,승합차,경상,비사업용,승용차,승용차,사업용,노선버스,시외버스,고속국도,단일로,기타단일로,맑음,포장,건조,0,0,4,2
20180503,19시,경기,평택시,목,중상,차대차,기타,기타,안전운전 의무 불이행,남,51-60세,화물차,상해없음,여,31-40세,승용차,중상,사업용,화물차,화물차,비사업용,승용차,승용차,고속국도,단일로,기타단일로,맑음,포장,건조,0,1,0,0
20180503,20시,충북,괴산군,목,경상,차대차,측면충돌,측면충돌,안전거리 미확보,남,61-64세,승용차,상해없음,남,21-30세,승용차,경상,비사업용,승용차,승용차,비사업용,승용차,승용차,고속국도,단일로,기타단일로,맑음,포장,건조,0,0,1,0
20180504,06시,경기,평택시,금,중상,차대차,기타,기타,안전운전 의무 불이행,남,31-40세,화물차,상해없음,남,41-50세,승용차,중상,사업용,화물차,화물차,비사업용,승용차,승용차,고속국도,단일로,기타단일로,맑음,포장,건조,0,1,0,0
20180504,07시,경기,여주시,금,부상신고,차대차,측면충돌,측면충돌,안전거리 미확보,남,65세이상,특수차,상해없음,남,31-40세,기타,부상신고,사업용,화물차,화물차,기타,기타,기타,고속국도,단일로,기타단일로,맑음,포장,건조,0,0,0,1
20180504,08시,경기,안성시,금,경상,차대차,기타,기타,안전운전 의무 불이행,남,61-64세,승용차,상해없음,여,31-40세,승용차,경상,비사업용,승용차,승용차,비사업용,승용차,승용차,고속국도,단일로,기타단일로,맑음,포장,건조,0,0,1,0
20180504,08시,인천,부평구,금,경상,차대차,추돌,추돌,안전운전 의무 불이행,남,65세이상,승용차,상해없음,남,21-30세,승용차,경상,사업용,택시,법인택시,비사업용,승용차,승용차,고속국도,단일로,교량위,맑음,포장,건조,0,0,1,0
20180504,09시,서울,송파구,금,중상,차대차,측면충돌,측면충돌,안전운전 의무 불이행,남,41-50세,승합차,상해없음,남,61-64세,건설기계,중상,사업용,전세버스,전세버스,사업용,기타/건설기계,기타/건설기계,고속국도,단일로,기타단일로,맑음,포장,건조,0,1,0,0
20180504,09시,충남,천안시,금,경상,차대차,기타,기타,안전운전 의무 불이행,남,41-50세,화물차,상해없음,여,51-60세,승용차,경상,비사업용,화물차,화물차,비사업용,승용차,승용차,고속국도,단일로,터널안,맑음,포장,건조,0,0,2,0
20180504,10시,경기,용인시,금,경상,차대차,측면충돌,측면충돌,안전운전 의무 불이행,남,41-50세,특수차,상해없음,남,41-50세,승용차,경상,사업용,화물차,화물차,비사업용,승용차,승용차,고속국도,단일로,기타단일로,맑음,포장,건조,0,0,1,0
20180504,10시,대전,유성구,금,사망,차량단독,공작물충돌,공작물충돌,안전운전 의무 불이행,여,65세이상,승용차,사망,없음,불명,없음,없음,비사업용,승용차,승용차,없음,없음,없음,고속국도,단일로,기타단일로,맑음,포장,건조,2,0,0,0
20180504,13시,충남,서천군,금,경상,차대차,추돌,추돌,안전운전 의무 불이행,남,65세이상,승용차,상해없음,남,31-40세,승용차,경상,비사업용,승용차,승용차,비사업용,승용차,승용차,고속국도,단일로,기타단일로,맑음,포장,건조,0,0,3,0
20180504,14시,경기,안성시,금,경상,차대차,추돌,추돌,안전운전 의무 불이행,남,51-60세,화물차,상해없음,남,41-50세,승용차,경상,사업용,화물차,화물차,비사업용,승용차,승용차,고속국도,단일로,기타단일로,맑음,포장,건조,0,0,2,0