발생일,발생시간,발생지_시도,발생지_시군구,요일,사고내용,사고유형_대분류,사고유형_중분류,사고유형,가해자법규위반,가해자성별,가해자연령,가해당사자종별,가해자신체상해정도,피해자성별,피해자연령,피해당사자종별,피해자신체상해정도,가해차량용도_대분류,가해차량용도_중분류,가해차량용도,피해차량용도_대분류,피해차량용도_중분류,피해차량용도,도로종류,도로형태_대분류,도로형태,기상상태,노면상태_대분류,노면상태,사망자수,중상자수,경상자수,부상신고자수
20180504,16시,경기,안산시,금,경상,차대차,측면충돌,측면충돌,안전거리 미확보,남,65세이상,화물차,상해없음,남,31-40세,승용차,경상,사업용,화물차,화물차,사업용,렌터카,렌터카,고속국도,단일로,기타단일로,맑음,포장,건조,0,0,1,0
20180504,17시,충남,공주시,금,경상,차대차,기타,기타,안전운전 의무 불이행,여,41-50세,승용차,상해없음,여,41-50세,승용차,경상,비사업용,승용차,승용차,비사업용,승용차,승용차,고속국도,단일로,기타단일로,맑음,포장,건조,0,0,3,0
20180504,17시,충남,청양군,금,사망,차량단독,공작물충돌,공작물충돌,안전운전 의무 불이행,남,65세이상,승용차,상해없음,없음,불명,없음,없음,비사업용,승용차,승용차,없음,없음,없음,고속국도,단일로,기타단일로,맑음,포장,건조,1,0,0,0
20180504,19시,경남,함양군,금,경상,차대차,추돌,추돌,기타,남,65세이상,승용차,상해없음,남,20세이하,승용차,경상,비사업용,승용차,승용차,비사업용,승용차,승용차,고속국도,단일로,터널안,맑음,포장,건조,0,0,4,0
20180504,21시,경기,오산시,금,경상,차대차,후진중충돌,후진중충돌,안전운전 의무 불이행,남,41-50세,승용차,상해없음,남,31-40세,승용차,경상,비사업용,승용차,승용차,비사업용,승용차,승용차,고속국도,기타,기타,맑음,포장,건조,0,0,1,0
20180504,21시,대전,동구,금,경상,차대차,기타,기타,안전운전 의무 불이행,남,51-60세,승용차,상해없음,남,61-64세,승용차,경상,비사업용,승용차,승용차,비사업용,승용차,승용차,고속국도,단일로,기타단일로,맑음,포장,건조,0,0,1,0
20180505,02시,경기,화성시,토,경상,차대차,기타,기타,안전운전 의무 불이행,남,21-30세,승용차,상해없음,남,41-50세,승용차,경상,사업용,렌터카,렌터카,비사업용,승용차,승용차,고속국도,기타,기타,맑음,포장,건조,0,0,2,0
20180505,05시,경남,김해시,토,중상,차대차,추돌,추돌,안전운전 의무 불이행,남,21-30세,승용차,상해없음,남,31-40세,화물차,중상,비사업용,승용차,승용차,비사업용,화물차,화물차,고속국도,단일로,기타단일로,맑음,포장,건조,0,1,0,0
20180505,06시,경기,성남시,토,경상,차대차,측면충돌,측면충돌,안전운전 의무 불이행,남,21-30세,승용차,상해없음,남,31-40세,승용차,상해없음,비사업용,승용차,승용차,비사업용,승용차,승용차,고속국도,기타,기타,맑음,포장,건조,0,0,3,0
20180505,10시,강원,원주시,토,경상,차대차,추돌,추돌,안전거리 미확보,남,51-60세,승용차,상해없음,남,41-50세,승용차,경상,비사업용,승용차,승용차,비사업용,승용차,승용차,고속국도,단일로,기타단일로,맑음,포장,건조,0,0,1,0
20180505,10시,경기,안성시,토,중상,차대차,측면충돌,측면충돌,안전거리 미확보,남,51-60세,건설기계,상해없음,남,31-40세,승용차,경상,비사업용,기타/건설기계,기타/건설기계,비사업용,승용차,승용차,고속국도,단일로,기타단일로,맑음,포장,건조,0,1,1,0
20180505,10시,경기,하남시,토,경상,차대차,기타,기타,안전운전 의무 불이행,남,21-30세,승용차,상해없음,남,65세이상,승용차,상해없음,비사업용,승용차,승용차,비사업용,승용차,승용차,고속국도,단일로,기타단일로,맑음,포장,건조,0,0,1,0
20180505,11시,경기,오산시,토,경상,차대차,기타,기타,안전거리 미확보,남,21-30세,승용차,상해없음,남,41-50세,승용차,경상,비사업용,승용차,승용차,비사업용,승용차,승용차,고속국도,단일로,기타단일로,맑음,포장,건조,0,0,2,0
20180505,11시,경북,상주시,토,중상,차대차,기타,기타,안전운전 의무 불이행,남,65세이상,승용차,상해없음,남,41-50세,승용차,중상,비사업용,승용차,승용차,비사업용,승용차,승용차,고속국도,단일로,기타단일로,맑음,포장,건조,0,1,0,0
20180505,11시,충남,서천군,토,경상,차대차,추돌,추돌,안전운전 의무 불이행,남,21-30세,승용차,상해없음,남,21-30세,승용차,경상,비사업용,승용차,승용차,비사업용,승용차,승용차,고속국도,단일로,기타단일로,맑음,포장,건조,0,0,4,0
20180505,12시,세종,세종시,토,경상,차대차,기타,기타,기타,남,41-50세,승용차,상해없음,남,41-50세,승용차,경상,비사업용,승용차,승용차,비사업용,승용차,승용차,고속국도,기타,기타,맑음,포장,건조,0,0,2,0
20180505,13시,경기,용인시,토,중상,차대차,기타,기타,안전운전 의무 불이행,남,31-40세,승용차,상해없음,남,41-50세,승합차,경상,비사업용,승용차,승용차,사업용,노선버스,시내버스,고속국도,단일로,기타단일로,맑음,포장,건조,0,1,5,0
20180505,14시,경기,용인시,토,중상,차대차,추돌,추돌,안전거리 미확보,남,21-30세,승용차,상해없음,남,41-50세,승용차,경상,비사업용,승용차,승용차,비사업용,승용차,승용차,고속국도,단일로,기타단일로,맑음,포장,건조,0,2,2,0
20180505,15시,경기,화성시,토,경상,차대차,추돌,추돌,안전운전 의무 불이행,남,31-40세,화물차,상해없음,남,31-40세,승용차,경상,사업용,화물차,화물차,비사업용,승용차,승용차,고속국도,단일로,기타단일로,맑음,포장,건조,0,0,3,0
20180505,16시,경기,평택시,토,경상,차대차,기타,기타,안전운전 의무 불이행,남,51-60세,승용차,상해없음,남,31-40세,특수차,경상,비사업용,승용차,승용차,사업용,화물차,화물차,고속국도,단일로,기타단일로,맑음,포장,건조,0,0,2,0
20180505,16시,경남,함양군,토,중상,차대차,측면충돌,측면충돌,안전운전 의무 불이행,남,51-60세,승용차,상해없음,남,51-60세,승용차,경상,비사업용,승용차,승용차,비사업용,승용차,승용차,고속국도,단일로,기타단일로,맑음,포장,건조,0,1,6,0
20180505,16시,광주,북구,토,경상,차대차,측면충돌,측면충돌,기타,남,41-50세,승용차,경상,남,65세이상,화물차,경상,비사업용,승용차,승용차,비사업용,화물차,화물차,고속국도,단일로,기타단일로,맑음,포장,건조,0,0,5,0
20180505,16시,충북,단양군,토,경상,차대차,측면충돌,측면충돌,안전운전 의무 불이행,남,41-50세,승용차,상해없음,남,31-40세,승용차,경상,비사업용,승용차,승용차,비사업용,승용차,승용차,고속국도,단일로,기타단일로,맑음,포장,건조,0,0,1,0
20180505,17시,경기,평택시,토,경상,차대차,기타,기타,안전운전 의무 불이행,남,65세이상,승용차,상해없음,남,31-40세,특수차,경상,비사업용,승용차,승용차,사업용,화물차,화물차,고속국도,단일로,기타단일로,맑음,포장,건조,0,0,1,0
20180505,19시,대구,수성구,토,경상,차대차,기타,기타,안전운전 의무 불이행,남,61-64세,승용차,상해없음,남,21-30세,승용차,경상,비사업용,승용차,승용차,사업용,렌터카,렌터카,고속국도,단일로,기타단일로,맑음,포장,건조,0,0,2,0
20180505,20시,인천,부평구,토,경상,차대차,추돌,추돌,안전거리 미확보,남,41-50세,승용차,상해없음,남,31-40세,승용차,경상,비사업용,승용차,승용차,비사업용,승용차,승용차,고속국도,단일로,교량위,맑음,포장,건조,0,0,1,1
20180505,21시,경기,의왕시,토,중상,차대차,추돌,추돌,안전운전 의무 불이행,남,65세이상,승용차,상해없음,남,41-50세,승용차,중상,비사업용,승용차,승용차,비사업용,승용차,승용차,고속국도,단일로,기타단일로,맑음,포장,건조,0,2,0,0
20180506,00시,경기,부천시,일,부상신고,차대차,측면충돌,측면충돌,기타,기타불명,불명,불명,기타불명,남,31-40세,승용차,부상신고,불명,불명,불명,비사업용,승용차,승용차,고속국도,단일로,기타단일로,비,포장,젖음/습기,0,0,0,1
20180506,00시,경기,용인시,일,중상,차대차,측면충돌,측면충돌,안전거리 미확보,남,21-30세,승용차,상해없음,남,21-30세,승용차,중상,비사업용,승용차,승용차,비사업용,승용차,승용차,고속국도,단일로,기타단일로,비,포장,젖음/습기,0,1,0,0
20180506,01시,경기,용인시,일,경상,차대차,측면충돌,측면충돌,안전거리 미확보,남,21-30세,승용차,상해없음,남,21-30세,승용차,경상,사업용,렌터카,렌터카,비사업용,승용차,승용차,고속국도,단일로,기타단일로,비,포장,젖음/습기,0,0,1,0
20180506,02시,충남,홍성군,일,경상,차대차,추돌,추돌,안전운전 의무 불이행,남,51-60세,승용차,상해없음,남,41-50세,승용차,경상,비사업용,승용차,승용차,사업용,렌터카,렌터카,고속국도,단일로,기타단일로,비,포장,젖음/습기,0,0,2,0
20180506,04시,경기,의왕시,일,중상,차량단독,공작물충돌,공작물충돌,안전운전 의무 불이행,남,51-60세,승용차,상해없음,없음,불명,없음,없음,사업용,택시,법인택시,없음,없음,없음,고속국도,단일로,기타단일로,비,포장,젖음/습기,0,1,1,0
20180506,06시,경기,용인시,일,경상,차대차,추돌,추돌,안전운전 의무 불이행,남,21-30세,화물차,상해없음,여,51-60세,승용차,경상,사업용,화물차,화물차,비사업용,승용차,승용차,고속국도,단일로,기타단일로,비,포장,젖음/습기,0,0,1,0
20180506,09시,경기,이천시,일,중상,차대차,기타,기타,기타,남,31-40세,승용차,상해없음,남,21-30세,승합차,경상,사업용,렌터카,렌터카,사업용,렌터카,렌터카,고속국도,단일로,기타단일로,비,포장,젖음/습기,0,1,1,2
20180506,10시,울산,울주군,일,경상,차대차,측면충돌,측면충돌,안전거리 미확보,남,51-60세,승용차,경상,남,51-60세,승용차,경상,비사업용,승용차,승용차,비사업용,승용차,승용차,고속국도,단일로,기타단일로,맑음,포장,건조,0,0,3,0
20180506,12시,경기,구리시,일,경상,차대차,기타,기타,안전운전 의무 불이행,남,61-64세,승용차,기타불명,여,31-40세,승용차,경상,비사업용,승용차,승용차,비사업용,승용차,승용차,고속국도,단일로,기타단일로,비,포장,젖음/습기,0,0,1,0
20180506,14시,경남,김해시,일,경상,차대차,추돌,추돌,안전거리 미확보,남,41-50세,승용차,상해없음,남,65세이상,승용차,경상,비사업용,승용차,승용차,비사업용,승용차,승용차,고속국도,단일로,기타단일로,비,포장,젖음/습기,0,0,5,0
20180506,18시,대구,북구,일,중상,차대차,추돌,추돌,안전거리 미확보,여,51-60세,승용차,상해없음,여,41-50세,승용차,중상,비사업용,승용차,승용차,비사업용,승용차,승용차,고속국도,단일로,기타단일로,비,포장,젖음/습기,0,2,0,0
20180506,21시,전남,함평군,일,경상,차대차,기타,기타,안전운전 의무 불이행,여,41-50세,승용차,상해없음,여,31-40세,승용차,경상,비사업용,승용차,승용차,비사업용,승용차,승용차,고속국도,단일로,기타단일로,맑음,포장,건조,0,0,3,0
20180507,00시,충남,당진시,월,사망,차대차,추돌,추돌,안전운전 의무 불이행,남,31-40세,승합차,상해없음,남,21-30세,승용차,사망,비사업용,버스,버스,비사업용,승용차,승용차,고속국도,단일로,교량위,비,포장,젖음/습기,1,0,0,0
20180507,10시,경기,안성시,월,경상,차대차,측면충돌,측면충돌,기타,여,51-60세,승용차,상해없음,남,41-50세,승합차,경상,비사업용,승용차,승용차,비사업용,기타/건설기계,기타/건설기계,고속국도,단일로,기타단일로,맑음,포장,건조,0,0,5,0
20180507,12시,서울,서초구,월,경상,차대차,측면충돌,측면충돌,안전운전 의무 불이행,여,61-64세,승용차,상해없음,남,41-50세,승용차,경상,비사업용,승용차,승용차,비사업용,승용차,승용차,고속국도,단일로,기타단일로,맑음,포장,건조,0,0,1,0
20180507,12시,충북,제천시,월,경상,차대차,추돌,추돌,안전거리 미확보,남,21-30세,승용차,상해없음,여,41-50세,승용차,경상,비사업용,승용차,승용차,비사업용,승용차,승용차,고속국도,기타,기타,맑음,포장,건조,0,0,1,1
20180507,17시,경기,남양주시,월,부상신고,차대차,추돌,추돌,안전운전 의무 불이행,남,20세이하,승용차,상해없음,여,41-50세,승용차,부상신고,비사업용,승용차,승용차,비사업용,승용차,승용차,고속국도,단일로,기타단일로,맑음,포장,건조,0,0,0,1
20180507,18시,경기,이천시,월,경상,차대차,기타,기타,기타,남,51-60세,승용차,상해없음,남,31-40세,승용차,경상,비사업용,승용차,승용차,비사업용,승용차,승용차,고속국도,단일로,기타단일로,맑음,포장,건조,0,0,1,0
20180507,21시,경기,남양주시,월,경상,차대차,추돌,추돌,안전운전 의무 불이행,여,31-40세,승용차,상해없음,남,65세이상,승용차,부상신고,비사업용,승용차,승용차,비사업용,승용차,승용차,고속국도,단일로,기타단일로,맑음,포장,건조,0,0,2,2
20180508,02시,충북,괴산군,화,중상,차대차,추돌,추돌,안전운전 의무 불이행,남,21-30세,승용차,중상,남,41-50세,특수차,상해없음,사업용,렌터카,렌터카,사업용,화물차,화물차,고속국도,단일로,기타단일로,맑음,포장,건조,0,1,0,0
20180508,04시,강원,인제군,화,중상,차량단독,공작물충돌,공작물충돌,안전운전 의무 불이행,남,41-50세,승용차,중상,없음,불명,없음,없음,비사업용,승용차,승용차,없음,없음,없음,고속국도,단일로,기타단일로,맑음,포장,건조,0,1,0,0
20180508,04시,인천,남동구,화,중상,차대차,추돌,추돌,안전운전 의무 불이행,남,41-50세,화물차,상해없음,남,51-60세,건설기계,중상,비사업용,화물차,화물차,비사업용,기타/건설기계,기타/건설기계,고속국도,단일로,교량위,맑음,포장,건조,0,1,0,0
20180508,13시,경기,오산시,화,경상,차대차,추돌,추돌,안전거리 미확보,남,41-50세,화물차,상해없음,남,31-40세,승용차,경상,사업용,화물차,화물차,비사업용,승용차,승용차,고속국도,단일로,기타단일로,맑음,포장,건조,0,0,2,0
20180508,15시,경기,수원시,화,경상,차대차,측면충돌,측면충돌,안전거리 미확보,남,51-60세,화물차,상해없음,남,41-50세,승용차,상해없음,비사업용,화물차,화물차,비사업용,승용차,승용차,고속국도,단일로,기타단일로,맑음,포장,건조,0,0,1,0
20180508,17시,인천,계양구,화,경상,차대차,추돌,추돌,안전운전 의무 불이행,여,21-30세,승용차,상해없음,남,41-50세,승용차,경상,비사업용,승용차,승용차,비사업용,승용차,승용차,고속국도,단일로,기타단일로,맑음,포장,건조,0,0,1,0
20180508,18시,경기,시흥시,화,경상,차대차,측면충돌,측면충돌,안전운전 의무 불이행,여,31-40세,승용차,상해없음,남,41-50세,승용차,경상,비사업용,승용차,승용차,비사업용,승용차,승용차,고속국도,단일로,기타단일로,맑음,포장,건조,0,0,2,0
20180508,18시,경남,함안군,화,중상,차대차,측면충돌,측면충돌,안전운전 의무 불이행,남,21-30세,승용차,상해없음,남,51-60세,화물차,중상,비사업용,승용차,승용차,사업용,화물차,화물차,고속국도,단일로,기타단일로,맑음,포장,건조,0,1,0,0
20180508,18시,부산,강서구,화,경상,차대차,측면충돌,측면충돌,안전거리 미확보,남,51-60세,화물차,상해없음,남,31-40세,승용차,경상,비사업용,화물차,화물차,비사업용,승용차,승용차,고속국도,단일로,교량위,맑음,포장,건조,0,0,4,0
20180509,07시,대구,동구,수,경상,차대차,추돌,추돌,안전운전 의무 불이행,남,31-40세,승용차,상해없음,여,31-40세,승용차,경상,비사업용,승용차,승용차,비사업용,승용차,승용차,고속국도,단일로,기타단일로,맑음,포장,건조,0,0,1,0
20180509,10시,경기,용인시,수,중상,차대차,기타,기타,안전운전 의무 불이행,기타불명,불명,불명,기타불명,남,31-40세,승용차,중상,불명,불명,불명,비사업용,승용차,승용차,고속국도,단일로,기타단일로,맑음,포장,건조,0,1,0,0
20180509,14시,경기,구리시,수,경상,차대차,추돌,추돌,안전운전 의무 불이행,남,21-30세,화물차,경상,남,41-50세,승용차,상해없음,비사업용,화물차,화물차,비사업용,승용차,승용차,고속국도,단일로,기타단일로,맑음,포장,건조,0,0,1,0
20180509,18시,경기,수원시,수,경상,차대차,추돌,추돌,안전운전 의무 불이행,남,61-64세,승용차,상해없음,남,21-30세,승용차,경상,비사업용,승용차,승용차,비사업용,승용차,승용차,고속국도,단일로,기타단일로,맑음,포장,건조,0,0,3,0
20180509,18시,충남,당진시,수,경상,차대차,측면충돌,측면충돌,안전운전 의무 불이행,남,41-50세,승용차,경상,남,51-60세,승용차,경상,비사업용,승용차,승용차,사업용,렌터카,렌터카,고속국도,단일로,기타단일로,맑음,포장,건조,0,0,2,0
20180509,20시,인천,부평구,수,중상,차대차,기타,기타,기타,기타불명,불명,불명,기타불명,여,51-60세,승용차,상해없음,불명,불명,불명,비사업용,승용차,승용차,고속국도,단일로,교량위,맑음,포장,건조,0,1,0,0
20180509,21시,세종,세종시,수,경상,차대차,기타,기타,안전운전 의무 불이행,여,51-60세,승용차,경상,남,21-30세,승용차,상해없음,비사업용,승용차,승용차,비사업용,승용차,승용차,고속국도,단일로,기타단일로,맑음,포장,건조,0,0,4,0
20180509,23시,경기,안산시,수,사망,차대차,추돌,추돌,안전운전 의무 불이행,남,51-60세,화물차,상해없음,남,41-50세,승용차,사망,사업용,화물차,화물차,비사업용,승용차,승용차,고속국도,단일로,기타단일로,맑음,포장,건조,1,1,5,0
20180510,01시,인천,남동구,목,중상,차대차,추돌,추돌,안전거리 미확보,남,31-40세,승용차,상해없음,남,65세이상,화물차,중상,비사업용,승용차,승용차,사업용,화물차,화물차,고속국도,단일로,교량위,맑음,포장,건조,0,1,0,0
20180510,08시,경기,가평군,목,경상,차대차,기타,기타,안전운전 의무 불이행,남,65세이상,승용차,상해없음,여,31-40세,승용차,경상,비사업용,승용차,승용차,사업용,렌터카,렌터카,고속국도,단일로,기타단일로,맑음,포장,건조,0,0,1,0
20180510,08시,인천,계양구,목,경상,차대차,측면충돌,측면충돌,안전거리 미확보,남,65세이상,승합차,상해없음,여,41-50세,승용차,경상,사업용,전세버스,전세버스,비사업용,승용차,승용차,고속국도,단일로,교량위,맑음,포장,건조,0,0,2,0
20180510,10시,경기,평택시,목,중상,차대차,추돌,추돌,안전거리 미확보,남,51-60세,화물차,상해없음,남,31-40세,승용차,경상,비사업용,화물차,화물차,비사업용,승용차,승용차,고속국도,단일로,기타단일로,맑음,포장,건조,0,1,2,0
20180510,12시,경기,구리시,목,경상,차대차,기타,기타,안전운전 의무 불이행,남,41-50세,화물차,상해없음,남,41-50세,승용차,경상,사업용,화물차,화물차,비사업용,승용차,승용차,고속국도,단일로,기타단일로,맑음,포장,건조,0,0,2,0
20180510,12시,충남,공주시,목,중상,차대차,추돌,추돌,안전운전 의무 불이행,남,51-60세,화물차,상해없음,남,41-50세,승용차,중상,사업용,화물차,화물차,사업용,렌터카,렌터카,고속국도,단일로,기타단일로,맑음,포장,건조,0,3,7,0
20180510,13시,전북,익산시,목,사망,차대사람,기타,기타,안전운전 의무 불이행,남,31-40세,특수차,상해없음,남,51-60세,보행자,사망,사업용,화물차,화물차,보행자,보행자,보행자,고속국도,단일로,기타단일로,맑음,포장,건조,1,0,0,0
20180510,18시,경기,용인시,목,경상,차대차,추돌,추돌,안전거리 미확보,남,51-60세,승용차,상해없음,남,31-40세,화물차,경상,비사업용,승용차,승용차,비사업용,화물차,화물차,고속국도,단일로,기타단일로,맑음,포장,건조,0,0,1,0
20180510,18시,광주,북구,목,중상,차대차,기타,기타,안전운전 의무 불이행,남,41-50세,승용차,상해없음,여,21-30세,승용차,중상,비사업용,승용차,승용차,비사업용,승용차,승용차,고속국도,단일로,기타단일로,맑음,포장,건조,0,1,0,0
20180510,22시,경기,성남시,목,경상,차대차,기타,기타,기타,남,51-60세,화물차,상해없음,남,31-40세,승용차,경상,사업용,화물차,화물차,비사업용,승용차,승용차,고속국도,단일로,기타단일로,맑음,포장,건조,0,0,1,0
20180510,22시,충북,괴산군,목,경상,차대차,측면충돌,측면충돌,안전운전 의무 불이행,남,65세이상,화물차,상해없음,여,51-60세,승용차,경상,사업용,화물차,화물차,비사업용,승용차,승용차,고속국도,단일로,기타단일로,맑음,포장,건조,0,0,1,0
20180511,06시,경기,안양시,금,중상,차량단독,공작물충돌,공작물충돌,안전운전 의무 불이행,남,31-40세,승용차,중상,없음,불명,없음,없음,비사업용,승용차,승용차,없음,없음,없음,고속국도,단일로,터널안,맑음,포장,건조,0,1,0,0
20180511,09시,경기,안양시,금,경상,차대차,측면충돌,측면충돌,기타,여,31-40세,승용차,상해없음,남,51-60세,승용차,경상,비사업용,승용차,승용차,비사업용,승용차,승용차,고속국도,단일로,교량위,맑음,포장,건조,0,0,1,0
20180511,11시,경기,시흥시,금,경상,차대차,측면충돌,측면충돌,안전거리 미확보,여,61-64세,승용차,상해없음,남,41-50세,화물차,상해없음,비사업용,승용차,승용차,사업용,화물차,화물차,고속국도,단일로,교량위,맑음,포장,건조,0,0,1,0
20180511,13시,경기,용인시,금,중상,차대차,추돌,추돌,안전운전 의무 불이행,남,51-60세,승합차,경상,남,41-50세,승용차,경상,비사업용,버스,버스,비사업용,승용차,승용차,고속국도,단일로,기타단일로,맑음,포장,건조,0,1,5,0
20180511,18시,경기,성남시,금,부상신고,차대차,추돌,추돌,안전운전 의무 불이행,남,41-50세,승용차,상해없음,여,51-60세,승용차,부상신고,비사업용,승용차,승용차,비사업용,승용차,승용차,고속국도,단일로,기타단일로,맑음,포장,건조,0,0,0,1
20180511,21시,경기,용인시,금,중상,차대차,측면충돌,측면충돌,안전운전 의무 불이행,남,31-40세,승용차,상해없음,여,41-50세,승용차,중상,비사업용,승용차,승용차,비사업용,승용차,승용차,고속국도,단일로,기타단일로,흐림,포장,젖음/습기,0,1,1,0
20180512,01시,경기,안산시,토,경상,차대차,측면충돌,측면충돌,안전운전 의무 불이행,남,41-50세,화물차,상해없음,여,21-30세,승용차,경상,비사업용,화물차,화물차,비사업용,승용차,승용차,고속국도,단일로,기타단일로,맑음,포장,건조,0,0,1,0
20180512,04시,경기,안성시,토,사망,차대차,측면충돌,측면충돌,안전거리 미확보,남,51-60세,승용차,사망,남,51-60세,승합차,상해없음,비사업용,승용차,승용차,사업용,전세버스,전세버스,고속국도,단일로,기타단일로,비,포장,젖음/습기,1,1,0,0
20180512,05시,경남,함안군,토,경상,차대차,추돌,추돌,안전운전 의무 불이행,남,21-30세,승용차,상해없음,남,51-60세,특수차,경상,비사업용,승용차,승용차,사업용,화물차,화물차,고속국도,단일로,기타단일로,맑음,포장,건조,0,0,1,0
20180512,07시,전북,고창군,토,경상,차대차,측면충돌,측면충돌,안전운전 의무 불이행,남,51-60세,화물차,경상,남,41-50세,특수차,상해없음,비사업용,화물차,화물차,사업용,화물차,화물차,고속국도,기타,기타,맑음,포장,건조,0,0,1,0
20180512,08시,경기,이천시,토,중상,차량단독,기타,기타,안전운전 의무 불이행,남,61-64세,승합차,상해없음,없음,불명,없음,없음,사업용,전세버스,전세버스,없음,없음,없음,고속국도,단일로,기타단일로,비,포장,젖음/습기,0,4,6,4
20180512,08시,인천,계양구,토,경상,차대차,기타,기타,안전운전 의무 불이행,남,65세이상,화물차,상해없음,남,51-60세,승합차,경상,사업용,화물차,화물차,사업용,전세버스,전세버스,고속국도,단일로,기타단일로,비,포장,젖음/습기,0,0,2,0
20180512,10시,경기,하남시,토,경상,차대차,기타,기타,안전거리 미확보,남,61-64세,승용차,상해없음,남,51-60세,승합차,경상,비사업용,승용차,승용차,사업용,노선버스,시외버스,고속국도,단일로,기타단일로,비,포장,젖음/습기,0,0,1,1
20180512,11시,충북,음성군,토,중상,차대차,추돌,추돌,안전운전 의무 불이행,남,51-60세,승합차,상해없음,남,41-50세,승용차,중상,사업용,전세버스,전세버스,사업용,렌터카,렌터카,고속국도,단일로,기타단일로,비,포장,젖음/습기,0,3,0,3
20180512,12시,경기,평택시,토,경상,차대차,기타,기타,안전운전 의무 불이행,남,21-30세,화물차,상해없음,남,21-30세,승용차,경상,비사업용,화물차,화물차,비사업용,승용차,승용차,고속국도,단일로,기타단일로,비,포장,젖음/습기,0,0,1,0
20180512,13시,경기,용인시,토,중상,차대차,기타,기타,안전운전 의무 불이행,남,31-40세,화물차,부상신고,남,41-50세,승합차,부상신고,비사업용,화물차,화물차,사업용,노선버스,고속버스,고속국도,단일로,기타단일로,비,비포장,젖음/습기,0,1,2,8
20180512,15시,경기,안산시,토,경상,차대차,측면충돌,측면충돌,기타,남,21-30세,승용차,상해없음,남,41-50세,승용차,경상,비사업용,승용차,승용차,비사업용,승용차,승용차,고속국도,단일로,기타단일로,비,포장,젖음/습기,0,0,2,0
20180512,16시,경기,평택시,토,경상,차대차,측면충돌,측면충돌,안전거리 미확보,남,21-30세,특수차,상해없음,남,51-60세,승용차,경상,사업용,위험물운송,위험물운송,비사업용,승용차,승용차,고속국도,단일로,기타단일로,비,포장,젖음/습기,0,0,3,0
20180512,18시,경기,성남시,토,중상,차대차,측면충돌,측면충돌,안전운전 의무 불이행,여,21-30세,승용차,상해없음,남,61-64세,승용차,상해없음,비사업용,승용차,승용차,비사업용,승용차,승용차,고속국도,단일로,기타단일로,비,포장,젖음/습기,0,1,0,0
20180512,18시,경기,의왕시,토,경상,차대차,측면충돌,측면충돌,안전운전 의무 불이행,남,65세이상,승합차,상해없음,남,61-64세,승용차,경상,사업용,전세버스,전세버스,비사업용,승용차,승용차,고속국도,단일로,기타단일로,비,포장,젖음/습기,0,0,2,0
20180512,19시,경기,여주시,토,중상,차대차,추돌,추돌,안전운전 의무 불이행,남,61-64세,승용차,경상,남,51-60세,승용차,경상,사업용,렌터카,렌터카,비사업용,승용차,승용차,고속국도,단일로,기타단일로,비,포장,젖음/습기,0,1,5,0
20180512,20시,경기,성남시,토,중상,차대차,측면충돌,측면충돌,안전운전 의무 불이행,남,51-60세,승용차,상해없음,여,21-30세,승용차,중상,비사업용,승용차,승용차,비사업용,승용차,승용차,고속국도,단일로,기타단일로,비,포장,젖음/습기,0,3,0,0
20180512,23시,경기,용인시,토,경상,차대차,추돌,추돌,안전운전 의무 불이행,남,21-30세,승용차,경상,남,41-50세,승합차,상해없음,비사업용,승용차,승용차,사업용,노선버스,시외버스,고속국도,단일로,기타단일로,비,포장,젖음/습기,0,0,2,0
20180513,01시,경기,평택시,일,중상,차대차,추돌,추돌,안전운전 의무 불이행,남,21-30세,승용차,상해없음,남,41-50세,승용차,중상,비사업용,승용차,승용차,비사업용,승용차,승용차,고속국도,단일로,기타단일로,맑음,포장,건조,0,2,0,0
20180513,10시,경기,가평군,일,사망,차량단독,공작물충돌,공작물충돌,안전운전 의무 불이행,남,51-60세,승용차,중상,없음,불명,없음,없음,비사업용,승용차,승용차,없음,없음,없음,고속국도,단일로,기타단일로,흐림,포장,건조,2,2,0,0
20180513,11시,경기,안양시,일,경상,차대차,측면충돌,측면충돌,안전운전 의무 불이행,남,41-50세,화물차,상해없음,남,41-50세,승용차,경상,비사업용,화물차,화물차,비사업용,승용차,승용차,고속국도,단일로,터널안,맑음,포장,건조,0,0,3,1
20180513,17시,충북,옥천군,일,경상,차대차,기타,기타,안전운전 의무 불이행,남,21-30세,승용차,상해없음,여,41-50세,승용차,경상,사업용,렌터카,렌터카,비사업용,승용차,승용차,고속국도,기타,기타,맑음,포장,건조,0,0,1,0
20180513,20시,충북,제천시,일,경상,차대차,추돌,추돌,기타,여,21-30세,승용차,경상,남,21-30세,승용차,상해없음,비사업용,승용차,승용차,사업용,렌터카,렌터카,고속국도,단일로,기타단일로,맑음,포장,건조,0,0,2,0
20180514,02시,경남,김해시,월,중상,차량단독,기타,기타,안전운전 의무 불이행,남,51-60세,승용차,상해없음,없음,불명,없음,없음,사업용,택시,법인택시,없음,없음,없음,고속국도,단일로,기타단일로,맑음,포장,건조,0,1,0,0
20180514,07시,경남,진주시,월,경상,차대차,추돌,추돌,안전운전 의무 불이행,여,51-60세,승용차,경상,남,41-50세,화물차,경상,비사업용,승용차,승용차,비사업용,화물차,화물차,고속국도,단일로,기타단일로,맑음,포장,건조,0,0,3,0