발생일,발생시간,발생지_시도,발생지_시군구,요일,사고내용,사고유형_대분류,사고유형_중분류,사고유형,가해자법규위반,가해자성별,가해자연령,가해당사자종별,가해자신체상해정도,피해자성별,피해자연령,피해당사자종별,피해자신체상해정도,가해차량용도_대분류,가해차량용도_중분류,가해차량용도,피해차량용도_대분류,피해차량용도_중분류,피해차량용도,도로종류,도로형태_대분류,도로형태,기상상태,노면상태_대분류,노면상태,사망자수,중상자수,경상자수,부상신고자수
20180514,07시,대구,북구,월,경상,차대차,추돌,추돌,안전운전 의무 불이행,남,21-30세,승용차,상해없음,남,51-60세,승용차,경상,비사업용,승용차,승용차,비사업용,승용차,승용차,고속국도,단일로,기타단일로,맑음,포장,건조,0,0,1,0
20180514,07시,전남,순천시,월,경상,차대차,기타,기타,안전운전 의무 불이행,남,31-40세,화물차,상해없음,남,61-64세,승용차,경상,비사업용,화물차,화물차,비사업용,승용차,승용차,고속국도,기타,기타,맑음,포장,건조,0,0,1,0
20180514,10시,경북,포항시,월,사망,차대차,정면충돌,정면충돌,중앙선 침범,남,65세이상,이륜차,사망,남,41-50세,승용차,상해없음,이륜차,이륜차,이륜차,비사업용,승용차,승용차,고속국도,단일로,기타단일로,맑음,포장,건조,1,0,0,0
20180514,11시,울산,울주군,월,경상,차대차,기타,기타,안전거리 미확보,남,41-50세,건설기계,상해없음,여,41-50세,승용차,경상,비사업용,기타/건설기계,기타/건설기계,비사업용,승용차,승용차,고속국도,단일로,기타단일로,맑음,포장,건조,0,0,1,0
20180514,13시,대전,유성구,월,경상,차대차,측면충돌,측면충돌,안전거리 미확보,남,65세이상,승용차,기타불명,여,21-30세,승용차,경상,비사업용,승용차,승용차,비사업용,승용차,승용차,고속국도,기타,기타,맑음,포장,건조,0,0,2,0
20180514,15시,경남,양산시,월,중상,차대차,측면충돌,측면충돌,안전거리 미확보,남,31-40세,화물차,상해없음,남,31-40세,승용차,중상,비사업용,화물차,화물차,비사업용,승용차,승용차,고속국도,단일로,교량위,맑음,포장,건조,0,1,0,0
20180514,17시,경기,시흥시,월,경상,차대차,측면충돌,측면충돌,기타,기타불명,불명,불명,기타불명,남,61-64세,승용차,경상,불명,불명,불명,비사업용,승용차,승용차,고속국도,단일로,기타단일로,맑음,포장,건조,0,0,1,0
20180514,18시,광주,북구,월,경상,차대차,기타,기타,기타,남,65세이상,승용차,상해없음,여,31-40세,승용차,경상,비사업용,승용차,승용차,비사업용,승용차,승용차,고속국도,교차로,교차로내,맑음,포장,건조,0,0,1,0
20180514,22시,경기,광명시,월,경상,차대차,측면충돌,측면충돌,안전거리 미확보,여,41-50세,승용차,상해없음,남,65세이상,승용차,경상,비사업용,승용차,승용차,비사업용,승용차,승용차,고속국도,단일로,교량위,맑음,포장,건조,0,0,1,0
20180514,22시,경기,성남시,월,중상,차대차,추돌,추돌,안전운전 의무 불이행,남,51-60세,승용차,상해없음,남,51-60세,승용차,경상,사업용,택시,법인택시,사업용,택시,법인택시,고속국도,단일로,기타단일로,맑음,포장,건조,0,1,3,0
20180514,23시,경기,남양주시,월,경상,차대차,추돌,추돌,안전운전 의무 불이행,기타불명,불명,승용차,기타불명,남,65세이상,승용차,경상,비사업용,승용차,승용차,비사업용,승용차,승용차,고속국도,단일로,기타단일로,맑음,포장,건조,0,0,2,0
20180515,06시,경기,의정부시,화,경상,차대차,측면충돌,측면충돌,안전운전 의무 불이행,여,51-60세,승용차,부상신고,남,51-60세,승용차,경상,비사업용,승용차,승용차,비사업용,승용차,승용차,고속국도,단일로,기타단일로,맑음,포장,건조,0,0,1,1
20180515,10시,경기,평택시,화,중상,차대차,기타,기타,기타,남,31-40세,특수차,상해없음,남,21-30세,승용차,중상,사업용,화물차,화물차,비사업용,승용차,승용차,고속국도,단일로,기타단일로,맑음,포장,건조,0,1,0,0
20180515,11시,대전,동구,화,경상,차대차,기타,기타,안전운전 의무 불이행,남,41-50세,승용차,경상,남,51-60세,승합차,상해없음,비사업용,승용차,승용차,사업용,전세버스,전세버스,고속국도,기타,기타,맑음,포장,건조,0,0,1,0
20180515,12시,경기,용인시,화,경상,차대차,기타,기타,안전운전 의무 불이행,남,21-30세,승용차,경상,남,21-30세,승용차,상해없음,사업용,렌터카,렌터카,비사업용,승용차,승용차,고속국도,단일로,기타단일로,맑음,포장,건조,0,0,4,5
20180515,16시,충남,논산시,화,경상,차대차,추돌,추돌,안전거리 미확보,남,41-50세,화물차,상해없음,남,21-30세,승용차,경상,사업용,화물차,화물차,비사업용,승용차,승용차,고속국도,기타,기타,맑음,포장,건조,0,0,1,0
20180515,20시,경기,용인시,화,경상,차대차,기타,기타,안전운전 의무 불이행,기타불명,불명,불명,기타불명,남,31-40세,화물차,경상,불명,불명,불명,사업용,화물차,화물차,고속국도,단일로,기타단일로,맑음,포장,건조,0,0,1,0
20180515,23시,부산,강서구,화,중상,차대차,측면충돌,측면충돌,안전운전 의무 불이행,여,21-30세,승용차,상해없음,여,31-40세,승용차,중상,비사업용,승용차,승용차,비사업용,승용차,승용차,고속국도,기타,기타,맑음,포장,건조,0,1,0,0
20180516,07시,서울,서초구,수,경상,차대차,추돌,추돌,안전운전 의무 불이행,남,51-60세,승용차,기타불명,남,31-40세,승용차,경상,비사업용,승용차,승용차,비사업용,승용차,승용차,고속국도,단일로,기타단일로,비,포장,젖음/습기,0,0,1,0
20180516,08시,경남,밀양시,수,중상,차대차,측면충돌,측면충돌,안전운전 의무 불이행,남,31-40세,승용차,경상,남,51-60세,화물차,중상,비사업용,승용차,승용차,비사업용,화물차,화물차,고속국도,단일로,기타단일로,흐림,포장,젖음/습기,0,1,1,0
20180516,09시,충남,공주시,수,경상,차대차,측면충돌,측면충돌,안전운전 의무 불이행,남,20세이하,승용차,상해없음,남,51-60세,화물차,경상,비사업용,승용차,승용차,비사업용,화물차,화물차,고속국도,기타,기타,맑음,포장,건조,0,0,1,0
20180516,11시,경기,하남시,수,중상,차대차,추돌,추돌,안전운전 의무 불이행,남,51-60세,승합차,상해없음,남,51-60세,승합차,상해없음,사업용,전세버스,전세버스,사업용,전세버스,전세버스,고속국도,단일로,기타단일로,비,포장,젖음/습기,0,1,3,1
20180516,14시,경기,용인시,수,중상,차대차,추돌,추돌,안전운전 의무 불이행,여,41-50세,승용차,상해없음,여,20세이하,승용차,상해없음,비사업용,승용차,승용차,비사업용,승용차,승용차,고속국도,단일로,기타단일로,비,포장,젖음/습기,0,2,1,0
20180516,17시,경기,의왕시,수,경상,차대차,기타,기타,안전운전 의무 불이행,남,21-30세,승용차,상해없음,여,31-40세,승용차,경상,비사업용,승용차,승용차,비사업용,승용차,승용차,고속국도,단일로,기타단일로,비,포장,젖음/습기,0,0,1,0
20180516,17시,경남,김해시,수,경상,차대차,추돌,추돌,안전운전 의무 불이행,남,21-30세,승용차,상해없음,남,41-50세,승용차,경상,사업용,렌터카,렌터카,비사업용,승용차,승용차,고속국도,단일로,기타단일로,비,포장,젖음/습기,0,0,2,0
20180516,22시,경기,성남시,수,중상,차대차,기타,기타,중앙선 침범,남,41-50세,승용차,상해없음,여,51-60세,승용차,중상,사업용,택시,법인택시,비사업용,승용차,승용차,고속국도,기타,기타,비,포장,젖음/습기,0,1,1,0
20180517,02시,경기,안산시,목,경상,차대차,기타,기타,안전운전 의무 불이행,남,51-60세,승용차,상해없음,여,21-30세,화물차,경상,비사업용,승용차,승용차,비사업용,화물차,화물차,고속국도,기타,기타,비,포장,젖음/습기,0,0,1,0
20180517,08시,경기,성남시,목,경상,차대차,측면충돌,측면충돌,기타,남,65세이상,승용차,상해없음,여,41-50세,승용차,경상,사업용,택시,개인택시,비사업용,승용차,승용차,고속국도,기타,기타,맑음,포장,건조,0,0,1,0
20180517,08시,서울,송파구,목,경상,차대차,측면충돌,측면충돌,안전운전 의무 불이행,남,61-64세,승용차,상해없음,남,65세이상,승용차,경상,사업용,택시,법인택시,비사업용,승용차,승용차,고속국도,기타,기타,비,포장,젖음/습기,0,0,1,0
20180517,11시,경기,부천시,목,경상,차대차,추돌,추돌,안전운전 의무 불이행,남,41-50세,화물차,상해없음,남,31-40세,승용차,경상,비사업용,화물차,화물차,비사업용,승용차,승용차,고속국도,단일로,기타단일로,비,포장,젖음/습기,0,0,1,0
20180517,11시,경기,하남시,목,중상,차대차,기타,기타,안전운전 의무 불이행,여,61-64세,화물차,상해없음,남,41-50세,승용차,경상,비사업용,화물차,화물차,비사업용,승용차,승용차,고속국도,단일로,기타단일로,맑음,포장,건조,0,2,1,0
20180517,14시,강원,강릉시,목,경상,차대차,측면충돌,측면충돌,안전운전 의무 불이행,남,41-50세,승용차,상해없음,남,31-40세,승용차,경상,비사업용,승용차,승용차,사업용,렌터카,렌터카,고속국도,기타,기타,흐림,포장,젖음/습기,0,0,1,0
20180517,14시,강원,횡성군,목,경상,차대차,측면충돌,측면충돌,안전운전 의무 불이행,남,41-50세,특수차,상해없음,여,51-60세,승용차,경상,사업용,화물차,화물차,사업용,렌터카,렌터카,고속국도,기타,기타,흐림,포장,젖음/습기,0,0,1,0
20180517,14시,충남,천안시,목,경상,차대차,추돌,추돌,안전운전 의무 불이행,남,41-50세,승용차,상해없음,남,31-40세,승용차,경상,사업용,렌터카,렌터카,비사업용,승용차,승용차,고속국도,단일로,기타단일로,흐림,포장,건조,0,0,4,0
20180517,15시,충북,영동군,목,사망,차대차,추돌,추돌,안전운전 의무 불이행,남,41-50세,화물차,사망,남,41-50세,건설기계,상해없음,비사업용,화물차,화물차,사업용,기타/건설기계,기타/건설기계,고속국도,기타,기타,흐림,포장,건조,1,0,0,0
20180517,17시,경기,안산시,목,경상,차대차,기타,기타,안전운전 의무 불이행,남,31-40세,화물차,상해없음,남,41-50세,승용차,경상,사업용,화물차,화물차,비사업용,승용차,승용차,고속국도,단일로,터널안,비,포장,젖음/습기,0,0,1,1
20180517,18시,경기,안성시,목,경상,차대차,추돌,추돌,안전거리 미확보,남,31-40세,승용차,상해없음,남,21-30세,승용차,경상,비사업용,승용차,승용차,비사업용,승용차,승용차,고속국도,단일로,기타단일로,맑음,포장,건조,0,0,1,0
20180517,19시,경기,안양시,목,경상,차대차,측면충돌,측면충돌,안전거리 미확보,여,65세이상,승용차,상해없음,남,41-50세,승용차,경상,비사업용,승용차,승용차,비사업용,승용차,승용차,고속국도,단일로,기타단일로,비,포장,젖음/습기,0,0,1,0
20180517,22시,경기,안양시,목,중상,차대차,측면충돌,측면충돌,안전운전 의무 불이행,남,41-50세,승합차,기타불명,여,51-60세,승용차,중상,사업용,전세버스,전세버스,비사업용,승용차,승용차,고속국도,단일로,터널안,비,포장,젖음/습기,0,1,0,0
20180518,09시,경남,함안군,금,중상,차대차,측면충돌,측면충돌,안전운전 의무 불이행,남,41-50세,화물차,상해없음,여,41-50세,승용차,중상,비사업용,화물차,화물차,비사업용,승용차,승용차,고속국도,단일로,기타단일로,맑음,포장,건조,0,1,0,0
20180518,11시,충남,천안시,금,경상,차대차,측면충돌,측면충돌,안전운전 의무 불이행,남,31-40세,승용차,상해없음,남,61-64세,승합차,경상,사업용,렌터카,렌터카,비사업용,버스,버스,고속국도,기타,기타,맑음,포장,건조,0,0,1,0
20180518,18시,경기,시흥시,금,경상,차대차,측면충돌,측면충돌,기타,남,61-64세,특수차,상해없음,남,31-40세,승용차,경상,사업용,화물차,화물차,비사업용,승용차,승용차,고속국도,단일로,기타단일로,맑음,포장,건조,0,0,1,0
20180518,21시,경기,안성시,금,경상,차대차,측면충돌,측면충돌,안전운전 의무 불이행,여,21-30세,승용차,상해없음,남,51-60세,승합차,경상,비사업용,승용차,승용차,사업용,전세버스,전세버스,고속국도,단일로,기타단일로,맑음,포장,건조,0,0,1,1
20180518,23시,인천,남동구,금,경상,차대차,측면충돌,측면충돌,기타,기타불명,불명,불명,기타불명,여,31-40세,승용차,경상,불명,불명,불명,비사업용,승용차,승용차,고속국도,단일로,교량위,맑음,포장,건조,0,0,1,0
20180519,03시,경기,시흥시,토,경상,차대차,추돌,추돌,안전운전 의무 불이행,남,21-30세,승용차,상해없음,남,31-40세,화물차,경상,비사업용,승용차,승용차,사업용,화물차,화물차,고속국도,단일로,기타단일로,맑음,포장,건조,0,0,1,0
20180519,06시,대전,유성구,토,중상,차대차,추돌,추돌,안전거리 미확보,남,51-60세,화물차,기타불명,남,41-50세,승용차,중상,비사업용,화물차,화물차,비사업용,승용차,승용차,고속국도,기타,기타,맑음,포장,건조,0,1,1,0
20180519,11시,경북,문경시,토,중상,차대차,추돌,추돌,안전운전 의무 불이행,남,21-30세,승용차,상해없음,남,61-64세,승용차,중상,비사업용,승용차,승용차,비사업용,승용차,승용차,고속국도,단일로,기타단일로,맑음,포장,건조,0,3,2,0
20180519,12시,경기,화성시,토,경상,차대차,기타,기타,안전운전 의무 불이행,남,21-30세,승용차,기타불명,여,21-30세,승용차,상해없음,비사업용,승용차,승용차,비사업용,승용차,승용차,고속국도,단일로,기타단일로,맑음,포장,건조,0,0,6,0
20180519,12시,전남,무안군,토,중상,차대차,추돌,추돌,안전거리 미확보,남,65세이상,화물차,경상,남,41-50세,승용차,상해없음,비사업용,화물차,화물차,비사업용,승용차,승용차,고속국도,단일로,터널안,맑음,포장,건조,0,1,11,3
20180519,13시,경기,화성시,토,경상,차대차,추돌,추돌,안전운전 의무 불이행,남,61-64세,화물차,상해없음,여,31-40세,승용차,경상,비사업용,화물차,화물차,비사업용,승용차,승용차,고속국도,단일로,기타단일로,맑음,포장,건조,0,0,4,0
20180519,13시,서울,서초구,토,경상,차대차,추돌,추돌,안전운전 의무 불이행,남,41-50세,승합차,상해없음,남,61-64세,승합차,경상,사업용,노선버스,시외버스,사업용,전세버스,전세버스,고속국도,단일로,기타단일로,맑음,포장,건조,0,0,2,19
20180519,15시,전남,장성군,토,경상,차대차,기타,기타,안전거리 미확보,여,51-60세,승용차,상해없음,여,31-40세,승용차,경상,비사업용,승용차,승용차,비사업용,승용차,승용차,고속국도,단일로,기타단일로,맑음,포장,건조,0,0,1,0
20180519,16시,경기,용인시,토,경상,차대차,기타,기타,안전운전 의무 불이행,남,31-40세,특수차,상해없음,여,21-30세,승용차,경상,사업용,화물차,화물차,비사업용,승용차,승용차,고속국도,단일로,기타단일로,맑음,포장,건조,0,0,1,0
20180519,19시,강원,횡성군,토,경상,차대사람,기타,기타,안전운전 의무 불이행,여,51-60세,승용차,상해없음,남,51-60세,보행자,경상,비사업용,승용차,승용차,보행자,보행자,보행자,고속국도,기타,기타,맑음,포장,건조,0,0,1,0
20180519,20시,경남,함안군,토,중상,차대차,측면충돌,측면충돌,안전운전 의무 불이행,남,21-30세,승용차,상해없음,남,31-40세,승용차,중상,사업용,렌터카,렌터카,비사업용,승용차,승용차,고속국도,단일로,기타단일로,맑음,포장,건조,0,1,3,0
20180519,22시,경북,영주시,토,경상,차대차,기타,기타,안전운전 의무 불이행,남,51-60세,화물차,상해없음,남,51-60세,승용차,상해없음,비사업용,화물차,화물차,비사업용,승용차,승용차,고속국도,단일로,기타단일로,맑음,포장,건조,0,0,1,0
20180520,01시,대전,동구,일,중상,차대차,기타,기타,안전운전 의무 불이행,남,61-64세,승합차,상해없음,여,51-60세,승용차,중상,사업용,노선버스,고속버스,비사업용,승용차,승용차,고속국도,기타,기타,맑음,포장,건조,0,1,0,1
20180520,02시,경기,성남시,일,경상,차대차,측면충돌,측면충돌,안전운전 의무 불이행,남,21-30세,승용차,상해없음,남,51-60세,승용차,경상,비사업용,승용차,승용차,사업용,택시,법인택시,고속국도,단일로,기타단일로,맑음,포장,건조,0,0,2,0
20180520,06시,인천,남동구,일,경상,차대차,추돌,추돌,안전운전 의무 불이행,남,21-30세,승용차,상해없음,남,41-50세,승합차,경상,비사업용,승용차,승용차,비사업용,버스,버스,고속국도,단일로,기타단일로,맑음,포장,건조,0,0,2,0
20180520,07시,강원,횡성군,일,경상,차대차,추돌,추돌,안전운전 의무 불이행,남,31-40세,승용차,상해없음,남,51-60세,승용차,경상,비사업용,승용차,승용차,비사업용,승용차,승용차,고속국도,기타,기타,맑음,포장,건조,0,0,2,0
20180520,07시,경기,하남시,일,중상,차대차,추돌,추돌,안전운전 의무 불이행,남,21-30세,승용차,상해없음,남,51-60세,승용차,중상,사업용,렌터카,렌터카,비사업용,승용차,승용차,고속국도,단일로,기타단일로,맑음,포장,건조,0,1,2,1
20180520,09시,충북,음성군,일,경상,차대차,추돌,추돌,안전거리 미확보,남,21-30세,승용차,상해없음,여,51-60세,승용차,경상,비사업용,승용차,승용차,비사업용,승용차,승용차,고속국도,단일로,기타단일로,맑음,포장,건조,0,0,1,0
20180520,14시,경기,오산시,일,경상,차대차,추돌,추돌,안전거리 미확보,남,51-60세,승용차,상해없음,남,51-60세,승용차,경상,비사업용,승용차,승용차,비사업용,승용차,승용차,고속국도,단일로,기타단일로,맑음,포장,건조,0,0,1,0
20180520,14시,경북,상주시,일,중상,차대차,기타,기타,기타,남,51-60세,승합차,상해없음,남,41-50세,승용차,중상,비사업용,버스,버스,비사업용,승용차,승용차,고속국도,단일로,기타단일로,맑음,포장,건조,0,2,0,0
20180520,22시,충남,천안시,일,경상,차대차,기타,기타,안전운전 의무 불이행,남,41-50세,특수차,상해없음,여,51-60세,승용차,경상,사업용,화물차,화물차,비사업용,승용차,승용차,고속국도,단일로,기타단일로,맑음,포장,건조,0,0,2,0
20180521,02시,경기,시흥시,월,경상,차대차,추돌,추돌,안전운전 의무 불이행,남,21-30세,승용차,상해없음,남,61-64세,화물차,경상,비사업용,승용차,승용차,사업용,화물차,화물차,고속국도,단일로,기타단일로,맑음,포장,건조,0,0,1,0
20180521,10시,광주,북구,월,경상,차대차,추돌,추돌,안전운전 의무 불이행,남,20세이하,승용차,상해없음,남,41-50세,승용차,경상,비사업용,승용차,승용차,비사업용,승용차,승용차,고속국도,단일로,기타단일로,맑음,포장,건조,0,0,1,0
20180521,15시,경기,안산시,월,경상,차대차,측면충돌,측면충돌,안전운전 의무 불이행,여,51-60세,승용차,상해없음,남,51-60세,화물차,경상,비사업용,승용차,승용차,사업용,화물차,화물차,고속국도,단일로,기타단일로,맑음,포장,건조,0,0,1,0
20180521,15시,경기,용인시,월,경상,차대차,추돌,추돌,안전운전 의무 불이행,남,51-60세,화물차,부상신고,남,61-64세,화물차,경상,사업용,화물차,화물차,사업용,화물차,화물차,고속국도,단일로,기타단일로,맑음,포장,건조,0,0,3,1
20180521,16시,경기,용인시,월,중상,차대차,추돌,추돌,안전운전 의무 불이행,남,65세이상,화물차,상해없음,남,51-60세,화물차,부상신고,사업용,화물차,화물차,비사업용,화물차,화물차,고속국도,단일로,기타단일로,맑음,포장,건조,0,3,2,5
20180521,16시,대구,북구,월,경상,차대차,추돌,추돌,안전운전 의무 불이행,남,51-60세,승용차,상해없음,남,41-50세,승용차,경상,사업용,렌터카,렌터카,비사업용,승용차,승용차,고속국도,단일로,기타단일로,맑음,포장,건조,0,0,4,0
20180521,17시,경남,함양군,월,부상신고,차대차,기타,기타,안전운전 의무 불이행,남,41-50세,승용차,상해없음,남,51-60세,승용차,부상신고,비사업용,승용차,승용차,비사업용,승용차,승용차,고속국도,단일로,기타단일로,맑음,포장,건조,0,0,0,1
20180521,17시,인천,서구,월,경상,차대차,측면충돌,측면충돌,기타,남,51-60세,화물차,상해없음,남,51-60세,승용차,경상,사업용,화물차,화물차,비사업용,승용차,승용차,고속국도,단일로,교량위,맑음,포장,건조,0,0,1,0
20180521,18시,경기,의왕시,월,경상,차대차,측면충돌,측면충돌,안전운전 의무 불이행,여,31-40세,승용차,상해없음,남,31-40세,승용차,경상,비사업용,승용차,승용차,비사업용,승용차,승용차,고속국도,단일로,기타단일로,맑음,포장,건조,0,0,2,0
20180521,22시,대전,동구,월,사망,차대차,추돌,추돌,안전운전 의무 불이행,남,41-50세,화물차,상해없음,남,41-50세,승용차,경상,사업용,화물차,화물차,비사업용,승용차,승용차,고속국도,기타,기타,맑음,포장,건조,1,0,1,0
20180522,09시,경기,의정부시,화,경상,차대차,기타,기타,안전거리 미확보,남,65세이상,승용차,상해없음,남,51-60세,화물차,경상,사업용,택시,개인택시,비사업용,화물차,화물차,고속국도,단일로,기타단일로,맑음,포장,건조,0,0,1,0
20180522,09시,부산,기장군,화,경상,차대차,추돌,추돌,안전운전 의무 불이행,남,51-60세,화물차,상해없음,남,31-40세,승용차,경상,사업용,화물차,화물차,비사업용,승용차,승용차,고속국도,단일로,기타단일로,맑음,포장,건조,0,0,2,0
20180522,12시,경북,상주시,화,경상,차대차,기타,기타,안전운전 의무 불이행,남,61-64세,화물차,상해없음,여,41-50세,승용차,경상,사업용,화물차,화물차,비사업용,승용차,승용차,고속국도,단일로,기타단일로,맑음,포장,건조,0,0,2,0
20180522,16시,전북,남원시,화,경상,차대차,기타,기타,안전거리 미확보,남,65세이상,화물차,상해없음,남,21-30세,승용차,경상,사업용,화물차,화물차,비사업용,승용차,승용차,고속국도,단일로,기타단일로,맑음,포장,건조,0,0,1,0
20180522,21시,대구,북구,화,사망,차대차,기타,기타,안전운전 의무 불이행,남,41-50세,승용차,상해없음,기타불명,65세이상,화물차,기타불명,비사업용,승용차,승용차,비사업용,화물차,화물차,고속국도,단일로,기타단일로,비,포장,젖음/습기,1,0,2,0
20180522,23시,강원,원주시,화,중상,차대차,추돌,추돌,안전운전 의무 불이행,남,65세이상,승용차,경상,남,51-60세,승용차,중상,비사업용,승용차,승용차,비사업용,승용차,승용차,고속국도,단일로,기타단일로,비,포장,젖음/습기,0,2,2,0
20180523,04시,강원,원주시,수,경상,차대차,추돌,추돌,안전운전 의무 불이행,남,21-30세,승용차,상해없음,남,51-60세,건설기계,경상,비사업용,승용차,승용차,비사업용,기타/건설기계,기타/건설기계,고속국도,단일로,기타단일로,비,포장,젖음/습기,0,0,1,0
20180523,05시,전북,장수군,수,중상,차대차,추돌,추돌,안전운전 의무 불이행,남,41-50세,승합차,상해없음,남,41-50세,건설기계,상해없음,사업용,렌터카,렌터카,사업용,기타/건설기계,기타/건설기계,고속국도,단일로,기타단일로,비,포장,젖음/습기,0,3,1,0
20180523,07시,경기,안산시,수,경상,차대차,기타,기타,안전운전 의무 불이행,남,41-50세,승용차,경상,남,41-50세,승용차,상해없음,비사업용,승용차,승용차,비사업용,승용차,승용차,고속국도,단일로,기타단일로,맑음,포장,건조,0,0,1,0
20180523,08시,경기,광명시,수,경상,차대차,추돌,추돌,안전운전 의무 불이행,남,21-30세,화물차,상해없음,남,31-40세,화물차,경상,비사업용,화물차,화물차,비사업용,화물차,화물차,고속국도,단일로,터널안,맑음,포장,건조,0,0,4,1
20180523,08시,경기,평택시,수,경상,차대차,기타,기타,안전운전 의무 불이행,남,51-60세,화물차,상해없음,남,41-50세,승용차,경상,사업용,화물차,화물차,비사업용,승용차,승용차,고속국도,단일로,기타단일로,맑음,포장,건조,0,0,1,0
20180523,08시,부산,금정구,수,경상,차대차,추돌,추돌,안전운전 의무 불이행,남,41-50세,화물차,상해없음,남,61-64세,승용차,경상,비사업용,화물차,화물차,비사업용,승용차,승용차,고속국도,단일로,기타단일로,맑음,포장,건조,0,0,1,0
20180523,10시,경기,성남시,수,경상,차대차,추돌,추돌,안전운전 의무 불이행,남,20세이하,승용차,상해없음,여,31-40세,승용차,경상,비사업용,승용차,승용차,사업용,렌터카,렌터카,고속국도,단일로,기타단일로,맑음,포장,건조,0,0,1,0
20180523,10시,경기,용인시,수,중상,차대차,기타,기타,안전운전 의무 불이행,남,31-40세,승용차,상해없음,남,41-50세,승합차,상해없음,사업용,렌터카,렌터카,사업용,노선버스,고속버스,고속국도,단일로,기타단일로,맑음,포장,건조,0,1,0,0
20180523,13시,경기,성남시,수,경상,차대차,기타,기타,안전운전 의무 불이행,여,21-30세,승용차,상해없음,여,31-40세,승용차,경상,비사업용,승용차,승용차,비사업용,승용차,승용차,고속국도,단일로,기타단일로,맑음,포장,건조,0,0,2,0
20180523,14시,경기,김포시,수,경상,차대차,측면충돌,측면충돌,안전거리 미확보,남,41-50세,승용차,상해없음,남,41-50세,승용차,경상,비사업용,승용차,승용차,비사업용,승용차,승용차,고속국도,단일로,기타단일로,맑음,포장,건조,0,0,2,0
20180523,16시,경기,화성시,수,경상,차대차,기타,기타,안전운전 의무 불이행,남,41-50세,승용차,상해없음,여,41-50세,승용차,경상,비사업용,승용차,승용차,비사업용,승용차,승용차,고속국도,단일로,기타단일로,맑음,포장,건조,0,0,1,0
20180523,17시,인천,부평구,수,경상,차대차,추돌,추돌,안전운전 의무 불이행,남,41-50세,화물차,상해없음,남,21-30세,승용차,경상,비사업용,화물차,화물차,비사업용,승용차,승용차,고속국도,단일로,기타단일로,맑음,포장,건조,0,0,2,0
20180523,18시,경기,화성시,수,경상,차대차,추돌,추돌,안전운전 의무 불이행,남,51-60세,승용차,상해없음,남,31-40세,승용차,경상,사업용,렌터카,렌터카,비사업용,승용차,승용차,고속국도,단일로,기타단일로,맑음,포장,건조,0,0,1,0
20180524,02시,경북,성주군,목,사망,차대차,추돌,추돌,안전운전 의무 불이행,남,51-60세,화물차,사망,남,65세이상,특수차,상해없음,사업용,화물차,화물차,사업용,위험물운송,위험물운송,고속국도,단일로,기타단일로,맑음,포장,건조,1,0,0,0
20180524,05시,경기,군포시,목,중상,차대차,추돌,추돌,안전운전 의무 불이행,남,31-40세,화물차,상해없음,남,31-40세,특수차,중상,사업용,화물차,화물차,사업용,화물차,화물차,고속국도,단일로,기타단일로,맑음,포장,건조,0,1,0,0
20180524,13시,경기,화성시,목,경상,차대차,기타,기타,안전운전 의무 불이행,남,41-50세,승용차,상해없음,남,31-40세,승용차,경상,비사업용,승용차,승용차,사업용,렌터카,렌터카,고속국도,단일로,기타단일로,맑음,포장,건조,0,0,2,0
20180524,14시,경기,평택시,목,경상,차대차,기타,기타,안전운전 의무 불이행,남,51-60세,승합차,상해없음,남,41-50세,승합차,상해없음,사업용,노선버스,고속버스,사업용,노선버스,고속버스,고속국도,단일로,기타단일로,맑음,포장,건조,0,0,1,0
20180524,15시,전북,임실군,목,중상,차대사람,기타,기타,안전운전 의무 불이행,여,41-50세,승용차,상해없음,남,51-60세,보행자,중상,비사업용,승용차,승용차,보행자,보행자,보행자,고속국도,기타,기타,맑음,포장,건조,0,1,0,0
20180524,17시,경기,가평군,목,경상,차대차,측면충돌,측면충돌,안전운전 의무 불이행,남,61-64세,화물차,상해없음,남,65세이상,화물차,경상,비사업용,화물차,화물차,비사업용,화물차,화물차,고속국도,단일로,기타단일로,맑음,포장,건조,0,0,2,0
20180524,17시,경기,안성시,목,부상신고,차대차,측면충돌,측면충돌,안전운전 의무 불이행,남,51-60세,화물차,상해없음,여,51-60세,승합차,부상신고,비사업용,화물차,화물차,사업용,노선버스,고속버스,고속국도,단일로,기타단일로,맑음,포장,건조,0,0,0,1
20180524,17시,경북,고령군,목,경상,차대차,기타,기타,안전운전 의무 불이행,기타불명,불명,불명,기타불명,남,31-40세,승용차,경상,불명,불명,불명,비사업용,승용차,승용차,고속국도,단일로,기타단일로,맑음,포장,건조,0,0,1,0
20180524,21시,경기,화성시,목,중상,차대차,추돌,추돌,안전운전 의무 불이행,남,65세이상,승용차,상해없음,여,31-40세,승용차,중상,비사업용,승용차,승용차,비사업용,승용차,승용차,고속국도,단일로,기타단일로,맑음,포장,건조,0,1,0,0
20180524,22시,충남,보령시,목,경상,차량단독,기타,기타,안전운전 의무 불이행,남,51-60세,승용차,경상,없음,불명,없음,없음,비사업용,승용차,승용차,없음,없음,없음,고속국도,단일로,기타단일로,맑음,포장,건조,0,0,1,0
20180525,00시,경기,안양시,금,경상,차대차,추돌,추돌,안전운전 의무 불이행,남,61-64세,화물차,상해없음,여,41-50세,승용차,경상,비사업용,화물차,화물차,사업용,렌터카,렌터카,고속국도,단일로,기타단일로,맑음,포장,건조,0,0,3,0