발생일,발생시간,발생지_시도,발생지_시군구,요일,사고내용,사고유형_대분류,사고유형_중분류,사고유형,가해자법규위반,가해자성별,가해자연령,가해당사자종별,가해자신체상해정도,피해자성별,피해자연령,피해당사자종별,피해자신체상해정도,가해차량용도_대분류,가해차량용도_중분류,가해차량용도,피해차량용도_대분류,피해차량용도_중분류,피해차량용도,도로종류,도로형태_대분류,도로형태,기상상태,노면상태_대분류,노면상태,사망자수,중상자수,경상자수,부상신고자수
20180612,11시,경기,용인시,화,중상,차대차,기타,기타,과속,남,51-60세,승용차,상해없음,여,20세이하,승용차,중상,비사업용,승용차,승용차,비사업용,승용차,승용차,고속국도,단일로,기타단일로,맑음,포장,건조,0,3,0,1
20180612,13시,대구,달성군,화,경상,차대차,기타,기타,안전운전 의무 불이행,남,65세이상,승용차,상해없음,남,51-60세,승용차,경상,비사업용,승용차,승용차,비사업용,승용차,승용차,고속국도,단일로,기타단일로,맑음,포장,건조,0,0,1,0
20180612,17시,전북,무주군,화,사망,차대차,추돌,추돌,안전운전 의무 불이행,남,65세이상,화물차,사망,남,65세이상,화물차,상해없음,비사업용,화물차,화물차,사업용,화물차,화물차,고속국도,단일로,기타단일로,맑음,포장,건조,1,0,0,0
20180612,19시,경기,시흥시,화,경상,차대차,측면충돌,측면충돌,기타,남,61-64세,화물차,상해없음,남,41-50세,승용차,경상,사업용,화물차,화물차,비사업용,승용차,승용차,고속국도,단일로,교량위,맑음,포장,건조,0,0,1,0
20180613,02시,경기,하남시,수,중상,차대차,추돌,추돌,안전운전 의무 불이행,남,51-60세,화물차,상해없음,남,51-60세,승용차,중상,사업용,화물차,화물차,사업용,택시,법인택시,고속국도,단일로,기타단일로,맑음,포장,건조,0,1,1,0
20180613,04시,경기,화성시,수,경상,차대차,추돌,추돌,안전운전 의무 불이행,남,41-50세,승합차,상해없음,남,41-50세,화물차,경상,비사업용,버스,버스,사업용,화물차,화물차,고속국도,단일로,기타단일로,맑음,포장,건조,0,0,1,0
20180613,15시,인천,남동구,수,경상,차대차,기타,기타,안전운전 의무 불이행,남,51-60세,특수차,상해없음,여,41-50세,승용차,상해없음,사업용,화물차,화물차,비사업용,승용차,승용차,고속국도,단일로,기타단일로,맑음,포장,건조,0,0,1,0
20180613,19시,강원,강릉시,수,경상,차대차,기타,기타,안전거리 미확보,남,31-40세,화물차,상해없음,남,21-30세,승용차,경상,사업용,화물차,화물차,비사업용,승용차,승용차,고속국도,단일로,터널안,비,포장,젖음/습기,0,0,3,0
20180613,20시,경기,성남시,수,경상,차대차,추돌,추돌,안전거리 미확보,남,51-60세,승용차,상해없음,남,41-50세,승용차,경상,비사업용,승용차,승용차,비사업용,승용차,승용차,고속국도,단일로,기타단일로,맑음,포장,건조,0,0,1,0
20180613,22시,부산,강서구,수,중상,차대차,측면충돌,측면충돌,안전운전 의무 불이행,기타불명,불명,불명,기타불명,남,41-50세,승용차,상해없음,불명,불명,불명,비사업용,승용차,승용차,고속국도,단일로,기타단일로,맑음,포장,건조,0,1,0,0
20180613,23시,충북,청주시,수,경상,차량단독,기타,기타,안전운전 의무 불이행,남,31-40세,승용차,경상,없음,불명,없음,없음,비사업용,승용차,승용차,없음,없음,없음,고속국도,기타,기타,맑음,포장,젖음/습기,0,0,1,0
20180614,05시,강원,강릉시,목,경상,차대차,추돌,추돌,안전운전 의무 불이행,남,21-30세,승용차,상해없음,남,31-40세,화물차,경상,비사업용,승용차,승용차,사업용,화물차,화물차,고속국도,단일로,터널안,맑음,포장,건조,0,0,4,0
20180614,05시,경북,구미시,목,경상,차량단독,전도,전도,안전운전 의무 불이행,남,41-50세,화물차,경상,없음,불명,없음,없음,사업용,화물차,화물차,없음,없음,없음,고속국도,단일로,기타단일로,맑음,포장,건조,0,0,1,0
20180614,06시,경기,시흥시,목,사망,차대차,추돌,추돌,안전운전 의무 불이행,남,51-60세,승용차,사망,남,65세이상,화물차,상해없음,비사업용,승용차,승용차,비사업용,화물차,화물차,고속국도,단일로,기타단일로,비,포장,젖음/습기,1,0,0,0
20180614,10시,경기,하남시,목,경상,차대차,기타,기타,안전운전 의무 불이행,남,51-60세,특수차,상해없음,남,41-50세,화물차,경상,사업용,화물차,화물차,사업용,화물차,화물차,고속국도,단일로,기타단일로,흐림,포장,건조,0,0,1,0
20180614,13시,충북,충주시,목,중상,차대차,추돌,추돌,안전운전 의무 불이행,남,41-50세,화물차,중상,남,65세이상,화물차,중상,비사업용,화물차,화물차,비사업용,화물차,화물차,고속국도,단일로,기타단일로,맑음,포장,건조,0,2,0,0
20180614,14시,경기,안산시,목,경상,차대차,추돌,추돌,안전운전 의무 불이행,남,31-40세,화물차,상해없음,남,41-50세,승용차,경상,사업용,화물차,화물차,비사업용,승용차,승용차,고속국도,단일로,기타단일로,맑음,포장,건조,0,0,4,0
20180614,14시,경기,안산시,목,경상,차대차,추돌,추돌,안전운전 의무 불이행,남,41-50세,승용차,상해없음,남,51-60세,화물차,상해없음,비사업용,승용차,승용차,사업용,화물차,화물차,고속국도,단일로,기타단일로,맑음,포장,건조,0,0,1,0
20180614,16시,충북,청주시,목,경상,차대차,추돌,추돌,안전운전 의무 불이행,남,21-30세,승용차,상해없음,남,41-50세,승용차,경상,비사업용,승용차,승용차,비사업용,승용차,승용차,고속국도,단일로,기타단일로,맑음,포장,건조,0,0,1,0
20180614,17시,경기,남양주시,목,중상,차대차,추돌,추돌,안전운전 의무 불이행,남,21-30세,승용차,상해없음,남,21-30세,승용차,중상,비사업용,승용차,승용차,사업용,렌터카,렌터카,고속국도,단일로,기타단일로,맑음,포장,건조,0,1,2,0
20180614,19시,대전,대덕구,목,경상,차대차,측면충돌,측면충돌,안전운전 의무 불이행,남,65세이상,화물차,상해없음,남,41-50세,승용차,경상,사업용,화물차,화물차,비사업용,승용차,승용차,고속국도,단일로,기타단일로,맑음,포장,건조,0,0,1,0
20180614,21시,경기,남양주시,목,경상,차대차,기타,기타,안전운전 의무 불이행,남,31-40세,승용차,상해없음,남,41-50세,승용차,경상,비사업용,승용차,승용차,비사업용,승용차,승용차,고속국도,단일로,기타단일로,맑음,포장,건조,0,0,1,2
20180614,22시,충북,괴산군,목,중상,차대차,추돌,추돌,안전운전 의무 불이행,남,51-60세,화물차,중상,남,41-50세,화물차,중상,사업용,화물차,화물차,비사업용,화물차,화물차,고속국도,단일로,기타단일로,맑음,포장,건조,0,2,1,0
20180614,23시,전남,함평군,목,경상,차대차,측면충돌,측면충돌,안전운전 의무 불이행,남,31-40세,승용차,상해없음,남,51-60세,화물차,경상,비사업용,승용차,승용차,비사업용,화물차,화물차,고속국도,단일로,기타단일로,맑음,포장,건조,0,0,1,0
20180615,02시,경기,여주시,금,중상,차대차,기타,기타,안전운전 의무 불이행,남,65세이상,승용차,상해없음,남,51-60세,화물차,중상,비사업용,승용차,승용차,사업용,화물차,화물차,고속국도,단일로,기타단일로,맑음,포장,건조,0,1,0,0
20180615,11시,경남,창원시,금,경상,차대차,추돌,추돌,안전운전 의무 불이행,남,65세이상,화물차,상해없음,남,51-60세,승용차,상해없음,비사업용,화물차,화물차,비사업용,승용차,승용차,고속국도,단일로,기타단일로,맑음,포장,건조,0,0,4,0
20180615,14시,경기,화성시,금,경상,차대차,측면충돌,측면충돌,안전거리 미확보,여,41-50세,화물차,상해없음,남,51-60세,승용차,경상,비사업용,화물차,화물차,비사업용,승용차,승용차,고속국도,단일로,기타단일로,맑음,포장,건조,0,0,1,0
20180615,17시,경기,수원시,금,경상,차대차,기타,기타,안전거리 미확보,남,31-40세,승용차,상해없음,남,41-50세,승용차,경상,비사업용,승용차,승용차,비사업용,승용차,승용차,고속국도,단일로,기타단일로,맑음,포장,건조,0,0,1,0
20180615,17시,광주,광산구,금,경상,차대차,추돌,추돌,안전거리 미확보,남,21-30세,승합차,상해없음,여,51-60세,승용차,경상,비사업용,버스,버스,비사업용,승용차,승용차,고속국도,단일로,기타단일로,맑음,포장,건조,0,0,1,0
20180615,19시,경기,용인시,금,경상,차대차,기타,기타,기타,남,51-60세,승합차,상해없음,남,31-40세,승용차,경상,사업용,전세버스,전세버스,비사업용,승용차,승용차,고속국도,단일로,기타단일로,맑음,포장,건조,0,0,1,0
20180615,19시,경기,의왕시,금,경상,차대차,기타,기타,기타,남,61-64세,승합차,상해없음,남,21-30세,승용차,경상,사업용,전세버스,전세버스,비사업용,승용차,승용차,고속국도,단일로,기타단일로,맑음,포장,건조,0,0,1,0
20180615,19시,대전,대덕구,금,경상,차대차,추돌,추돌,안전운전 의무 불이행,여,51-60세,화물차,상해없음,남,41-50세,승용차,경상,비사업용,화물차,화물차,비사업용,승용차,승용차,고속국도,단일로,기타단일로,맑음,포장,건조,0,0,1,0
20180615,21시,경기,의왕시,금,경상,차대차,기타,기타,안전운전 의무 불이행,남,51-60세,화물차,상해없음,남,31-40세,승용차,상해없음,비사업용,화물차,화물차,비사업용,승용차,승용차,고속국도,단일로,기타단일로,맑음,포장,건조,0,0,2,0
20180616,11시,인천,남동구,토,경상,차대차,추돌,추돌,안전운전 의무 불이행,남,31-40세,화물차,상해없음,남,51-60세,화물차,경상,비사업용,화물차,화물차,비사업용,화물차,화물차,고속국도,단일로,기타단일로,맑음,포장,건조,0,0,1,0
20180616,14시,대구,동구,토,경상,차대차,기타,기타,안전운전 의무 불이행,남,31-40세,승용차,상해없음,남,61-64세,화물차,경상,비사업용,승용차,승용차,사업용,화물차,화물차,고속국도,단일로,기타단일로,맑음,포장,건조,0,0,1,0
20180616,16시,경기,안양시,토,경상,차대차,기타,기타,안전운전 의무 불이행,남,31-40세,건설기계,상해없음,남,51-60세,승용차,상해없음,사업용,기타/건설기계,기타/건설기계,비사업용,승용차,승용차,고속국도,단일로,기타단일로,맑음,포장,건조,0,0,1,0
20180616,17시,충북,진천군,토,중상,차대차,기타,기타,안전거리 미확보,남,31-40세,승용차,상해없음,여,31-40세,승용차,중상,비사업용,승용차,승용차,비사업용,승용차,승용차,고속국도,단일로,기타단일로,맑음,포장,건조,0,2,5,0
20180616,18시,경남,거창군,토,경상,차대차,기타,기타,안전운전 의무 불이행,남,41-50세,승용차,상해없음,남,51-60세,승합차,경상,비사업용,승용차,승용차,사업용,전세버스,전세버스,고속국도,단일로,기타단일로,맑음,포장,건조,0,0,1,0
20180616,19시,경기,하남시,토,경상,차대차,기타,기타,안전거리 미확보,여,31-40세,승용차,상해없음,남,31-40세,승합차,경상,비사업용,승용차,승용차,사업용,노선버스,시외버스,고속국도,단일로,기타단일로,맑음,포장,건조,0,0,1,0
20180616,22시,경기,시흥시,토,중상,차대차,기타,기타,안전거리 미확보,남,65세이상,승용차,상해없음,남,41-50세,화물차,중상,사업용,택시,법인택시,비사업용,화물차,화물차,고속국도,단일로,기타단일로,맑음,포장,건조,0,1,0,0
20180616,22시,충남,보령시,토,경상,차대차,측면충돌,측면충돌,안전운전 의무 불이행,남,51-60세,승용차,상해없음,남,65세이상,승용차,경상,비사업용,승용차,승용차,비사업용,승용차,승용차,고속국도,단일로,기타단일로,맑음,포장,건조,0,0,2,0
20180617,00시,경기,오산시,일,경상,차대차,측면충돌,측면충돌,안전운전 의무 불이행,기타불명,불명,불명,기타불명,여,31-40세,승용차,경상,불명,불명,불명,비사업용,승용차,승용차,고속국도,단일로,기타단일로,맑음,포장,건조,0,0,2,0
20180617,01시,경북,고령군,일,사망,차량단독,기타,기타,안전운전 의무 불이행,남,41-50세,승용차,사망,없음,불명,없음,없음,비사업용,승용차,승용차,없음,없음,없음,고속국도,단일로,기타단일로,맑음,포장,건조,1,1,2,0
20180617,02시,경기,군포시,일,경상,차대차,기타,기타,안전운전 의무 불이행,남,21-30세,승용차,상해없음,남,31-40세,승합차,상해없음,비사업용,승용차,승용차,비사업용,버스,버스,고속국도,단일로,터널안,맑음,포장,건조,0,0,3,0
20180617,06시,경기,용인시,일,중상,차대차,추돌,추돌,안전운전 의무 불이행,남,21-30세,승용차,상해없음,남,51-60세,승용차,중상,비사업용,승용차,승용차,비사업용,승용차,승용차,고속국도,단일로,기타단일로,맑음,포장,건조,0,2,1,0
20180617,11시,경북,고령군,일,중상,차대차,측면충돌,측면충돌,안전운전 의무 불이행,남,21-30세,승용차,상해없음,남,51-60세,승용차,경상,사업용,렌터카,렌터카,비사업용,승용차,승용차,고속국도,단일로,기타단일로,맑음,포장,건조,0,1,2,0
20180617,12시,충남,당진시,일,경상,차대차,측면충돌,측면충돌,안전운전 의무 불이행,여,41-50세,승용차,상해없음,남,31-40세,승용차,경상,비사업용,승용차,승용차,사업용,렌터카,렌터카,고속국도,단일로,기타단일로,맑음,포장,건조,0,0,2,0
20180617,15시,경기,시흥시,일,경상,차대차,추돌,추돌,안전거리 미확보,남,51-60세,승용차,상해없음,여,41-50세,승용차,경상,비사업용,승용차,승용차,비사업용,승용차,승용차,고속국도,단일로,교량위,맑음,포장,건조,0,0,1,0
20180617,16시,경기,성남시,일,경상,차대차,측면충돌,측면충돌,안전운전 의무 불이행,남,51-60세,승용차,상해없음,남,65세이상,승용차,경상,비사업용,승용차,승용차,비사업용,승용차,승용차,고속국도,단일로,기타단일로,맑음,포장,건조,0,0,1,0
20180617,16시,경북,김천시,일,중상,차대차,추돌,추돌,안전거리 미확보,여,51-60세,승용차,상해없음,남,41-50세,승합차,상해없음,비사업용,승용차,승용차,사업용,전세버스,전세버스,고속국도,단일로,기타단일로,맑음,포장,건조,0,2,2,0
20180617,17시,인천,계양구,일,부상신고,차대차,기타,기타,안전운전 의무 불이행,기타불명,불명,불명,기타불명,남,20세이하,승용차,상해없음,불명,불명,불명,비사업용,승용차,승용차,고속국도,단일로,기타단일로,맑음,포장,건조,0,0,0,1
20180617,17시,충북,청주시,일,중상,차대차,추돌,추돌,안전운전 의무 불이행,남,21-30세,승용차,상해없음,남,21-30세,승용차,중상,비사업용,승용차,승용차,비사업용,승용차,승용차,고속국도,단일로,기타단일로,맑음,포장,건조,0,2,0,0
20180618,07시,울산,울주군,월,사망,차대차,추돌,추돌,안전거리 미확보,남,61-64세,특수차,상해없음,여,41-50세,승용차,사망,사업용,화물차,화물차,비사업용,승용차,승용차,고속국도,단일로,기타단일로,맑음,포장,건조,1,4,1,0
20180618,08시,경기,용인시,월,중상,차대차,측면충돌,측면충돌,안전운전 의무 불이행,남,41-50세,승용차,상해없음,남,51-60세,승합차,상해없음,사업용,렌터카,렌터카,사업용,노선버스,시외버스,고속국도,단일로,기타단일로,맑음,포장,건조,0,1,2,0
20180618,08시,경기,하남시,월,경상,차대차,측면충돌,측면충돌,안전거리 미확보,남,31-40세,화물차,상해없음,남,31-40세,승용차,경상,사업용,화물차,화물차,비사업용,승용차,승용차,고속국도,단일로,기타단일로,맑음,포장,건조,0,0,1,0
20180618,09시,경기,평택시,월,경상,차대차,추돌,추돌,안전운전 의무 불이행,남,65세이상,화물차,부상신고,남,41-50세,승용차,경상,비사업용,화물차,화물차,비사업용,승용차,승용차,고속국도,기타,기타,맑음,포장,건조,0,0,3,5
20180618,10시,전북,고창군,월,경상,차대차,추돌,추돌,중앙선 침범,남,41-50세,화물차,상해없음,남,41-50세,화물차,경상,비사업용,화물차,화물차,사업용,화물차,화물차,고속국도,단일로,기타단일로,맑음,포장,건조,0,0,1,0
20180618,11시,경기,시흥시,월,경상,차대차,기타,기타,기타,남,41-50세,화물차,상해없음,남,31-40세,화물차,경상,비사업용,화물차,화물차,사업용,화물차,화물차,고속국도,기타,기타,맑음,포장,건조,0,0,1,1
20180618,12시,충북,청주시,월,중상,차대차,추돌,추돌,안전운전 의무 불이행,여,31-40세,승용차,중상,여,51-60세,승용차,경상,비사업용,승용차,승용차,비사업용,승용차,승용차,고속국도,기타,기타,맑음,포장,건조,0,1,1,0
20180618,15시,경기,하남시,월,경상,차대차,기타,기타,안전운전 의무 불이행,남,51-60세,승용차,상해없음,여,21-30세,승용차,경상,비사업용,승용차,승용차,사업용,렌터카,렌터카,고속국도,기타,기타,맑음,포장,건조,0,0,1,0
20180618,17시,경기,용인시,월,중상,차대차,추돌,추돌,안전운전 의무 불이행,남,51-60세,승용차,부상신고,여,41-50세,승용차,중상,비사업용,승용차,승용차,비사업용,승용차,승용차,고속국도,기타,기타,맑음,포장,건조,0,1,2,1
20180618,19시,강원,강릉시,월,중상,차량단독,공작물충돌,공작물충돌,안전운전 의무 불이행,여,21-30세,화물차,중상,없음,불명,없음,없음,사업용,화물차,화물차,없음,없음,없음,고속국도,단일로,기타단일로,맑음,포장,건조,0,1,1,0
20180618,21시,충북,충주시,월,중상,차대차,추돌,추돌,안전운전 의무 불이행,남,51-60세,화물차,중상,남,51-60세,화물차,경상,사업용,화물차,화물차,사업용,화물차,화물차,고속국도,단일로,기타단일로,맑음,포장,건조,0,1,1,0
20180618,23시,경기,화성시,월,경상,차대차,측면충돌,측면충돌,안전운전 의무 불이행,남,51-60세,승용차,상해없음,남,31-40세,승용차,경상,비사업용,승용차,승용차,비사업용,승용차,승용차,고속국도,단일로,기타단일로,맑음,포장,건조,0,0,1,0
20180619,00시,대전,유성구,화,경상,차대차,추돌,추돌,안전운전 의무 불이행,남,41-50세,화물차,상해없음,남,51-60세,화물차,경상,사업용,화물차,화물차,사업용,화물차,화물차,고속국도,단일로,기타단일로,맑음,포장,건조,0,0,1,0
20180619,06시,경기,시흥시,화,경상,차대차,추돌,추돌,안전운전 의무 불이행,남,21-30세,승용차,상해없음,남,51-60세,화물차,경상,비사업용,승용차,승용차,비사업용,화물차,화물차,고속국도,단일로,기타단일로,맑음,포장,건조,0,0,1,0
20180619,07시,충남,천안시,화,경상,차대차,추돌,추돌,기타,여,51-60세,승용차,상해없음,남,41-50세,화물차,경상,비사업용,승용차,승용차,사업용,화물차,화물차,고속국도,단일로,기타단일로,맑음,포장,건조,0,0,1,0
20180619,10시,경기,용인시,화,경상,차대차,측면충돌,측면충돌,안전거리 미확보,남,61-64세,승용차,상해없음,남,31-40세,승용차,경상,비사업용,승용차,승용차,비사업용,승용차,승용차,고속국도,단일로,기타단일로,맑음,포장,건조,0,0,1,0
20180619,14시,경기,하남시,화,경상,차대차,측면충돌,측면충돌,안전거리 미확보,남,65세이상,특수차,상해없음,남,31-40세,승용차,경상,사업용,화물차,화물차,비사업용,승용차,승용차,고속국도,단일로,기타단일로,맑음,포장,건조,0,0,1,0
20180619,15시,경기,안양시,화,경상,차대차,측면충돌,측면충돌,기타,남,31-40세,승용차,상해없음,남,31-40세,화물차,경상,비사업용,승용차,승용차,사업용,화물차,화물차,고속국도,단일로,기타단일로,맑음,포장,건조,0,0,1,0
20180619,15시,경북,김천시,화,경상,차대차,추돌,추돌,안전운전 의무 불이행,남,51-60세,화물차,상해없음,남,61-64세,화물차,경상,사업용,화물차,화물차,비사업용,화물차,화물차,고속국도,단일로,기타단일로,맑음,포장,건조,0,0,1,0
20180619,15시,대전,유성구,화,중상,차대차,기타,기타,안전운전 의무 불이행,남,41-50세,특수차,상해없음,남,65세이상,승용차,중상,사업용,화물차,화물차,비사업용,승용차,승용차,고속국도,단일로,기타단일로,비,포장,젖음/습기,0,1,0,0
20180619,16시,경기,안산시,화,경상,차대차,측면충돌,측면충돌,안전거리 미확보,남,41-50세,화물차,상해없음,남,31-40세,승용차,경상,사업용,화물차,화물차,비사업용,승용차,승용차,고속국도,단일로,기타단일로,맑음,포장,건조,0,0,1,0
20180619,17시,경기,용인시,화,경상,차대차,기타,기타,안전거리 미확보,남,61-64세,승합차,상해없음,남,41-50세,승합차,경상,사업용,전세버스,전세버스,사업용,노선버스,고속버스,고속국도,단일로,기타단일로,맑음,포장,건조,0,0,2,0
20180619,17시,경기,의왕시,화,경상,차대차,측면충돌,측면충돌,안전거리 미확보,남,41-50세,건설기계,상해없음,남,51-60세,승용차,경상,비사업용,기타/건설기계,기타/건설기계,비사업용,승용차,승용차,고속국도,단일로,기타단일로,맑음,포장,건조,0,0,1,0
20180619,18시,대구,달서구,화,경상,차대차,추돌,추돌,안전거리 미확보,남,21-30세,승용차,상해없음,남,61-64세,승용차,상해없음,비사업용,승용차,승용차,비사업용,승용차,승용차,고속국도,단일로,기타단일로,비,포장,젖음/습기,0,0,1,0
20180619,19시,인천,남동구,화,중상,차대차,추돌,추돌,안전거리 미확보,남,31-40세,승용차,상해없음,여,21-30세,승용차,중상,비사업용,승용차,승용차,비사업용,승용차,승용차,고속국도,단일로,교량위,맑음,포장,건조,0,2,0,0
20180619,21시,경기,광명시,화,경상,차대차,측면충돌,측면충돌,기타,기타불명,불명,불명,기타불명,남,65세이상,화물차,경상,불명,불명,불명,사업용,화물차,화물차,고속국도,단일로,교량위,맑음,포장,건조,0,0,1,0
20180620,05시,전남,장성군,수,경상,차대차,추돌,추돌,안전운전 의무 불이행,남,21-30세,승용차,상해없음,남,41-50세,화물차,경상,사업용,렌터카,렌터카,사업용,화물차,화물차,고속국도,단일로,기타단일로,맑음,포장,건조,0,0,1,0
20180620,10시,경남,김해시,수,경상,차대차,추돌,추돌,안전운전 의무 불이행,남,51-60세,특수차,상해없음,남,51-60세,화물차,상해없음,사업용,화물차,화물차,비사업용,화물차,화물차,고속국도,단일로,기타단일로,맑음,포장,건조,0,0,1,0
20180620,18시,인천,남동구,수,중상,차대차,추돌,추돌,안전거리 미확보,남,31-40세,화물차,중상,남,41-50세,승합차,경상,비사업용,화물차,화물차,비사업용,버스,버스,고속국도,단일로,기타단일로,맑음,포장,건조,0,1,1,0
20180620,22시,경기,시흥시,수,경상,차대차,추돌,추돌,안전운전 의무 불이행,남,51-60세,승용차,상해없음,여,31-40세,승용차,경상,비사업용,승용차,승용차,비사업용,승용차,승용차,고속국도,단일로,기타단일로,맑음,포장,건조,0,0,3,0
20180621,09시,경기,성남시,목,경상,차대차,추돌,추돌,안전운전 의무 불이행,남,51-60세,승용차,상해없음,남,41-50세,승용차,경상,사업용,렌터카,렌터카,비사업용,승용차,승용차,고속국도,단일로,기타단일로,맑음,포장,건조,0,0,1,0
20180621,09시,경기,용인시,목,경상,차대차,추돌,추돌,안전운전 의무 불이행,여,41-50세,승용차,상해없음,남,21-30세,승용차,부상신고,비사업용,승용차,승용차,사업용,렌터카,렌터카,고속국도,단일로,기타단일로,맑음,포장,건조,0,0,1,3
20180621,10시,전북,정읍시,목,경상,차대차,기타,기타,기타,남,41-50세,승용차,상해없음,남,51-60세,화물차,경상,사업용,택시,법인택시,비사업용,화물차,화물차,고속국도,단일로,기타단일로,맑음,포장,건조,0,0,1,0
20180621,13시,경기,용인시,목,경상,차대차,측면충돌,측면충돌,안전운전 의무 불이행,남,41-50세,화물차,상해없음,남,51-60세,승용차,상해없음,사업용,화물차,화물차,비사업용,승용차,승용차,고속국도,단일로,기타단일로,맑음,포장,건조,0,0,1,1
20180621,14시,서울,서초구,목,경상,차대차,추돌,추돌,안전운전 의무 불이행,남,31-40세,승용차,상해없음,남,41-50세,승용차,경상,비사업용,승용차,승용차,비사업용,승용차,승용차,고속국도,단일로,기타단일로,맑음,포장,건조,0,0,1,0
20180621,15시,경기,수원시,목,경상,차대차,기타,기타,안전운전 의무 불이행,남,51-60세,화물차,기타불명,여,51-60세,승용차,경상,비사업용,화물차,화물차,비사업용,승용차,승용차,고속국도,단일로,기타단일로,맑음,포장,건조,0,0,2,0
20180621,18시,강원,강릉시,목,경상,차대차,기타,기타,안전운전 의무 불이행,기타불명,65세이상,불명,기타불명,남,21-30세,승용차,경상,불명,불명,불명,비사업용,승용차,승용차,고속국도,단일로,기타단일로,맑음,포장,건조,0,0,2,0
20180622,04시,경기,시흥시,금,중상,차대차,추돌,추돌,기타,남,51-60세,화물차,상해없음,남,51-60세,화물차,중상,비사업용,화물차,화물차,사업용,화물차,화물차,고속국도,단일로,교량위,맑음,포장,건조,0,3,2,1
20180622,07시,서울,서초구,금,경상,차대차,추돌,추돌,안전운전 의무 불이행,남,21-30세,승용차,상해없음,남,21-30세,승용차,경상,비사업용,승용차,승용차,사업용,렌터카,렌터카,고속국도,기타,기타,맑음,포장,건조,0,0,1,0
20180622,09시,경기,의정부시,금,경상,차대차,기타,기타,안전거리 미확보,남,51-60세,건설기계,상해없음,남,51-60세,화물차,경상,비사업용,기타/건설기계,기타/건설기계,사업용,화물차,화물차,고속국도,단일로,기타단일로,맑음,포장,건조,0,0,1,0
20180622,10시,경기,화성시,금,경상,차대차,기타,기타,안전운전 의무 불이행,남,21-30세,승용차,상해없음,여,31-40세,승용차,상해없음,비사업용,승용차,승용차,비사업용,승용차,승용차,고속국도,단일로,기타단일로,맑음,포장,건조,0,0,2,0
20180622,12시,경기,평택시,금,경상,차대차,기타,기타,안전운전 의무 불이행,남,41-50세,화물차,상해없음,남,41-50세,승용차,경상,사업용,화물차,화물차,사업용,렌터카,렌터카,고속국도,단일로,기타단일로,맑음,포장,건조,0,0,1,0
20180622,14시,광주,북구,금,경상,차대차,기타,기타,기타,남,61-64세,승용차,경상,남,31-40세,승용차,상해없음,비사업용,승용차,승용차,비사업용,승용차,승용차,고속국도,교차로,교차로내,맑음,포장,건조,0,0,2,0
20180622,15시,경기,평택시,금,경상,차대차,기타,기타,안전운전 의무 불이행,남,41-50세,화물차,상해없음,여,31-40세,승용차,경상,비사업용,화물차,화물차,비사업용,승용차,승용차,고속국도,단일로,기타단일로,맑음,포장,건조,0,0,1,0
20180622,15시,충북,진천군,금,중상,차대차,추돌,추돌,안전거리 미확보,남,31-40세,승용차,부상신고,남,21-30세,승용차,부상신고,비사업용,승용차,승용차,비사업용,승용차,승용차,고속국도,단일로,기타단일로,맑음,포장,건조,0,3,4,2
20180622,16시,인천,남동구,금,경상,차대차,기타,기타,안전거리 미확보,남,61-64세,화물차,상해없음,여,21-30세,승용차,경상,사업용,화물차,화물차,비사업용,승용차,승용차,고속국도,기타,기타,맑음,포장,건조,0,0,2,0
20180622,17시,경기,오산시,금,경상,차대차,기타,기타,안전운전 의무 불이행,여,61-64세,승용차,상해없음,남,51-60세,화물차,상해없음,비사업용,승용차,승용차,사업용,화물차,화물차,고속국도,단일로,기타단일로,맑음,포장,건조,0,0,2,0
20180622,17시,인천,부평구,금,경상,차대차,추돌,추돌,안전거리 미확보,남,31-40세,승용차,상해없음,여,41-50세,승용차,경상,비사업용,승용차,승용차,비사업용,승용차,승용차,고속국도,단일로,교량위,맑음,포장,건조,0,0,3,0
20180622,18시,강원,춘천시,금,중상,차대차,추돌,추돌,안전거리 미확보,남,41-50세,승합차,상해없음,남,21-30세,승용차,중상,비사업용,기타/건설기계,기타/건설기계,비사업용,승용차,승용차,고속국도,기타,기타,맑음,포장,건조,0,2,3,2
20180622,18시,경기,구리시,금,경상,차대차,추돌,추돌,안전운전 의무 불이행,여,31-40세,승용차,상해없음,남,21-30세,승용차,경상,비사업용,승용차,승용차,비사업용,승용차,승용차,고속국도,단일로,기타단일로,맑음,포장,건조,0,0,1,0
20180622,21시,인천,계양구,금,중상,차대차,추돌,추돌,안전운전 의무 불이행,남,41-50세,승용차,상해없음,남,31-40세,승용차,중상,사업용,렌터카,렌터카,비사업용,승용차,승용차,고속국도,단일로,기타단일로,맑음,포장,건조,0,1,0,0
20180622,21시,전남,함평군,금,부상신고,차대차,추돌,추돌,안전거리 미확보,여,51-60세,승용차,부상신고,남,31-40세,화물차,상해없음,비사업용,승용차,승용차,비사업용,화물차,화물차,고속국도,단일로,기타단일로,맑음,포장,건조,0,0,0,1
20180623,02시,경남,밀양시,토,중상,차대차,측면충돌,측면충돌,안전거리 미확보,남,51-60세,특수차,상해없음,남,65세이상,화물차,상해없음,사업용,화물차,화물차,사업용,화물차,화물차,고속국도,단일로,기타단일로,맑음,포장,건조,0,1,2,0