발생일,발생시간,발생지_시도,발생지_시군구,요일,사고내용,사고유형_대분류,사고유형_중분류,사고유형,가해자법규위반,가해자성별,가해자연령,가해당사자종별,가해자신체상해정도,피해자성별,피해자연령,피해당사자종별,피해자신체상해정도,가해차량용도_대분류,가해차량용도_중분류,가해차량용도,피해차량용도_대분류,피해차량용도_중분류,피해차량용도,도로종류,도로형태_대분류,도로형태,기상상태,노면상태_대분류,노면상태,사망자수,중상자수,경상자수,부상신고자수
20180623,06시,경기,수원시,토,경상,차대차,추돌,추돌,안전운전 의무 불이행,남,31-40세,승용차,상해없음,남,51-60세,승용차,경상,사업용,렌터카,렌터카,비사업용,승용차,승용차,고속국도,단일로,기타단일로,맑음,포장,건조,0,0,6,0
20180623,10시,경북,영천시,토,사망,차대차,기타,기타,안전운전 의무 불이행,남,61-64세,승용차,경상,여,31-40세,승용차,경상,비사업용,승용차,승용차,비사업용,승용차,승용차,고속국도,단일로,기타단일로,맑음,포장,건조,1,0,9,0
20180623,12시,인천,계양구,토,경상,차대차,추돌,추돌,안전운전 의무 불이행,남,21-30세,승용차,상해없음,여,51-60세,승용차,경상,비사업용,승용차,승용차,비사업용,승용차,승용차,고속국도,단일로,기타단일로,맑음,포장,건조,0,0,1,0
20180623,15시,경기,평택시,토,경상,차대차,추돌,추돌,안전운전 의무 불이행,남,31-40세,승용차,상해없음,남,41-50세,승용차,부상신고,비사업용,승용차,승용차,비사업용,승용차,승용차,고속국도,단일로,기타단일로,맑음,포장,건조,0,0,1,1
20180623,16시,충남,천안시,토,경상,차대차,추돌,추돌,안전운전 의무 불이행,남,21-30세,승용차,상해없음,여,41-50세,승용차,경상,비사업용,승용차,승용차,비사업용,승용차,승용차,고속국도,기타,기타,맑음,포장,건조,0,0,1,0
20180623,18시,경기,평택시,토,부상신고,차대차,추돌,추돌,안전운전 의무 불이행,남,41-50세,승용차,상해없음,남,51-60세,승용차,부상신고,비사업용,승용차,승용차,비사업용,승용차,승용차,고속국도,단일로,기타단일로,맑음,포장,건조,0,0,0,9
20180623,22시,충남,공주시,토,중상,차대차,측면충돌,측면충돌,안전운전 의무 불이행,남,21-30세,승합차,상해없음,여,51-60세,승용차,중상,사업용,렌터카,렌터카,비사업용,승용차,승용차,고속국도,기타,기타,맑음,포장,건조,0,2,1,0
20180624,00시,충남,천안시,일,중상,차대차,추돌,추돌,안전운전 의무 불이행,남,21-30세,승용차,기타불명,남,51-60세,승용차,중상,비사업용,승용차,승용차,비사업용,승용차,승용차,고속국도,기타,기타,맑음,포장,건조,0,1,1,0
20180624,01시,경기,양주시,일,경상,차대차,추돌,추돌,안전운전 의무 불이행,남,51-60세,승용차,경상,남,41-50세,승용차,부상신고,비사업용,승용차,승용차,비사업용,승용차,승용차,고속국도,단일로,기타단일로,맑음,포장,건조,0,0,3,1
20180624,07시,경남,양산시,일,경상,차대차,추돌,추돌,안전운전 의무 불이행,남,21-30세,승용차,상해없음,여,65세이상,승용차,경상,비사업용,승용차,승용차,비사업용,승용차,승용차,고속국도,단일로,기타단일로,맑음,포장,건조,0,0,1,0
20180624,14시,경기,남양주시,일,경상,차대차,기타,기타,기타,여,31-40세,승용차,상해없음,여,41-50세,승용차,경상,비사업용,승용차,승용차,비사업용,승용차,승용차,고속국도,단일로,기타단일로,맑음,포장,건조,0,0,5,0
20180624,17시,경남,양산시,일,경상,차대차,측면충돌,측면충돌,안전운전 의무 불이행,남,51-60세,승용차,상해없음,남,21-30세,승용차,경상,비사업용,승용차,승용차,비사업용,승용차,승용차,고속국도,기타,기타,맑음,포장,건조,0,0,1,0
20180624,22시,인천,부평구,일,경상,차대차,추돌,추돌,안전거리 미확보,남,51-60세,승용차,상해없음,남,21-30세,승용차,경상,사업용,택시,법인택시,비사업용,승용차,승용차,고속국도,단일로,기타단일로,맑음,포장,건조,0,0,2,0
20180624,23시,강원,춘천시,일,중상,차량단독,기타,기타,안전운전 의무 불이행,남,61-64세,승합차,중상,없음,불명,없음,없음,비사업용,기타/건설기계,기타/건설기계,없음,없음,없음,고속국도,기타,기타,맑음,포장,건조,0,1,0,0
20180625,07시,경남,양산시,월,중상,차대차,추돌,추돌,안전운전 의무 불이행,여,31-40세,승용차,상해없음,남,31-40세,승용차,경상,비사업용,승용차,승용차,비사업용,승용차,승용차,고속국도,단일로,기타단일로,맑음,포장,건조,0,1,2,0
20180625,08시,대전,유성구,월,경상,차대차,추돌,추돌,안전운전 의무 불이행,남,41-50세,승용차,상해없음,남,31-40세,승용차,경상,비사업용,승용차,승용차,비사업용,승용차,승용차,고속국도,단일로,기타단일로,맑음,포장,건조,0,0,1,0
20180625,08시,전남,목포시,월,경상,차대차,측면충돌,측면충돌,안전거리 미확보,남,21-30세,화물차,상해없음,남,51-60세,화물차,경상,사업용,화물차,화물차,비사업용,화물차,화물차,고속국도,단일로,기타단일로,맑음,포장,건조,0,0,1,0
20180625,13시,인천,부평구,월,경상,차대차,측면충돌,측면충돌,기타,남,41-50세,승합차,상해없음,여,21-30세,승용차,경상,비사업용,버스,버스,사업용,렌터카,렌터카,고속국도,단일로,기타단일로,맑음,포장,건조,0,0,2,0
20180625,14시,경기,군포시,월,중상,차대차,추돌,추돌,안전운전 의무 불이행,남,61-64세,승용차,상해없음,남,51-60세,승합차,중상,비사업용,승용차,승용차,비사업용,버스,버스,고속국도,단일로,터널안,맑음,포장,건조,0,1,3,0
20180625,16시,경기,수원시,월,경상,차대차,추돌,추돌,안전거리 미확보,남,41-50세,승용차,상해없음,남,41-50세,승용차,경상,비사업용,승용차,승용차,비사업용,승용차,승용차,고속국도,단일로,기타단일로,맑음,포장,건조,0,0,1,0
20180625,23시,경기,용인시,월,경상,차대차,기타,기타,안전운전 의무 불이행,남,31-40세,승용차,상해없음,남,51-60세,승용차,경상,비사업용,승용차,승용차,사업용,택시,법인택시,고속국도,단일로,기타단일로,흐림,포장,건조,0,0,1,0
20180625,23시,경북,영천시,월,중상,차대차,기타,기타,안전운전 의무 불이행,남,31-40세,승용차,상해없음,남,31-40세,승용차,중상,비사업용,승용차,승용차,비사업용,승용차,승용차,고속국도,단일로,기타단일로,맑음,포장,건조,0,1,0,0
20180626,02시,전북,정읍시,화,사망,차대차,추돌,추돌,안전운전 의무 불이행,남,41-50세,화물차,사망,남,41-50세,화물차,경상,사업용,화물차,화물차,사업용,화물차,화물차,고속국도,단일로,기타단일로,맑음,포장,건조,1,0,1,0
20180626,04시,전북,완주군,화,사망,차대차,추돌,추돌,안전운전 의무 불이행,남,61-64세,화물차,사망,남,65세이상,화물차,경상,비사업용,화물차,화물차,사업용,화물차,화물차,고속국도,단일로,기타단일로,맑음,포장,건조,1,4,3,0
20180626,04시,충남,공주시,화,경상,차대차,기타,기타,기타,남,51-60세,승용차,상해없음,남,31-40세,승용차,경상,비사업용,승용차,승용차,비사업용,승용차,승용차,고속국도,단일로,기타단일로,흐림,포장,건조,0,0,1,0
20180626,05시,대전,대덕구,화,중상,차대차,기타,기타,안전운전 의무 불이행,남,21-30세,승용차,경상,남,65세이상,승용차,중상,비사업용,승용차,승용차,비사업용,승용차,승용차,고속국도,단일로,기타단일로,맑음,포장,건조,0,1,1,1
20180626,06시,인천,서구,화,경상,차대차,측면충돌,측면충돌,안전운전 의무 불이행,남,41-50세,승용차,상해없음,남,51-60세,승합차,상해없음,사업용,택시,법인택시,사업용,전세버스,전세버스,고속국도,단일로,기타단일로,비,포장,젖음/습기,0,0,3,0
20180626,07시,전남,순천시,화,경상,차대차,추돌,추돌,안전운전 의무 불이행,남,21-30세,승용차,상해없음,남,31-40세,승용차,경상,비사업용,승용차,승용차,비사업용,승용차,승용차,고속국도,단일로,터널안,맑음,포장,건조,0,0,1,0
20180626,08시,경기,고양시,화,경상,차대차,기타,기타,안전운전 의무 불이행,남,51-60세,화물차,상해없음,남,61-64세,승용차,경상,사업용,화물차,화물차,사업용,택시,개인택시,고속국도,단일로,기타단일로,비,포장,젖음/습기,0,0,1,0
20180626,08시,경기,부천시,화,경상,차대차,측면충돌,측면충돌,기타,남,51-60세,화물차,상해없음,남,51-60세,화물차,경상,비사업용,화물차,화물차,비사업용,화물차,화물차,고속국도,단일로,고가도로위,비,포장,젖음/습기,0,0,1,0
20180626,08시,경기,성남시,화,경상,차대차,기타,기타,안전운전 의무 불이행,기타불명,불명,불명,기타불명,여,21-30세,승용차,경상,불명,불명,불명,비사업용,승용차,승용차,고속국도,단일로,기타단일로,비,포장,젖음/습기,0,0,1,0
20180626,09시,경북,구미시,화,사망,차대차,추돌,추돌,안전운전 의무 불이행,남,51-60세,화물차,사망,남,51-60세,화물차,상해없음,비사업용,화물차,화물차,사업용,화물차,화물차,고속국도,단일로,기타단일로,흐림,포장,건조,1,0,0,0
20180626,12시,경기,수원시,화,중상,차대차,측면충돌,측면충돌,안전운전 의무 불이행,남,51-60세,특수차,상해없음,남,65세이상,건설기계,중상,사업용,화물차,화물차,사업용,기타/건설기계,기타/건설기계,고속국도,단일로,기타단일로,비,포장,젖음/습기,0,1,0,0
20180626,15시,전북,장수군,화,중상,차대차,측면충돌,측면충돌,기타,남,41-50세,특수차,상해없음,남,31-40세,승합차,중상,비사업용,화물차,화물차,사업용,노선버스,시외버스,고속국도,단일로,기타단일로,맑음,포장,건조,0,6,8,0
20180626,16시,충남,천안시,화,중상,차대차,측면충돌,측면충돌,안전운전 의무 불이행,남,51-60세,화물차,상해없음,남,41-50세,승용차,중상,비사업용,화물차,화물차,비사업용,승용차,승용차,고속국도,단일로,기타단일로,비,포장,젖음/습기,0,2,4,0
20180626,17시,경기,광주시,화,경상,차대차,기타,기타,안전운전 의무 불이행,여,21-30세,승용차,경상,남,51-60세,승용차,상해없음,비사업용,승용차,승용차,비사업용,승용차,승용차,고속국도,단일로,기타단일로,비,포장,젖음/습기,0,0,1,1
20180626,17시,경기,성남시,화,경상,차대차,기타,기타,안전운전 의무 불이행,남,21-30세,승용차,상해없음,남,31-40세,승용차,경상,비사업용,승용차,승용차,비사업용,승용차,승용차,고속국도,단일로,기타단일로,비,포장,젖음/습기,0,0,1,0
20180626,17시,경기,평택시,화,경상,차대차,기타,기타,안전운전 의무 불이행,남,41-50세,화물차,기타불명,남,41-50세,화물차,경상,사업용,화물차,화물차,비사업용,화물차,화물차,고속국도,단일로,기타단일로,비,포장,젖음/습기,0,0,1,0
20180626,18시,경기,오산시,화,중상,차대차,기타,기타,안전운전 의무 불이행,남,21-30세,승용차,상해없음,남,51-60세,승용차,중상,사업용,렌터카,렌터카,비사업용,승용차,승용차,고속국도,단일로,기타단일로,비,포장,젖음/습기,0,1,0,0
20180626,19시,경기,안성시,화,경상,차대차,기타,기타,안전운전 의무 불이행,여,21-30세,승용차,상해없음,남,41-50세,승용차,경상,비사업용,승용차,승용차,비사업용,승용차,승용차,고속국도,단일로,기타단일로,비,포장,젖음/습기,0,0,1,0
20180626,19시,부산,금정구,화,경상,차대차,기타,기타,안전거리 미확보,남,51-60세,승용차,기타불명,남,41-50세,승용차,상해없음,비사업용,승용차,승용차,사업용,택시,법인택시,고속국도,단일로,기타단일로,맑음,포장,건조,0,0,1,0
20180626,20시,충남,당진시,화,경상,차대차,측면충돌,측면충돌,안전운전 의무 불이행,남,41-50세,특수차,상해없음,남,51-60세,승용차,경상,사업용,화물차,화물차,비사업용,승용차,승용차,고속국도,단일로,기타단일로,비,포장,젖음/습기,0,0,1,0
20180626,21시,경기,김포시,화,경상,차대차,기타,기타,안전거리 미확보,남,51-60세,승용차,상해없음,남,41-50세,승용차,경상,비사업용,승용차,승용차,비사업용,승용차,승용차,고속국도,단일로,기타단일로,흐림,포장,젖음/습기,0,0,1,0
20180626,22시,경기,광명시,화,경상,차대차,측면충돌,측면충돌,안전운전 의무 불이행,남,51-60세,승용차,상해없음,남,31-40세,승용차,경상,비사업용,승용차,승용차,비사업용,승용차,승용차,고속국도,단일로,기타단일로,흐림,포장,젖음/습기,0,0,1,0
20180626,23시,경북,구미시,화,사망,차대사람,기타,기타,안전운전 의무 불이행,남,21-30세,특수차,상해없음,여,41-50세,보행자,사망,사업용,위험물운송,위험물운송,보행자,보행자,보행자,고속국도,단일로,기타단일로,비,포장,젖음/습기,1,0,0,0
20180627,00시,경기,시흥시,수,중상,차대차,추돌,추돌,과속,남,41-50세,승용차,상해없음,남,65세이상,승용차,중상,비사업용,승용차,승용차,비사업용,승용차,승용차,고속국도,단일로,기타단일로,비,포장,젖음/습기,0,2,0,0
20180627,03시,인천,남동구,수,경상,차대차,측면충돌,측면충돌,안전거리 미확보,남,21-30세,승용차,상해없음,남,61-64세,승용차,경상,비사업용,승용차,승용차,비사업용,승용차,승용차,고속국도,단일로,기타단일로,비,포장,젖음/습기,0,0,3,0
20180627,12시,경기,용인시,수,경상,차대차,추돌,추돌,안전거리 미확보,남,21-30세,승용차,상해없음,남,51-60세,승용차,경상,비사업용,승용차,승용차,비사업용,승용차,승용차,고속국도,단일로,기타단일로,맑음,포장,건조,0,0,1,0
20180627,13시,경남,김해시,수,중상,차대차,추돌,추돌,안전거리 미확보,남,41-50세,건설기계,상해없음,남,61-64세,화물차,중상,사업용,기타/건설기계,기타/건설기계,사업용,화물차,화물차,고속국도,단일로,기타단일로,맑음,포장,건조,0,1,0,0
20180627,14시,충북,옥천군,수,중상,차대차,기타,기타,중앙선 침범,남,51-60세,승용차,상해없음,남,51-60세,화물차,중상,비사업용,승용차,승용차,사업용,화물차,화물차,고속국도,단일로,터널안,맑음,포장,건조,0,1,0,0
20180627,15시,충남,보령시,수,중상,차량단독,기타,기타,안전운전 의무 불이행,남,51-60세,승용차,상해없음,없음,불명,없음,없음,비사업용,승용차,승용차,없음,없음,없음,고속국도,단일로,기타단일로,맑음,포장,건조,0,1,0,0
20180627,16시,경기,화성시,수,경상,차대차,추돌,추돌,안전운전 의무 불이행,남,31-40세,화물차,상해없음,남,41-50세,승용차,경상,사업용,화물차,화물차,비사업용,승용차,승용차,고속국도,단일로,기타단일로,맑음,포장,건조,0,0,1,0
20180627,18시,경기,수원시,수,중상,차대차,추돌,추돌,안전운전 의무 불이행,남,41-50세,승용차,상해없음,남,61-64세,승용차,중상,비사업용,승용차,승용차,비사업용,승용차,승용차,고속국도,단일로,기타단일로,맑음,포장,건조,0,1,0,0
20180627,22시,경북,고령군,수,사망,차대차,추돌,추돌,안전운전 의무 불이행,남,61-64세,화물차,사망,남,61-64세,화물차,중상,사업용,화물차,화물차,사업용,화물차,화물차,고속국도,단일로,기타단일로,맑음,포장,건조,1,1,0,0
20180628,00시,전북,익산시,목,경상,차대차,기타,기타,안전거리 미확보,남,51-60세,화물차,경상,남,51-60세,승용차,경상,사업용,화물차,화물차,비사업용,승용차,승용차,고속국도,단일로,기타단일로,맑음,포장,건조,0,0,2,0
20180628,09시,경기,용인시,목,중상,차대차,추돌,추돌,안전운전 의무 불이행,남,51-60세,화물차,상해없음,남,31-40세,화물차,중상,비사업용,화물차,화물차,비사업용,화물차,화물차,고속국도,기타,기타,맑음,포장,건조,0,1,0,0
20180628,09시,경기,용인시,목,중상,차대차,측면충돌,측면충돌,안전거리 미확보,남,51-60세,승합차,상해없음,남,31-40세,승합차,상해없음,비사업용,버스,버스,사업용,노선버스,고속버스,고속국도,단일로,기타단일로,맑음,포장,건조,0,2,1,0
20180628,10시,경기,김포시,목,경상,차대차,추돌,추돌,안전운전 의무 불이행,남,21-30세,화물차,상해없음,여,21-30세,승용차,경상,비사업용,화물차,화물차,비사업용,승용차,승용차,고속국도,단일로,기타단일로,맑음,포장,건조,0,0,1,0
20180628,10시,경북,상주시,목,중상,차대차,추돌,추돌,안전운전 의무 불이행,남,31-40세,승용차,상해없음,남,51-60세,승용차,중상,비사업용,승용차,승용차,비사업용,승용차,승용차,고속국도,단일로,터널안,흐림,포장,건조,0,2,0,0
20180628,16시,경북,상주시,목,경상,차대차,기타,기타,안전운전 의무 불이행,남,61-64세,승용차,상해없음,남,31-40세,승용차,경상,사업용,렌터카,렌터카,비사업용,승용차,승용차,고속국도,기타,기타,맑음,포장,건조,0,0,1,0
20180628,18시,경기,부천시,목,경상,차대차,추돌,추돌,안전운전 의무 불이행,남,41-50세,화물차,상해없음,남,41-50세,승용차,경상,비사업용,화물차,화물차,비사업용,승용차,승용차,고속국도,단일로,기타단일로,흐림,포장,젖음/습기,0,0,1,0
20180628,23시,경기,용인시,목,경상,차대차,추돌,추돌,안전운전 의무 불이행,남,31-40세,승용차,상해없음,남,51-60세,승용차,경상,비사업용,승용차,승용차,비사업용,승용차,승용차,고속국도,단일로,기타단일로,맑음,포장,건조,0,0,2,0
20180629,04시,강원,춘천시,금,사망,차대차,추돌,추돌,안전운전 의무 불이행,남,31-40세,화물차,경상,남,61-64세,화물차,상해없음,비사업용,화물차,화물차,사업용,화물차,화물차,고속국도,기타,기타,흐림,포장,젖음/습기,1,0,1,0
20180629,05시,대구,동구,금,경상,차대차,기타,기타,안전운전 의무 불이행,남,21-30세,승용차,상해없음,남,51-60세,화물차,경상,비사업용,승용차,승용차,사업용,화물차,화물차,고속국도,단일로,기타단일로,흐림,포장,건조,0,0,1,0
20180629,10시,경남,진주시,금,경상,차대차,기타,기타,안전운전 의무 불이행,기타불명,불명,불명,기타불명,남,41-50세,승합차,상해없음,불명,불명,불명,사업용,전세버스,전세버스,고속국도,단일로,기타단일로,맑음,포장,건조,0,0,1,0
20180629,12시,경기,군포시,금,경상,차대차,기타,기타,안전운전 의무 불이행,남,31-40세,화물차,상해없음,남,41-50세,승용차,경상,사업용,화물차,화물차,사업용,렌터카,렌터카,고속국도,단일로,기타단일로,맑음,포장,건조,0,0,2,0
20180629,13시,경기,군포시,금,중상,차대차,추돌,추돌,안전운전 의무 불이행,남,61-64세,승합차,상해없음,남,51-60세,화물차,중상,사업용,노선버스,고속버스,사업용,화물차,화물차,고속국도,단일로,기타단일로,맑음,포장,건조,0,3,2,1
20180629,13시,인천,부평구,금,경상,차대차,추돌,추돌,안전운전 의무 불이행,남,65세이상,승용차,상해없음,여,31-40세,승용차,경상,비사업용,승용차,승용차,비사업용,승용차,승용차,고속국도,단일로,교량위,맑음,포장,건조,0,0,3,0
20180629,14시,경기,남양주시,금,경상,차대차,추돌,추돌,안전운전 의무 불이행,여,21-30세,승용차,상해없음,남,65세이상,화물차,경상,비사업용,승용차,승용차,비사업용,화물차,화물차,고속국도,단일로,기타단일로,맑음,포장,건조,0,0,1,0
20180629,14시,경남,진주시,금,중상,차량단독,전도,전도,안전운전 의무 불이행,여,21-30세,승용차,중상,없음,불명,없음,없음,비사업용,승용차,승용차,없음,없음,없음,고속국도,단일로,기타단일로,맑음,포장,건조,0,1,0,0
20180629,14시,서울,강동구,금,부상신고,차대차,추돌,추돌,안전운전 의무 불이행,남,31-40세,화물차,상해없음,여,65세이상,승용차,부상신고,비사업용,화물차,화물차,비사업용,승용차,승용차,고속국도,단일로,기타단일로,맑음,포장,건조,0,0,0,3
20180629,15시,경기,시흥시,금,경상,차대차,측면충돌,측면충돌,안전거리 미확보,남,51-60세,화물차,상해없음,남,21-30세,승용차,경상,사업용,화물차,화물차,비사업용,승용차,승용차,고속국도,단일로,기타단일로,맑음,포장,건조,0,0,6,0
20180629,15시,경기,안산시,금,경상,차대차,기타,기타,안전운전 의무 불이행,남,41-50세,화물차,상해없음,여,31-40세,승용차,경상,사업용,화물차,화물차,비사업용,승용차,승용차,고속국도,단일로,기타단일로,맑음,포장,건조,0,0,1,0
20180629,15시,충남,공주시,금,중상,차대차,추돌,추돌,안전운전 의무 불이행,남,51-60세,승용차,상해없음,남,41-50세,화물차,상해없음,비사업용,승용차,승용차,사업용,화물차,화물차,고속국도,단일로,기타단일로,맑음,포장,건조,0,1,0,0
20180629,15시,충북,보은군,금,경상,차대차,측면충돌,측면충돌,중앙선 침범,남,51-60세,승용차,상해없음,남,31-40세,승용차,경상,비사업용,승용차,승용차,비사업용,승용차,승용차,고속국도,단일로,기타단일로,맑음,포장,건조,0,0,1,0
20180629,19시,경북,군위군,금,중상,차대차,기타,기타,안전운전 의무 불이행,남,41-50세,화물차,상해없음,남,41-50세,승용차,중상,비사업용,화물차,화물차,비사업용,승용차,승용차,고속국도,단일로,기타단일로,맑음,포장,건조,0,1,0,0
20180629,21시,전북,남원시,금,사망,차대차,기타,기타,과속,남,21-30세,승용차,상해없음,남,51-60세,승용차,사망,비사업용,승용차,승용차,비사업용,승용차,승용차,고속국도,단일로,기타단일로,흐림,포장,건조,1,0,0,0
20180629,23시,전남,장성군,금,경상,차대차,기타,기타,안전운전 의무 불이행,남,41-50세,승용차,상해없음,남,41-50세,승용차,경상,비사업용,승용차,승용차,비사업용,승용차,승용차,고속국도,단일로,기타단일로,맑음,포장,건조,0,0,2,0
20180629,23시,전북,남원시,금,사망,차대차,추돌,추돌,안전운전 의무 불이행,남,51-60세,화물차,사망,남,51-60세,화물차,상해없음,사업용,화물차,화물차,사업용,화물차,화물차,고속국도,단일로,기타단일로,흐림,포장,건조,1,0,0,0
20180630,01시,경기,부천시,토,경상,차대차,기타,기타,안전운전 의무 불이행,남,51-60세,승용차,상해없음,남,21-30세,승용차,경상,사업용,택시,법인택시,비사업용,승용차,승용차,고속국도,단일로,교량위,흐림,포장,건조,0,0,2,0
20180630,11시,경기,화성시,토,중상,차대차,추돌,추돌,안전운전 의무 불이행,여,21-30세,승용차,상해없음,남,51-60세,승용차,중상,비사업용,승용차,승용차,비사업용,승용차,승용차,고속국도,기타,기타,맑음,포장,건조,0,2,1,3
20180630,13시,경북,영천시,토,경상,차대차,기타,기타,안전운전 의무 불이행,남,51-60세,화물차,상해없음,남,31-40세,승용차,경상,비사업용,화물차,화물차,비사업용,승용차,승용차,고속국도,단일로,기타단일로,맑음,포장,건조,0,0,2,0
20180630,17시,경남,양산시,토,중상,차대차,측면충돌,측면충돌,안전운전 의무 불이행,남,65세이상,화물차,부상신고,남,41-50세,승용차,상해없음,비사업용,화물차,화물차,비사업용,승용차,승용차,고속국도,단일로,기타단일로,비,포장,젖음/습기,0,1,0,2
20180630,17시,충남,천안시,토,경상,차대차,추돌,추돌,안전운전 의무 불이행,남,21-30세,승용차,상해없음,여,41-50세,승용차,경상,비사업용,승용차,승용차,비사업용,승용차,승용차,고속국도,단일로,기타단일로,비,포장,젖음/습기,0,0,3,0
20180630,22시,충북,충주시,토,경상,차대차,기타,기타,안전거리 미확보,남,21-30세,화물차,상해없음,남,21-30세,승용차,경상,비사업용,화물차,화물차,비사업용,승용차,승용차,고속국도,단일로,기타단일로,맑음,포장,건조,0,0,1,0
20180701,00시,경기,여주시,일,중상,차량단독,공작물충돌,공작물충돌,안전운전 의무 불이행,여,31-40세,승용차,상해없음,없음,불명,없음,없음,비사업용,승용차,승용차,없음,없음,없음,고속국도,단일로,기타단일로,비,포장,젖음/습기,0,1,0,0
20180701,01시,경기,여주시,일,중상,차대차,추돌,추돌,안전운전 의무 불이행,남,31-40세,승용차,중상,남,51-60세,화물차,경상,비사업용,승용차,승용차,사업용,화물차,화물차,고속국도,단일로,기타단일로,흐림,포장,건조,0,1,1,0
20180701,01시,경남,창녕군,일,중상,차대차,기타,기타,안전운전 의무 불이행,남,51-60세,화물차,기타불명,남,51-60세,승용차,중상,비사업용,화물차,화물차,사업용,택시,법인택시,고속국도,단일로,기타단일로,비,포장,젖음/습기,0,1,0,0
20180701,04시,충남,금산군,일,경상,차량단독,공작물충돌,공작물충돌,안전운전 의무 불이행,남,41-50세,승용차,상해없음,없음,불명,없음,없음,비사업용,승용차,승용차,없음,없음,없음,고속국도,기타,기타,비,포장,젖음/습기,0,0,1,0
20180701,07시,경기,성남시,일,경상,차량단독,공작물충돌,공작물충돌,안전운전 의무 불이행,남,65세이상,승용차,상해없음,없음,불명,없음,없음,사업용,택시,법인택시,없음,없음,없음,고속국도,단일로,기타단일로,비,포장,젖음/습기,0,0,1,0
20180701,07시,경기,용인시,일,중상,차량단독,공작물충돌,공작물충돌,안전운전 의무 불이행,남,31-40세,화물차,중상,없음,불명,없음,없음,비사업용,화물차,화물차,없음,없음,없음,고속국도,단일로,기타단일로,비,포장,젖음/습기,0,1,0,0
20180701,07시,경북,경산시,일,경상,차대차,정면충돌,정면충돌,중앙선 침범,남,21-30세,승용차,상해없음,남,21-30세,승용차,경상,비사업용,승용차,승용차,비사업용,승용차,승용차,고속국도,단일로,기타단일로,비,포장,젖음/습기,0,0,1,0
20180701,08시,경기,의왕시,일,경상,차대차,기타,기타,안전거리 미확보,남,51-60세,특수차,상해없음,남,41-50세,화물차,경상,비사업용,화물차,화물차,비사업용,화물차,화물차,고속국도,단일로,기타단일로,비,포장,젖음/습기,0,0,4,0
20180701,08시,경북,군위군,일,사망,차량단독,공작물충돌,공작물충돌,안전운전 의무 불이행,남,31-40세,화물차,사망,없음,불명,없음,없음,비사업용,화물차,화물차,없음,없음,없음,고속국도,단일로,기타단일로,비,포장,젖음/습기,1,1,0,0
20180701,09시,경기,안양시,일,경상,차대차,측면충돌,측면충돌,안전거리 미확보,여,41-50세,승용차,상해없음,여,21-30세,승용차,경상,비사업용,승용차,승용차,비사업용,승용차,승용차,고속국도,단일로,기타단일로,비,비포장,젖음/습기,0,0,1,0
20180701,11시,강원,춘천시,일,경상,차대차,기타,기타,안전운전 의무 불이행,남,51-60세,화물차,상해없음,남,31-40세,승용차,경상,비사업용,화물차,화물차,비사업용,승용차,승용차,고속국도,기타,기타,비,포장,젖음/습기,0,0,4,0
20180701,11시,경기,광주시,일,중상,차량단독,공작물충돌,공작물충돌,안전운전 의무 불이행,남,51-60세,승합차,상해없음,없음,불명,없음,없음,사업용,전세버스,전세버스,없음,없음,없음,고속국도,단일로,기타단일로,비,포장,젖음/습기,0,3,5,4
20180701,13시,인천,부평구,일,경상,차대차,추돌,추돌,안전거리 미확보,남,65세이상,승용차,상해없음,남,21-30세,승용차,경상,비사업용,승용차,승용차,비사업용,승용차,승용차,고속국도,단일로,기타단일로,비,포장,젖음/습기,0,0,1,0
20180701,13시,충북,청주시,일,경상,차대차,추돌,추돌,안전운전 의무 불이행,남,21-30세,승용차,상해없음,남,21-30세,승용차,경상,비사업용,승용차,승용차,비사업용,승용차,승용차,고속국도,기타,기타,비,포장,젖음/습기,0,0,2,0
20180701,15시,경남,창원시,일,중상,차대차,추돌,추돌,안전운전 의무 불이행,남,51-60세,승합차,상해없음,남,31-40세,승용차,중상,사업용,노선버스,고속버스,비사업용,승용차,승용차,고속국도,단일로,기타단일로,맑음,포장,건조,0,1,0,0
20180701,16시,경기,시흥시,일,경상,차대차,추돌,추돌,안전거리 미확보,여,51-60세,승용차,상해없음,여,51-60세,승용차,경상,비사업용,승용차,승용차,비사업용,승용차,승용차,고속국도,단일로,기타단일로,비,포장,젖음/습기,0,0,1,0
20180701,16시,충북,청주시,일,경상,차대차,추돌,추돌,안전운전 의무 불이행,남,31-40세,승합차,상해없음,남,65세이상,승용차,경상,비사업용,버스,버스,비사업용,승용차,승용차,고속국도,기타,기타,맑음,포장,건조,0,0,3,0
20180701,18시,경기,안양시,일,중상,차대차,기타,기타,안전운전 의무 불이행,여,41-50세,승용차,상해없음,남,41-50세,승용차,기타불명,비사업용,승용차,승용차,비사업용,승용차,승용차,고속국도,단일로,기타단일로,비,포장,젖음/습기,0,3,0,0
20180701,18시,경기,의왕시,일,중상,차량단독,공작물충돌,공작물충돌,안전운전 의무 불이행,남,21-30세,승용차,상해없음,없음,불명,없음,없음,비사업용,승용차,승용차,없음,없음,없음,고속국도,단일로,기타단일로,비,포장,젖음/습기,0,3,0,0
20180701,18시,경남,거창군,일,중상,차대차,추돌,추돌,안전운전 의무 불이행,남,51-60세,화물차,상해없음,여,51-60세,승용차,중상,비사업용,화물차,화물차,비사업용,승용차,승용차,고속국도,단일로,기타단일로,비,포장,젖음/습기,0,1,0,0