발생일,발생시간,발생지_시도,발생지_시군구,요일,사고내용,사고유형_대분류,사고유형_중분류,사고유형,가해자법규위반,가해자성별,가해자연령,가해당사자종별,가해자신체상해정도,피해자성별,피해자연령,피해당사자종별,피해자신체상해정도,가해차량용도_대분류,가해차량용도_중분류,가해차량용도,피해차량용도_대분류,피해차량용도_중분류,피해차량용도,도로종류,도로형태_대분류,도로형태,기상상태,노면상태_대분류,노면상태,사망자수,중상자수,경상자수,부상신고자수
20180701,19시,경기,시흥시,일,경상,차대차,기타,기타,과속,남,51-60세,승용차,상해없음,남,51-60세,승용차,상해없음,사업용,택시,법인택시,비사업용,승용차,승용차,고속국도,단일로,기타단일로,비,포장,젖음/습기,0,0,1,0
20180701,20시,경기,용인시,일,중상,차대차,추돌,추돌,안전운전 의무 불이행,여,31-40세,승용차,상해없음,남,21-30세,승용차,중상,비사업용,승용차,승용차,비사업용,승용차,승용차,고속국도,단일로,기타단일로,비,포장,젖음/습기,0,1,0,0
20180701,21시,충남,당진시,일,경상,차대차,기타,기타,안전운전 의무 불이행,남,51-60세,화물차,상해없음,남,21-30세,승용차,경상,사업용,화물차,화물차,비사업용,승용차,승용차,고속국도,단일로,기타단일로,비,포장,젖음/습기,0,0,1,0
20180702,00시,충북,청주시,월,경상,차대차,추돌,추돌,안전운전 의무 불이행,남,21-30세,승용차,상해없음,여,41-50세,승용차,경상,비사업용,승용차,승용차,비사업용,승용차,승용차,고속국도,단일로,기타단일로,비,포장,젖음/습기,0,0,2,0
20180702,02시,서울,서초구,월,경상,차대차,기타,기타,안전운전 의무 불이행,여,31-40세,승용차,상해없음,여,41-50세,승용차,경상,비사업용,승용차,승용차,비사업용,승용차,승용차,고속국도,단일로,기타단일로,비,포장,젖음/습기,0,0,1,0
20180702,06시,대구,달서구,월,중상,차대차,측면충돌,측면충돌,안전운전 의무 불이행,남,51-60세,승용차,상해없음,남,51-60세,화물차,중상,비사업용,승용차,승용차,사업용,화물차,화물차,고속국도,단일로,기타단일로,비,포장,젖음/습기,0,1,0,0
20180702,07시,경남,진주시,월,중상,차대차,기타,기타,안전운전 의무 불이행,남,41-50세,승용차,상해없음,남,51-60세,승용차,중상,비사업용,승용차,승용차,비사업용,승용차,승용차,고속국도,단일로,기타단일로,비,포장,젖음/습기,0,1,1,0
20180702,09시,경기,성남시,월,경상,차대차,추돌,추돌,안전운전 의무 불이행,기타불명,불명,불명,기타불명,여,31-40세,승용차,경상,불명,불명,불명,비사업용,승용차,승용차,고속국도,단일로,기타단일로,비,포장,젖음/습기,0,0,1,0
20180702,09시,대구,북구,월,중상,차대차,기타,기타,안전운전 의무 불이행,남,65세이상,화물차,상해없음,남,41-50세,화물차,중상,사업용,화물차,화물차,비사업용,화물차,화물차,고속국도,단일로,기타단일로,맑음,포장,건조,0,1,1,0
20180702,14시,충북,보은군,월,경상,차대차,추돌,추돌,안전거리 미확보,남,20세이하,승용차,상해없음,남,61-64세,화물차,경상,사업용,렌터카,렌터카,사업용,화물차,화물차,고속국도,단일로,교량위,비,포장,젖음/습기,0,0,1,0
20180702,15시,강원,춘천시,월,중상,차대차,기타,기타,안전운전 의무 불이행,여,31-40세,승용차,상해없음,남,41-50세,승용차,경상,비사업용,승용차,승용차,비사업용,승용차,승용차,고속국도,기타,기타,비,포장,젖음/습기,0,1,1,0
20180702,15시,경북,의성군,월,경상,차대차,기타,기타,안전운전 의무 불이행,여,51-60세,승용차,경상,남,41-50세,화물차,상해없음,비사업용,승용차,승용차,사업용,화물차,화물차,고속국도,단일로,기타단일로,비,포장,젖음/습기,0,0,1,0
20180702,19시,경기,구리시,월,중상,차대차,기타,기타,안전운전 의무 불이행,남,31-40세,승용차,상해없음,남,51-60세,승용차,경상,비사업용,승용차,승용차,비사업용,승용차,승용차,고속국도,단일로,기타단일로,비,포장,젖음/습기,0,1,2,0
20180702,20시,경기,안산시,월,중상,차량단독,기타,기타,안전운전 의무 불이행,남,21-30세,승용차,상해없음,없음,불명,없음,없음,사업용,렌터카,렌터카,없음,없음,없음,고속국도,단일로,터널안,비,포장,젖음/습기,0,1,0,0
20180702,20시,경기,이천시,월,사망,차대차,기타,기타,안전운전 의무 불이행,남,61-64세,승용차,상해없음,남,65세이상,승용차,사망,비사업용,승용차,승용차,비사업용,승용차,승용차,고속국도,단일로,기타단일로,비,포장,젖음/습기,2,0,2,0
20180702,21시,경기,안양시,월,중상,차대차,추돌,추돌,안전운전 의무 불이행,남,51-60세,승용차,상해없음,남,31-40세,승용차,중상,사업용,택시,법인택시,비사업용,승용차,승용차,고속국도,단일로,기타단일로,비,포장,젖음/습기,0,1,0,1
20180702,22시,경기,구리시,월,중상,차대차,추돌,추돌,안전운전 의무 불이행,남,41-50세,승용차,중상,남,51-60세,화물차,상해없음,비사업용,승용차,승용차,사업용,화물차,화물차,고속국도,단일로,기타단일로,비,포장,젖음/습기,0,1,0,0
20180702,23시,울산,울주군,월,경상,차대차,추돌,추돌,안전운전 의무 불이행,남,31-40세,승용차,상해없음,여,41-50세,승용차,경상,비사업용,승용차,승용차,비사업용,승용차,승용차,고속국도,단일로,기타단일로,비,포장,젖음/습기,0,0,2,0
20180703,01시,서울,강동구,화,중상,차대차,추돌,추돌,안전운전 의무 불이행,남,41-50세,승용차,상해없음,남,31-40세,화물차,중상,비사업용,승용차,승용차,사업용,화물차,화물차,고속국도,단일로,기타단일로,비,포장,젖음/습기,0,1,0,0
20180703,05시,경북,성주군,화,경상,차대차,추돌,추돌,안전운전 의무 불이행,남,51-60세,특수차,상해없음,남,65세이상,건설기계,경상,사업용,화물차,화물차,비사업용,기타/건설기계,기타/건설기계,고속국도,단일로,기타단일로,맑음,포장,건조,0,0,1,0
20180703,09시,경기,남양주시,화,부상신고,차대차,측면충돌,측면충돌,안전운전 의무 불이행,남,65세이상,승용차,상해없음,남,41-50세,승용차,부상신고,비사업용,승용차,승용차,비사업용,승용차,승용차,고속국도,단일로,기타단일로,맑음,포장,건조,0,0,0,1
20180703,15시,경기,성남시,화,중상,차대차,기타,기타,안전운전 의무 불이행,남,51-60세,승용차,상해없음,여,61-64세,승용차,경상,비사업용,승용차,승용차,비사업용,승용차,승용차,고속국도,단일로,기타단일로,맑음,포장,건조,0,1,1,0
20180703,17시,충남,천안시,화,경상,차대차,추돌,추돌,안전운전 의무 불이행,남,20세이하,승용차,상해없음,남,51-60세,화물차,경상,비사업용,승용차,승용차,사업용,화물차,화물차,고속국도,단일로,기타단일로,맑음,포장,건조,0,0,1,0
20180703,20시,경기,화성시,화,경상,차대차,추돌,추돌,안전운전 의무 불이행,남,51-60세,승용차,상해없음,여,41-50세,승용차,경상,비사업용,승용차,승용차,비사업용,승용차,승용차,고속국도,기타,기타,맑음,포장,건조,0,0,1,0
20180703,21시,경기,화성시,화,경상,차대차,측면충돌,측면충돌,기타,남,61-64세,승용차,상해없음,남,41-50세,승용차,경상,비사업용,승용차,승용차,비사업용,승용차,승용차,고속국도,기타,기타,흐림,포장,건조,0,0,1,0
20180703,22시,경기,평택시,화,중상,차대차,추돌,추돌,안전운전 의무 불이행,남,51-60세,화물차,상해없음,남,41-50세,승용차,경상,사업용,화물차,화물차,비사업용,승용차,승용차,고속국도,기타,기타,맑음,포장,건조,0,1,1,0
20180703,23시,대구,달성군,화,사망,차량단독,기타,기타,안전운전 의무 불이행,남,61-64세,승용차,사망,없음,불명,없음,없음,사업용,택시,법인택시,없음,없음,없음,고속국도,단일로,기타단일로,비,포장,젖음/습기,1,0,0,0
20180704,09시,경기,김포시,수,경상,차대차,기타,기타,기타,남,41-50세,화물차,상해없음,남,21-30세,화물차,경상,사업용,화물차,화물차,비사업용,화물차,화물차,고속국도,단일로,교량위,맑음,포장,건조,0,0,1,0
20180704,09시,경기,양주시,수,중상,차대차,추돌,추돌,안전운전 의무 불이행,여,51-60세,승용차,상해없음,여,41-50세,승용차,중상,비사업용,승용차,승용차,비사업용,승용차,승용차,고속국도,단일로,터널안,맑음,포장,건조,0,1,1,0
20180704,11시,경기,평택시,수,경상,차대차,추돌,추돌,안전거리 미확보,남,51-60세,화물차,상해없음,남,31-40세,화물차,경상,비사업용,화물차,화물차,비사업용,화물차,화물차,고속국도,단일로,기타단일로,맑음,포장,건조,0,0,2,0
20180704,11시,충북,청주시,수,경상,차대차,측면충돌,측면충돌,안전운전 의무 불이행,남,31-40세,특수차,상해없음,남,31-40세,화물차,경상,사업용,화물차,화물차,비사업용,화물차,화물차,고속국도,단일로,기타단일로,맑음,포장,건조,0,0,1,0
20180704,15시,충북,충주시,수,사망,차대차,추돌,추돌,안전운전 의무 불이행,남,65세이상,승용차,경상,남,31-40세,승용차,경상,비사업용,승용차,승용차,비사업용,승용차,승용차,고속국도,단일로,기타단일로,비,포장,젖음/습기,1,0,8,0
20180704,18시,대구,북구,수,경상,차대차,측면충돌,측면충돌,안전거리 미확보,남,21-30세,화물차,상해없음,여,51-60세,승용차,경상,사업용,화물차,화물차,비사업용,승용차,승용차,고속국도,단일로,기타단일로,맑음,포장,건조,0,0,1,0
20180704,20시,인천,부평구,수,경상,차대차,추돌,추돌,안전운전 의무 불이행,남,61-64세,승용차,상해없음,남,41-50세,승용차,경상,비사업용,승용차,승용차,비사업용,승용차,승용차,고속국도,단일로,기타단일로,맑음,포장,건조,0,0,2,0
20180704,22시,충남,천안시,수,중상,차대차,측면충돌,측면충돌,안전운전 의무 불이행,남,51-60세,승합차,상해없음,남,31-40세,승용차,중상,사업용,노선버스,고속버스,비사업용,승용차,승용차,고속국도,기타,기타,맑음,포장,건조,0,2,0,0
20180705,03시,경기,용인시,목,중상,차대차,측면충돌,측면충돌,안전거리 미확보,남,51-60세,승용차,상해없음,남,51-60세,승용차,부상신고,사업용,렌터카,렌터카,비사업용,승용차,승용차,고속국도,단일로,기타단일로,맑음,포장,건조,0,1,2,1
20180705,09시,서울,노원구,목,경상,차대차,추돌,추돌,안전운전 의무 불이행,여,41-50세,승용차,상해없음,남,41-50세,승용차,부상신고,비사업용,승용차,승용차,비사업용,승용차,승용차,고속국도,단일로,기타단일로,맑음,포장,건조,0,0,1,4
20180705,09시,서울,서초구,목,중상,차대차,추돌,추돌,안전운전 의무 불이행,남,61-64세,승합차,상해없음,남,65세이상,승용차,중상,비사업용,버스,버스,비사업용,승용차,승용차,고속국도,단일로,기타단일로,맑음,포장,건조,0,1,1,1
20180705,21시,경남,양산시,목,중상,차대차,측면충돌,측면충돌,안전운전 의무 불이행,남,41-50세,승용차,중상,여,41-50세,승용차,경상,비사업용,승용차,승용차,비사업용,승용차,승용차,고속국도,단일로,기타단일로,비,포장,젖음/습기,0,4,1,0
20180705,22시,강원,강릉시,목,중상,차대차,추돌,추돌,안전거리 미확보,남,31-40세,승용차,상해없음,남,31-40세,승용차,중상,비사업용,승용차,승용차,비사업용,승용차,승용차,고속국도,단일로,터널안,흐림,포장,젖음/습기,0,1,0,0
20180705,23시,강원,평창군,목,중상,차량단독,전복,전복,안전운전 의무 불이행,남,41-50세,승용차,상해없음,없음,불명,없음,없음,비사업용,승용차,승용차,없음,없음,없음,고속국도,기타,기타,흐림,포장,젖음/습기,0,1,0,0
20180706,09시,경기,용인시,금,경상,차대차,측면충돌,측면충돌,기타,남,41-50세,화물차,상해없음,남,31-40세,승용차,경상,사업용,화물차,화물차,사업용,렌터카,렌터카,고속국도,단일로,기타단일로,맑음,포장,건조,0,0,1,0
20180706,10시,경기,안산시,금,경상,차대차,추돌,추돌,안전운전 의무 불이행,남,51-60세,화물차,상해없음,남,31-40세,화물차,경상,사업용,화물차,화물차,사업용,화물차,화물차,고속국도,단일로,기타단일로,맑음,포장,건조,0,0,1,0
20180706,10시,인천,부평구,금,부상신고,차대차,기타,기타,기타,기타불명,불명,불명,기타불명,여,31-40세,승용차,부상신고,불명,불명,불명,비사업용,승용차,승용차,고속국도,단일로,교량위,맑음,포장,건조,0,0,0,1
20180706,12시,경기,용인시,금,경상,차대차,측면충돌,측면충돌,안전운전 의무 불이행,여,51-60세,승용차,상해없음,여,21-30세,승용차,경상,비사업용,승용차,승용차,비사업용,승용차,승용차,고속국도,단일로,기타단일로,맑음,포장,건조,0,0,1,0
20180706,12시,충북,괴산군,금,중상,차대차,추돌,추돌,안전거리 미확보,남,21-30세,승용차,상해없음,남,31-40세,승용차,경상,비사업용,승용차,승용차,비사업용,승용차,승용차,고속국도,단일로,기타단일로,맑음,포장,건조,0,1,2,0
20180706,13시,경기,의왕시,금,경상,차대차,추돌,추돌,안전운전 의무 불이행,남,31-40세,승용차,상해없음,남,21-30세,승용차,경상,비사업용,승용차,승용차,비사업용,승용차,승용차,고속국도,단일로,기타단일로,맑음,포장,건조,0,0,1,0
20180706,17시,경기,용인시,금,경상,차대차,측면충돌,측면충돌,기타,남,51-60세,건설기계,상해없음,남,31-40세,승용차,경상,사업용,기타/건설기계,기타/건설기계,비사업용,승용차,승용차,고속국도,단일로,기타단일로,맑음,포장,건조,0,0,1,0
20180706,19시,충북,충주시,금,경상,차대차,추돌,추돌,안전거리 미확보,남,21-30세,승용차,상해없음,남,65세이상,승용차,경상,비사업용,승용차,승용차,사업용,렌터카,렌터카,고속국도,단일로,기타단일로,맑음,포장,건조,0,0,1,0
20180707,04시,경기,성남시,토,중상,차대차,추돌,추돌,안전운전 의무 불이행,남,51-60세,화물차,상해없음,남,51-60세,화물차,중상,사업용,화물차,화물차,비사업용,화물차,화물차,고속국도,단일로,기타단일로,맑음,포장,건조,0,2,1,0
20180707,08시,경기,안양시,토,중상,차대차,기타,기타,안전운전 의무 불이행,여,21-30세,승용차,상해없음,남,41-50세,화물차,경상,비사업용,승용차,승용차,비사업용,화물차,화물차,고속국도,단일로,기타단일로,맑음,포장,건조,0,1,1,1
20180707,08시,경기,용인시,토,경상,차대차,추돌,추돌,안전운전 의무 불이행,여,31-40세,승용차,상해없음,남,51-60세,승용차,경상,비사업용,승용차,승용차,비사업용,승용차,승용차,고속국도,단일로,기타단일로,맑음,포장,건조,0,0,1,0
20180707,09시,경기,용인시,토,경상,차대차,측면충돌,측면충돌,안전거리 미확보,남,21-30세,승합차,상해없음,남,51-60세,승합차,상해없음,사업용,렌터카,렌터카,사업용,노선버스,고속버스,고속국도,단일로,기타단일로,맑음,포장,건조,0,0,8,1
20180707,10시,경기,구리시,토,경상,차대차,추돌,추돌,안전운전 의무 불이행,남,41-50세,화물차,상해없음,남,41-50세,승용차,경상,사업용,화물차,화물차,비사업용,승용차,승용차,고속국도,단일로,기타단일로,맑음,포장,건조,0,0,1,0
20180707,10시,경기,용인시,토,중상,차대차,추돌,추돌,안전거리 미확보,여,31-40세,승용차,상해없음,남,51-60세,승용차,중상,비사업용,승용차,승용차,비사업용,승용차,승용차,고속국도,단일로,기타단일로,맑음,포장,건조,0,1,2,0
20180707,10시,경남,김해시,토,중상,차대차,측면충돌,측면충돌,안전거리 미확보,남,51-60세,승용차,상해없음,남,31-40세,승용차,중상,비사업용,승용차,승용차,비사업용,승용차,승용차,고속국도,단일로,기타단일로,맑음,포장,건조,0,2,1,0
20180707,10시,경북,칠곡군,토,중상,차대사람,횡단중,횡단중,안전운전 의무 불이행,남,51-60세,승용차,상해없음,남,61-64세,보행자,중상,비사업용,승용차,승용차,보행자,보행자,보행자,고속국도,단일로,기타단일로,맑음,포장,건조,0,1,0,0
20180707,12시,강원,인제군,토,경상,차대차,추돌,추돌,안전거리 미확보,남,31-40세,승용차,상해없음,여,41-50세,승용차,상해없음,비사업용,승용차,승용차,비사업용,승용차,승용차,고속국도,단일로,기타단일로,맑음,포장,건조,0,0,2,0
20180707,12시,강원,횡성군,토,경상,차대차,추돌,추돌,안전거리 미확보,남,31-40세,승용차,상해없음,남,31-40세,승용차,경상,비사업용,승용차,승용차,비사업용,승용차,승용차,고속국도,단일로,터널안,맑음,포장,건조,0,0,6,0
20180707,12시,경기,평택시,토,경상,차대차,측면충돌,측면충돌,안전거리 미확보,남,41-50세,승용차,경상,남,41-50세,화물차,경상,비사업용,승용차,승용차,사업용,화물차,화물차,고속국도,단일로,기타단일로,맑음,포장,건조,0,0,4,0
20180707,15시,경기,평택시,토,경상,차대차,추돌,추돌,안전운전 의무 불이행,여,51-60세,승용차,상해없음,남,41-50세,승용차,경상,비사업용,승용차,승용차,비사업용,승용차,승용차,고속국도,단일로,기타단일로,맑음,포장,건조,0,0,3,0
20180707,18시,강원,원주시,토,경상,차대차,측면충돌,측면충돌,안전운전 의무 불이행,남,65세이상,승용차,상해없음,남,41-50세,승용차,경상,비사업용,승용차,승용차,비사업용,승용차,승용차,고속국도,단일로,기타단일로,맑음,포장,건조,0,0,1,0
20180707,18시,충남,공주시,토,경상,차대차,기타,기타,안전운전 의무 불이행,남,21-30세,승용차,상해없음,남,31-40세,화물차,경상,비사업용,승용차,승용차,비사업용,화물차,화물차,고속국도,단일로,기타단일로,맑음,포장,건조,0,0,1,0
20180707,19시,경기,광명시,토,경상,차대차,측면충돌,측면충돌,기타,남,21-30세,승용차,상해없음,여,41-50세,승용차,경상,사업용,렌터카,렌터카,비사업용,승용차,승용차,고속국도,단일로,터널안,맑음,포장,건조,0,0,1,0
20180707,21시,경기,군포시,토,중상,차대차,기타,기타,안전운전 의무 불이행,남,61-64세,승용차,상해없음,여,51-60세,승용차,경상,사업용,택시,개인택시,비사업용,승용차,승용차,고속국도,단일로,기타단일로,맑음,포장,건조,0,1,1,0
20180708,07시,인천,서구,일,중상,차대차,추돌,추돌,안전운전 의무 불이행,여,21-30세,승용차,상해없음,남,41-50세,승용차,중상,비사업용,승용차,승용차,비사업용,승용차,승용차,고속국도,단일로,기타단일로,맑음,포장,건조,0,1,0,0
20180708,14시,경기,구리시,일,경상,차대차,측면충돌,측면충돌,안전운전 의무 불이행,남,41-50세,승용차,상해없음,남,41-50세,승용차,상해없음,비사업용,승용차,승용차,비사업용,승용차,승용차,고속국도,단일로,기타단일로,맑음,포장,건조,0,0,1,1
20180708,14시,경기,하남시,일,경상,차대차,기타,기타,안전운전 의무 불이행,남,65세이상,승용차,상해없음,여,51-60세,승용차,경상,비사업용,승용차,승용차,비사업용,승용차,승용차,고속국도,단일로,기타단일로,맑음,포장,건조,0,0,2,0
20180708,18시,경기,여주시,일,중상,차대차,기타,기타,안전거리 미확보,남,61-64세,승용차,상해없음,남,41-50세,승용차,경상,비사업용,승용차,승용차,비사업용,승용차,승용차,고속국도,단일로,기타단일로,맑음,포장,건조,0,1,2,0
20180708,19시,경기,수원시,일,경상,차대차,측면충돌,측면충돌,안전운전 의무 불이행,남,51-60세,승용차,경상,남,31-40세,승용차,경상,비사업용,승용차,승용차,비사업용,승용차,승용차,고속국도,단일로,기타단일로,맑음,포장,건조,0,0,5,0
20180708,20시,경기,평택시,일,중상,차대차,기타,기타,안전거리 미확보,여,51-60세,승용차,상해없음,여,51-60세,승용차,중상,비사업용,승용차,승용차,비사업용,승용차,승용차,고속국도,단일로,기타단일로,맑음,포장,건조,0,1,0,0
20180708,20시,경기,화성시,일,중상,차대차,기타,기타,안전운전 의무 불이행,남,51-60세,승용차,중상,남,51-60세,화물차,상해없음,비사업용,승용차,승용차,사업용,화물차,화물차,고속국도,기타,기타,맑음,포장,건조,0,2,0,0
20180708,21시,경기,안산시,일,경상,차대차,추돌,추돌,안전운전 의무 불이행,남,31-40세,승용차,상해없음,여,31-40세,승용차,경상,비사업용,승용차,승용차,비사업용,승용차,승용차,고속국도,단일로,기타단일로,맑음,포장,건조,0,0,2,0
20180709,05시,충북,진천군,월,경상,차대차,기타,기타,안전거리 미확보,남,21-30세,승용차,상해없음,남,41-50세,승용차,경상,비사업용,승용차,승용차,비사업용,승용차,승용차,고속국도,단일로,기타단일로,맑음,포장,건조,0,0,1,0
20180709,08시,인천,동구,월,경상,차대차,기타,기타,안전거리 미확보,남,51-60세,특수차,상해없음,남,31-40세,승합차,경상,사업용,화물차,화물차,비사업용,버스,버스,고속국도,단일로,터널안,맑음,포장,건조,0,0,3,0
20180709,09시,경남,김해시,월,사망,차대차,기타,기타,안전운전 의무 불이행,남,31-40세,승용차,상해없음,남,31-40세,화물차,상해없음,사업용,렌터카,렌터카,비사업용,화물차,화물차,고속국도,단일로,기타단일로,비,포장,젖음/습기,1,1,0,0
20180709,09시,인천,동구,월,경상,차대차,추돌,추돌,안전운전 의무 불이행,남,21-30세,승용차,상해없음,남,31-40세,승용차,경상,비사업용,승용차,승용차,비사업용,승용차,승용차,고속국도,단일로,기타단일로,맑음,포장,건조,0,0,1,0
20180709,12시,경남,김해시,월,중상,차대차,추돌,추돌,안전운전 의무 불이행,남,51-60세,화물차,상해없음,남,51-60세,승용차,중상,비사업용,화물차,화물차,비사업용,승용차,승용차,고속국도,단일로,기타단일로,비,포장,젖음/습기,0,4,2,0
20180709,13시,전남,광양시,월,경상,차대차,기타,기타,안전운전 의무 불이행,남,51-60세,승용차,경상,남,51-60세,화물차,상해없음,비사업용,승용차,승용차,비사업용,화물차,화물차,고속국도,단일로,기타단일로,비,포장,젖음/습기,0,0,1,0
20180709,14시,경기,화성시,월,중상,차대차,기타,기타,안전운전 의무 불이행,남,65세이상,화물차,상해없음,남,65세이상,승용차,중상,사업용,화물차,화물차,비사업용,승용차,승용차,고속국도,단일로,기타단일로,비,포장,젖음/습기,0,1,1,0
20180709,17시,경기,화성시,월,경상,차대차,기타,기타,기타,남,51-60세,화물차,상해없음,여,31-40세,승용차,경상,사업용,화물차,화물차,비사업용,승용차,승용차,고속국도,단일로,기타단일로,비,포장,젖음/습기,0,0,2,0
20180709,19시,인천,부평구,월,경상,차대차,측면충돌,측면충돌,기타,남,65세이상,화물차,상해없음,여,65세이상,승용차,경상,비사업용,화물차,화물차,비사업용,승용차,승용차,고속국도,단일로,교량위,비,포장,젖음/습기,0,0,1,0
20180709,22시,경기,시흥시,월,경상,차대차,추돌,추돌,안전운전 의무 불이행,남,41-50세,승용차,상해없음,남,51-60세,승용차,경상,비사업용,승용차,승용차,비사업용,승용차,승용차,고속국도,단일로,기타단일로,비,포장,젖음/습기,0,0,2,0
20180710,00시,경기,군포시,화,부상신고,차대차,추돌,추돌,안전운전 의무 불이행,남,51-60세,특수차,상해없음,남,41-50세,승용차,부상신고,사업용,화물차,화물차,비사업용,승용차,승용차,고속국도,단일로,기타단일로,비,포장,젖음/습기,0,0,0,1
20180710,00시,경북,상주시,화,경상,차대차,추돌,추돌,안전운전 의무 불이행,남,31-40세,승용차,상해없음,남,41-50세,승용차,경상,비사업용,승용차,승용차,사업용,렌터카,렌터카,고속국도,단일로,기타단일로,비,포장,젖음/습기,0,0,1,0
20180710,05시,경기,용인시,화,경상,차대차,추돌,추돌,안전운전 의무 불이행,남,51-60세,화물차,경상,남,41-50세,화물차,경상,사업용,화물차,화물차,사업용,화물차,화물차,고속국도,단일로,기타단일로,흐림,포장,건조,0,0,2,0
20180710,06시,경기,남양주시,화,부상신고,차대차,추돌,추돌,안전운전 의무 불이행,남,21-30세,승용차,상해없음,남,31-40세,화물차,부상신고,비사업용,승용차,승용차,비사업용,화물차,화물차,고속국도,단일로,기타단일로,흐림,포장,건조,0,0,0,1
20180710,09시,인천,미추홀구,화,중상,차대차,측면충돌,측면충돌,안전거리 미확보,남,51-60세,화물차,상해없음,여,41-50세,승용차,경상,비사업용,화물차,화물차,비사업용,승용차,승용차,고속국도,단일로,기타단일로,흐림,포장,젖음/습기,0,1,2,0
20180710,10시,경북,상주시,화,부상신고,차대차,기타,기타,안전운전 의무 불이행,기타불명,불명,불명,기타불명,남,41-50세,승용차,부상신고,불명,불명,불명,비사업용,승용차,승용차,고속국도,단일로,기타단일로,맑음,포장,건조,0,0,0,1
20180710,10시,인천,미추홀구,화,사망,차대차,추돌,추돌,안전거리 미확보,남,41-50세,화물차,경상,남,51-60세,승합차,중상,사업용,화물차,화물차,비사업용,기타/건설기계,기타/건설기계,고속국도,단일로,기타단일로,흐림,포장,건조,1,2,3,0
20180710,11시,경남,김해시,화,경상,차대차,추돌,추돌,안전운전 의무 불이행,남,61-64세,승용차,상해없음,남,65세이상,승용차,경상,비사업용,승용차,승용차,사업용,택시,법인택시,고속국도,단일로,기타단일로,맑음,포장,건조,0,0,1,0
20180710,15시,강원,홍천군,화,중상,차대차,기타,기타,안전운전 의무 불이행,여,41-50세,승용차,상해없음,여,21-30세,승용차,중상,비사업용,승용차,승용차,비사업용,승용차,승용차,고속국도,기타,기타,맑음,포장,건조,0,1,0,0
20180710,15시,인천,계양구,화,사망,차대차,추돌,추돌,안전운전 의무 불이행,남,51-60세,화물차,사망,남,65세이상,화물차,상해없음,비사업용,화물차,화물차,사업용,화물차,화물차,고속국도,단일로,기타단일로,흐림,포장,건조,1,0,0,0
20180710,15시,충북,청주시,화,경상,차대차,측면충돌,측면충돌,안전거리 미확보,남,41-50세,승용차,상해없음,여,41-50세,건설기계,경상,사업용,렌터카,렌터카,사업용,기타/건설기계,기타/건설기계,고속국도,단일로,기타단일로,맑음,포장,건조,0,0,4,0
20180710,17시,충북,청주시,화,중상,차대차,측면충돌,측면충돌,안전거리 미확보,남,41-50세,승용차,상해없음,여,41-50세,승용차,중상,비사업용,승용차,승용차,비사업용,승용차,승용차,고속국도,단일로,기타단일로,맑음,포장,건조,0,1,0,0
20180710,18시,경기,용인시,화,부상신고,차대차,측면충돌,측면충돌,안전운전 의무 불이행,여,51-60세,승용차,부상신고,남,61-64세,승합차,상해없음,비사업용,승용차,승용차,사업용,노선버스,고속버스,고속국도,단일로,기타단일로,맑음,포장,건조,0,0,0,1
20180710,18시,충북,청주시,화,경상,차대차,기타,기타,안전운전 의무 불이행,여,31-40세,승용차,상해없음,여,21-30세,승용차,경상,비사업용,승용차,승용차,비사업용,승용차,승용차,고속국도,단일로,기타단일로,맑음,포장,건조,0,0,1,0
20180710,23시,경남,양산시,화,경상,차대차,추돌,추돌,안전운전 의무 불이행,남,20세이하,승용차,상해없음,남,21-30세,승용차,경상,비사업용,승용차,승용차,비사업용,승용차,승용차,고속국도,단일로,기타단일로,맑음,포장,건조,0,0,1,0
20180711,02시,경기,용인시,수,경상,차대차,추돌,추돌,안전운전 의무 불이행,남,41-50세,승용차,상해없음,남,31-40세,승용차,경상,비사업용,승용차,승용차,비사업용,승용차,승용차,고속국도,단일로,기타단일로,비,포장,젖음/습기,0,0,1,0
20180711,02시,인천,계양구,수,중상,차량단독,공작물충돌,공작물충돌,안전운전 의무 불이행,남,61-64세,승용차,상해없음,없음,불명,없음,없음,사업용,택시,법인택시,없음,없음,없음,고속국도,단일로,교량위,비,포장,젖음/습기,0,1,0,0
20180711,03시,경기,안성시,수,경상,차대차,측면충돌,측면충돌,안전운전 의무 불이행,남,21-30세,승용차,상해없음,남,51-60세,화물차,경상,비사업용,승용차,승용차,비사업용,화물차,화물차,고속국도,단일로,기타단일로,비,포장,젖음/습기,0,0,1,0
20180711,09시,경남,양산시,수,경상,차대차,측면충돌,측면충돌,안전운전 의무 불이행,남,51-60세,화물차,상해없음,여,31-40세,승용차,경상,사업용,화물차,화물차,비사업용,승용차,승용차,고속국도,단일로,기타단일로,맑음,포장,건조,0,0,1,0
20180711,12시,경기,구리시,수,경상,차대차,측면충돌,측면충돌,안전운전 의무 불이행,남,21-30세,승용차,상해없음,남,65세이상,화물차,경상,사업용,렌터카,렌터카,비사업용,화물차,화물차,고속국도,단일로,기타단일로,맑음,포장,건조,0,0,1,0
20180711,13시,경기,양주시,수,경상,차대차,추돌,추돌,안전운전 의무 불이행,여,41-50세,승용차,상해없음,남,51-60세,승용차,경상,비사업용,승용차,승용차,비사업용,승용차,승용차,고속국도,단일로,기타단일로,흐림,포장,젖음/습기,0,0,1,0