발생일,발생시간,발생지_시도,발생지_시군구,요일,사고내용,사고유형_대분류,사고유형_중분류,사고유형,가해자법규위반,가해자성별,가해자연령,가해당사자종별,가해자신체상해정도,피해자성별,피해자연령,피해당사자종별,피해자신체상해정도,가해차량용도_대분류,가해차량용도_중분류,가해차량용도,피해차량용도_대분류,피해차량용도_중분류,피해차량용도,도로종류,도로형태_대분류,도로형태,기상상태,노면상태_대분류,노면상태,사망자수,중상자수,경상자수,부상신고자수
20180720,08시,충북,청주시,금,중상,차대차,측면충돌,측면충돌,안전운전 의무 불이행,남,51-60세,화물차,상해없음,남,41-50세,특수차,경상,사업용,화물차,화물차,사업용,화물차,화물차,고속국도,단일로,기타단일로,맑음,포장,건조,0,1,7,0
20180720,10시,경기,하남시,금,경상,차대차,측면충돌,측면충돌,안전운전 의무 불이행,남,51-60세,건설기계,상해없음,남,21-30세,승용차,경상,비사업용,기타/건설기계,기타/건설기계,비사업용,승용차,승용차,고속국도,단일로,기타단일로,맑음,포장,건조,0,0,1,0
20180720,10시,대구,북구,금,중상,차대차,기타,기타,안전운전 의무 불이행,남,51-60세,승용차,중상,남,31-40세,화물차,경상,사업용,택시,법인택시,사업용,화물차,화물차,고속국도,단일로,교량위,맑음,포장,건조,0,1,1,0
20180720,11시,경기,구리시,금,경상,차대차,측면충돌,측면충돌,안전운전 의무 불이행,남,61-64세,승용차,상해없음,남,31-40세,승용차,상해없음,비사업용,승용차,승용차,비사업용,승용차,승용차,고속국도,단일로,기타단일로,맑음,포장,건조,0,0,1,0
20180720,14시,충남,천안시,금,중상,차대차,추돌,추돌,안전운전 의무 불이행,남,41-50세,승용차,중상,남,31-40세,승용차,경상,비사업용,승용차,승용차,사업용,렌터카,렌터카,고속국도,단일로,기타단일로,맑음,포장,건조,0,3,2,0
20180720,15시,강원,원주시,금,경상,차대차,기타,기타,안전운전 의무 불이행,남,41-50세,승용차,상해없음,남,31-40세,화물차,경상,사업용,렌터카,렌터카,사업용,화물차,화물차,고속국도,기타,기타,맑음,포장,건조,0,0,1,0
20180720,15시,경기,의왕시,금,경상,차대차,기타,기타,안전운전 의무 불이행,남,41-50세,승용차,상해없음,남,51-60세,승용차,경상,비사업용,승용차,승용차,비사업용,승용차,승용차,고속국도,단일로,기타단일로,맑음,포장,건조,0,0,1,0
20180720,15시,인천,계양구,금,경상,차대차,측면충돌,측면충돌,안전거리 미확보,남,51-60세,승용차,상해없음,남,65세이상,화물차,경상,비사업용,승용차,승용차,비사업용,화물차,화물차,고속국도,단일로,기타단일로,맑음,포장,건조,0,0,1,0
20180720,16시,경기,평택시,금,중상,차대차,추돌,추돌,안전운전 의무 불이행,남,31-40세,승용차,상해없음,남,31-40세,승용차,중상,비사업용,승용차,승용차,사업용,렌터카,렌터카,고속국도,단일로,기타단일로,맑음,포장,건조,0,2,1,3
20180720,16시,경기,화성시,금,경상,차대차,추돌,추돌,안전운전 의무 불이행,남,21-30세,승용차,상해없음,여,51-60세,승용차,경상,비사업용,승용차,승용차,사업용,렌터카,렌터카,고속국도,단일로,기타단일로,맑음,포장,건조,0,0,2,0
20180720,16시,서울,송파구,금,사망,차대차,추돌,추돌,안전운전 의무 불이행,남,51-60세,화물차,사망,여,41-50세,승용차,중상,사업용,화물차,화물차,비사업용,승용차,승용차,고속국도,단일로,기타단일로,맑음,포장,건조,1,1,2,0
20180720,16시,충북,보은군,금,중상,차대차,추돌,추돌,안전거리 미확보,남,21-30세,승용차,상해없음,여,31-40세,승용차,중상,비사업용,승용차,승용차,비사업용,승용차,승용차,고속국도,단일로,기타단일로,맑음,포장,건조,0,2,0,0
20180720,18시,경기,성남시,금,경상,차대차,추돌,추돌,안전운전 의무 불이행,남,41-50세,승용차,상해없음,여,31-40세,승용차,경상,비사업용,승용차,승용차,비사업용,승용차,승용차,고속국도,단일로,기타단일로,맑음,포장,건조,0,0,1,0
20180720,21시,경기,광주시,금,경상,차대차,기타,기타,안전운전 의무 불이행,남,51-60세,승용차,상해없음,남,51-60세,승용차,경상,비사업용,승용차,승용차,비사업용,승용차,승용차,고속국도,단일로,기타단일로,맑음,포장,건조,0,0,1,0
20180720,21시,경기,성남시,금,경상,차대차,기타,기타,안전운전 의무 불이행,남,21-30세,승용차,상해없음,남,51-60세,승용차,경상,비사업용,승용차,승용차,비사업용,승용차,승용차,고속국도,단일로,기타단일로,맑음,포장,건조,0,0,1,0
20180720,22시,울산,울주군,금,경상,차대차,추돌,추돌,안전운전 의무 불이행,남,41-50세,승용차,상해없음,남,41-50세,승용차,경상,비사업용,승용차,승용차,비사업용,승용차,승용차,고속국도,단일로,기타단일로,맑음,포장,건조,0,0,1,0
20180720,23시,충남,천안시,금,중상,차대차,기타,기타,안전운전 의무 불이행,남,51-60세,화물차,상해없음,남,51-60세,승용차,중상,사업용,화물차,화물차,비사업용,승용차,승용차,고속국도,단일로,기타단일로,맑음,포장,건조,0,2,0,0
20180721,01시,경남,밀양시,토,경상,차대차,측면충돌,측면충돌,안전거리 미확보,남,41-50세,화물차,상해없음,남,21-30세,승용차,경상,사업용,화물차,화물차,비사업용,승용차,승용차,고속국도,단일로,기타단일로,맑음,포장,건조,0,0,1,0
20180721,02시,경남,김해시,토,경상,차대차,측면충돌,측면충돌,안전운전 의무 불이행,남,51-60세,화물차,상해없음,여,65세이상,승용차,경상,사업용,화물차,화물차,비사업용,승용차,승용차,고속국도,단일로,기타단일로,맑음,포장,건조,0,0,1,0
20180721,05시,경기,성남시,토,중상,차대차,기타,기타,안전운전 의무 불이행,남,41-50세,화물차,상해없음,남,51-60세,화물차,중상,사업용,화물차,화물차,비사업용,화물차,화물차,고속국도,단일로,기타단일로,맑음,포장,건조,0,1,0,0
20180721,06시,경기,평택시,토,중상,차대차,기타,기타,안전운전 의무 불이행,남,21-30세,승용차,상해없음,남,41-50세,승합차,부상신고,비사업용,승용차,승용차,비사업용,버스,버스,고속국도,단일로,기타단일로,맑음,포장,건조,0,2,1,2
20180721,07시,경기,구리시,토,중상,차대차,기타,기타,안전운전 의무 불이행,남,31-40세,승용차,상해없음,남,21-30세,승용차,중상,비사업용,승용차,승용차,비사업용,승용차,승용차,고속국도,단일로,기타단일로,맑음,포장,건조,0,1,0,0
20180721,07시,경남,김해시,토,중상,차대차,추돌,추돌,안전운전 의무 불이행,남,31-40세,화물차,상해없음,남,51-60세,화물차,경상,사업용,화물차,화물차,사업용,화물차,화물차,고속국도,단일로,기타단일로,맑음,포장,건조,0,1,1,0
20180721,08시,인천,부평구,토,경상,차대차,측면충돌,측면충돌,안전거리 미확보,남,51-60세,건설기계,상해없음,여,41-50세,승용차,경상,비사업용,기타/건설기계,기타/건설기계,비사업용,승용차,승용차,고속국도,단일로,고가도로위,맑음,포장,건조,0,0,1,0
20180721,13시,강원,홍천군,토,경상,차대차,측면충돌,측면충돌,안전거리 미확보,여,51-60세,승용차,상해없음,남,21-30세,승용차,경상,비사업용,승용차,승용차,비사업용,승용차,승용차,고속국도,단일로,기타단일로,맑음,포장,건조,0,0,5,0
20180721,17시,충남,천안시,토,경상,차대차,추돌,추돌,안전운전 의무 불이행,남,61-64세,승용차,상해없음,남,21-30세,승용차,상해없음,비사업용,승용차,승용차,사업용,렌터카,렌터카,고속국도,단일로,기타단일로,맑음,포장,건조,0,0,1,0
20180722,00시,충북,음성군,일,중상,차대차,측면충돌,측면충돌,안전운전 의무 불이행,남,31-40세,승합차,상해없음,남,51-60세,승용차,중상,비사업용,기타/건설기계,기타/건설기계,비사업용,승용차,승용차,고속국도,단일로,기타단일로,맑음,포장,건조,0,1,2,0
20180722,02시,경기,용인시,일,경상,차대차,기타,기타,안전운전 의무 불이행,기타불명,불명,불명,기타불명,남,41-50세,승용차,경상,불명,불명,불명,비사업용,승용차,승용차,고속국도,단일로,기타단일로,맑음,포장,건조,0,0,1,0
20180722,08시,경남,김해시,일,경상,차대차,측면충돌,측면충돌,안전거리 미확보,남,65세이상,화물차,상해없음,남,51-60세,승용차,상해없음,비사업용,화물차,화물차,비사업용,승용차,승용차,고속국도,단일로,기타단일로,맑음,포장,건조,0,0,1,0
20180722,12시,경기,용인시,일,경상,차대차,측면충돌,측면충돌,안전거리 미확보,남,51-60세,특수차,상해없음,남,31-40세,승용차,경상,사업용,화물차,화물차,비사업용,승용차,승용차,고속국도,단일로,기타단일로,맑음,포장,건조,0,0,2,0
20180722,13시,경기,평택시,일,중상,차대차,추돌,추돌,안전운전 의무 불이행,남,41-50세,화물차,상해없음,남,51-60세,특수차,중상,사업용,화물차,화물차,사업용,화물차,화물차,고속국도,단일로,기타단일로,맑음,포장,건조,0,2,0,0
20180722,15시,전북,임실군,일,경상,차대차,추돌,추돌,안전운전 의무 불이행,남,51-60세,승용차,상해없음,여,41-50세,승용차,경상,비사업용,승용차,승용차,비사업용,승용차,승용차,고속국도,단일로,기타단일로,맑음,포장,건조,0,0,3,0
20180722,17시,경기,수원시,일,경상,차대차,기타,기타,안전운전 의무 불이행,남,31-40세,승용차,상해없음,남,31-40세,승용차,경상,비사업용,승용차,승용차,비사업용,승용차,승용차,고속국도,단일로,기타단일로,맑음,포장,건조,0,0,2,0
20180722,17시,경기,안산시,일,중상,차대차,추돌,추돌,안전거리 미확보,남,65세이상,승용차,상해없음,남,21-30세,승용차,중상,비사업용,승용차,승용차,비사업용,승용차,승용차,고속국도,단일로,교량위,맑음,포장,건조,0,2,1,0
20180722,17시,부산,강서구,일,경상,차대차,측면충돌,측면충돌,안전거리 미확보,남,65세이상,승합차,상해없음,남,61-64세,승용차,경상,사업용,전세버스,전세버스,비사업용,승용차,승용차,고속국도,단일로,기타단일로,맑음,포장,건조,0,0,1,0
20180722,21시,대구,북구,일,경상,차대차,측면충돌,측면충돌,안전운전 의무 불이행,여,51-60세,승용차,상해없음,여,21-30세,승용차,경상,비사업용,승용차,승용차,비사업용,승용차,승용차,고속국도,단일로,기타단일로,맑음,포장,건조,0,0,2,0
20180723,02시,충북,청주시,월,경상,차대차,측면충돌,측면충돌,안전거리 미확보,남,51-60세,승용차,기타불명,남,31-40세,화물차,상해없음,비사업용,승용차,승용차,사업용,화물차,화물차,고속국도,기타,기타,맑음,포장,건조,0,0,2,0
20180723,05시,대전,서구,월,사망,차량단독,공작물충돌,공작물충돌,과속,남,31-40세,승용차,중상,없음,불명,없음,없음,비사업용,승용차,승용차,없음,없음,없음,고속국도,기타,기타,맑음,포장,건조,1,3,0,0
20180723,09시,경기,화성시,월,중상,차대차,추돌,추돌,안전운전 의무 불이행,남,31-40세,승용차,상해없음,남,31-40세,승용차,중상,비사업용,승용차,승용차,비사업용,승용차,승용차,고속국도,단일로,기타단일로,맑음,포장,건조,0,1,2,0
20180723,10시,경기,평택시,월,사망,차대차,기타,기타,안전운전 의무 불이행,남,51-60세,특수차,상해없음,남,41-50세,승용차,경상,사업용,화물차,화물차,비사업용,승용차,승용차,고속국도,단일로,기타단일로,맑음,포장,건조,1,1,2,0
20180723,10시,경북,성주군,월,사망,차량단독,공작물충돌,공작물충돌,안전운전 의무 불이행,남,41-50세,화물차,사망,없음,불명,없음,없음,비사업용,화물차,화물차,없음,없음,없음,고속국도,단일로,기타단일로,맑음,포장,건조,1,0,0,0
20180723,16시,경기,성남시,월,경상,차대차,측면충돌,측면충돌,안전운전 의무 불이행,남,51-60세,화물차,상해없음,여,51-60세,화물차,경상,사업용,화물차,화물차,비사업용,화물차,화물차,고속국도,단일로,기타단일로,맑음,포장,건조,0,0,1,0
20180723,19시,전북,남원시,월,경상,차대차,추돌,추돌,안전거리 미확보,남,51-60세,화물차,상해없음,남,31-40세,승용차,경상,사업용,화물차,화물차,비사업용,승용차,승용차,고속국도,단일로,기타단일로,맑음,포장,건조,0,0,2,0
20180723,20시,경남,김해시,월,중상,차대차,측면충돌,측면충돌,안전거리 미확보,남,51-60세,화물차,상해없음,남,51-60세,승용차,중상,사업용,화물차,화물차,비사업용,승용차,승용차,고속국도,단일로,기타단일로,맑음,포장,건조,0,1,0,0
20180723,21시,경기,성남시,월,중상,차대차,측면충돌,측면충돌,안전운전 의무 불이행,남,31-40세,승용차,상해없음,남,51-60세,승용차,중상,비사업용,승용차,승용차,비사업용,승용차,승용차,고속국도,단일로,기타단일로,맑음,포장,건조,0,1,1,0
20180724,06시,대전,대덕구,화,경상,차대차,추돌,추돌,안전운전 의무 불이행,남,41-50세,승용차,상해없음,남,31-40세,승용차,경상,비사업용,승용차,승용차,비사업용,승용차,승용차,고속국도,단일로,기타단일로,맑음,포장,건조,0,0,1,0
20180724,08시,경기,광명시,화,경상,차대차,후진중충돌,후진중충돌,안전운전 의무 불이행,남,51-60세,화물차,상해없음,남,31-40세,승용차,경상,비사업용,화물차,화물차,사업용,렌터카,렌터카,고속국도,단일로,교량위,맑음,포장,건조,0,0,1,0
20180724,09시,전남,영광군,화,경상,차대차,측면충돌,측면충돌,안전운전 의무 불이행,남,65세이상,화물차,상해없음,남,41-50세,승용차,경상,사업용,화물차,화물차,비사업용,승용차,승용차,고속국도,단일로,기타단일로,맑음,포장,건조,0,0,4,0
20180724,12시,경기,용인시,화,경상,차대차,추돌,추돌,안전운전 의무 불이행,남,51-60세,승합차,상해없음,남,41-50세,승합차,경상,비사업용,버스,버스,사업용,노선버스,고속버스,고속국도,기타,기타,맑음,포장,건조,0,0,5,2
20180724,13시,경북,구미시,화,사망,차대차,추돌,추돌,안전운전 의무 불이행,남,41-50세,화물차,상해없음,남,65세이상,화물차,상해없음,사업용,화물차,화물차,비사업용,화물차,화물차,고속국도,단일로,기타단일로,맑음,포장,건조,1,1,2,0
20180724,14시,경기,군포시,화,경상,차대차,추돌,추돌,안전운전 의무 불이행,남,61-64세,승용차,상해없음,남,41-50세,승용차,경상,비사업용,승용차,승용차,사업용,렌터카,렌터카,고속국도,단일로,기타단일로,맑음,포장,건조,0,0,1,0
20180724,14시,경기,평택시,화,경상,차대차,기타,기타,안전운전 의무 불이행,남,51-60세,화물차,상해없음,여,41-50세,승용차,경상,비사업용,화물차,화물차,비사업용,승용차,승용차,고속국도,단일로,기타단일로,맑음,포장,건조,0,0,2,1
20180724,14시,경기,하남시,화,중상,차대차,추돌,추돌,안전운전 의무 불이행,남,51-60세,화물차,중상,남,51-60세,화물차,경상,비사업용,화물차,화물차,비사업용,화물차,화물차,고속국도,기타,기타,맑음,포장,건조,0,1,2,0
20180724,15시,경기,용인시,화,중상,차대차,추돌,추돌,안전운전 의무 불이행,여,61-64세,승용차,상해없음,남,41-50세,승용차,경상,비사업용,승용차,승용차,비사업용,승용차,승용차,고속국도,기타,기타,맑음,포장,건조,0,1,4,0
20180724,15시,충북,청주시,화,경상,차대차,기타,기타,안전운전 의무 불이행,남,41-50세,화물차,상해없음,남,41-50세,승용차,경상,사업용,화물차,화물차,비사업용,승용차,승용차,고속국도,기타,기타,맑음,포장,건조,0,0,3,0
20180724,16시,경북,상주시,화,중상,차대차,추돌,추돌,안전운전 의무 불이행,남,51-60세,특수차,상해없음,남,51-60세,화물차,경상,비사업용,화물차,화물차,사업용,화물차,화물차,고속국도,단일로,터널안,맑음,포장,건조,0,1,2,0
20180724,22시,경기,성남시,화,경상,차대차,기타,기타,안전운전 의무 불이행,남,31-40세,화물차,상해없음,남,51-60세,승용차,경상,비사업용,화물차,화물차,비사업용,승용차,승용차,고속국도,단일로,기타단일로,맑음,포장,건조,0,0,1,0
20180725,00시,충남,천안시,수,경상,차대차,추돌,추돌,안전운전 의무 불이행,남,41-50세,화물차,상해없음,여,41-50세,승용차,경상,사업용,화물차,화물차,사업용,렌터카,렌터카,고속국도,단일로,기타단일로,맑음,포장,건조,0,0,4,0
20180725,02시,경북,상주시,수,경상,차대차,측면충돌,측면충돌,안전운전 의무 불이행,남,31-40세,승용차,경상,남,41-50세,특수차,상해없음,비사업용,승용차,승용차,사업용,화물차,화물차,고속국도,단일로,기타단일로,맑음,포장,건조,0,0,1,0
20180725,07시,경기,화성시,수,중상,차대차,측면충돌,측면충돌,안전거리 미확보,여,31-40세,승용차,중상,여,31-40세,승용차,중상,비사업용,승용차,승용차,비사업용,승용차,승용차,고속국도,단일로,기타단일로,맑음,포장,건조,0,2,0,0
20180725,09시,경기,고양시,수,경상,차대차,추돌,추돌,안전운전 의무 불이행,남,41-50세,화물차,상해없음,여,21-30세,승용차,경상,비사업용,화물차,화물차,사업용,렌터카,렌터카,고속국도,단일로,기타단일로,맑음,포장,건조,0,0,2,0
20180725,14시,경기,수원시,수,경상,차대차,추돌,추돌,안전운전 의무 불이행,여,51-60세,승용차,상해없음,남,31-40세,승용차,경상,비사업용,승용차,승용차,사업용,렌터카,렌터카,고속국도,단일로,기타단일로,맑음,포장,건조,0,0,1,0
20180725,14시,울산,울주군,수,경상,차대차,추돌,추돌,안전운전 의무 불이행,남,51-60세,승용차,상해없음,남,41-50세,승용차,경상,비사업용,승용차,승용차,사업용,렌터카,렌터카,고속국도,단일로,기타단일로,맑음,포장,건조,0,0,2,0
20180725,17시,충북,청주시,수,경상,차대차,추돌,추돌,안전운전 의무 불이행,남,21-30세,승용차,상해없음,남,31-40세,승용차,경상,비사업용,승용차,승용차,비사업용,승용차,승용차,고속국도,기타,기타,맑음,포장,건조,0,0,1,0
20180725,19시,경기,군포시,수,경상,차대차,추돌,추돌,안전운전 의무 불이행,남,51-60세,화물차,상해없음,남,31-40세,승용차,경상,비사업용,화물차,화물차,비사업용,승용차,승용차,고속국도,단일로,기타단일로,맑음,포장,건조,0,0,1,0
20180725,23시,경북,구미시,수,경상,차대차,기타,기타,안전운전 의무 불이행,여,51-60세,승용차,상해없음,남,41-50세,화물차,경상,사업용,렌터카,렌터카,사업용,화물차,화물차,고속국도,단일로,기타단일로,맑음,포장,건조,0,0,1,0
20180726,01시,충북,충주시,목,경상,차대차,기타,기타,안전운전 의무 불이행,기타불명,불명,불명,기타불명,남,31-40세,승용차,경상,불명,불명,불명,비사업용,승용차,승용차,고속국도,단일로,기타단일로,맑음,포장,건조,0,0,1,0
20180726,02시,경기,안산시,목,중상,차대차,추돌,추돌,안전운전 의무 불이행,남,21-30세,승용차,상해없음,남,41-50세,승용차,중상,비사업용,승용차,승용차,비사업용,승용차,승용차,고속국도,단일로,기타단일로,맑음,포장,건조,0,1,0,0
20180726,03시,경북,성주군,목,중상,차대차,기타,기타,안전운전 의무 불이행,남,65세이상,화물차,상해없음,남,61-64세,건설기계,중상,사업용,화물차,화물차,사업용,기타/건설기계,기타/건설기계,고속국도,단일로,기타단일로,맑음,포장,건조,0,1,0,0
20180726,04시,경기,성남시,목,부상신고,차대차,추돌,추돌,안전운전 의무 불이행,남,41-50세,화물차,부상신고,남,61-64세,화물차,상해없음,사업용,화물차,화물차,사업용,화물차,화물차,고속국도,단일로,기타단일로,맑음,포장,건조,0,0,0,1
20180726,04시,경북,상주시,목,경상,차대차,기타,기타,안전운전 의무 불이행,남,21-30세,승용차,상해없음,남,51-60세,화물차,경상,비사업용,승용차,승용차,사업용,화물차,화물차,고속국도,단일로,기타단일로,맑음,포장,건조,0,0,1,0
20180726,08시,경기,성남시,목,경상,차대차,기타,기타,안전거리 미확보,남,41-50세,승용차,상해없음,여,41-50세,승용차,경상,사업용,택시,법인택시,비사업용,승용차,승용차,고속국도,단일로,기타단일로,맑음,포장,건조,0,0,1,0
20180726,09시,대전,동구,목,경상,차량단독,기타,기타,안전운전 의무 불이행,남,65세이상,승합차,경상,없음,불명,없음,없음,비사업용,기타/건설기계,기타/건설기계,없음,없음,없음,고속국도,기타,기타,맑음,포장,건조,0,0,6,0
20180726,10시,경기,남양주시,목,경상,차대차,기타,기타,안전운전 의무 불이행,남,21-30세,승용차,상해없음,남,31-40세,승용차,경상,비사업용,승용차,승용차,비사업용,승용차,승용차,고속국도,단일로,기타단일로,맑음,포장,건조,0,0,2,0
20180726,10시,경기,이천시,목,중상,차대차,기타,기타,안전운전 의무 불이행,남,21-30세,화물차,상해없음,남,31-40세,승용차,중상,사업용,화물차,화물차,비사업용,승용차,승용차,고속국도,단일로,기타단일로,맑음,포장,건조,0,1,0,0
20180726,17시,경기,용인시,목,경상,차대차,기타,기타,안전운전 의무 불이행,남,51-60세,승용차,상해없음,남,41-50세,승용차,경상,비사업용,승용차,승용차,비사업용,승용차,승용차,고속국도,단일로,기타단일로,맑음,포장,건조,0,0,3,1
20180726,20시,인천,남동구,목,경상,차대차,추돌,추돌,안전운전 의무 불이행,기타불명,불명,불명,기타불명,남,41-50세,화물차,경상,불명,불명,불명,사업용,화물차,화물차,고속국도,단일로,기타단일로,맑음,포장,건조,0,0,1,0
20180726,22시,경기,용인시,목,경상,차대차,측면충돌,측면충돌,안전운전 의무 불이행,남,65세이상,승용차,상해없음,여,41-50세,승용차,경상,비사업용,승용차,승용차,사업용,렌터카,렌터카,고속국도,단일로,기타단일로,맑음,포장,건조,0,0,1,0
20180727,02시,충북,충주시,금,경상,차대차,추돌,추돌,안전거리 미확보,남,31-40세,승용차,상해없음,남,61-64세,화물차,경상,사업용,렌터카,렌터카,사업용,화물차,화물차,고속국도,단일로,기타단일로,맑음,포장,건조,0,0,2,0
20180727,04시,경기,성남시,금,중상,차대차,추돌,추돌,안전운전 의무 불이행,남,41-50세,화물차,상해없음,남,41-50세,승용차,중상,비사업용,화물차,화물차,비사업용,승용차,승용차,고속국도,단일로,기타단일로,맑음,포장,건조,0,1,0,0
20180727,04시,경기,성남시,금,중상,차대차,추돌,추돌,안전운전 의무 불이행,남,61-64세,화물차,상해없음,남,41-50세,승용차,중상,비사업용,화물차,화물차,비사업용,승용차,승용차,고속국도,단일로,기타단일로,맑음,포장,건조,0,1,0,0
20180727,04시,충북,제천시,금,경상,차대차,추돌,추돌,안전거리 미확보,남,31-40세,승용차,상해없음,남,51-60세,화물차,경상,비사업용,승용차,승용차,사업용,화물차,화물차,고속국도,단일로,터널안,맑음,포장,건조,0,0,1,0
20180727,09시,부산,금정구,금,경상,차대차,측면충돌,측면충돌,안전운전 의무 불이행,남,51-60세,화물차,상해없음,여,31-40세,승용차,경상,사업용,화물차,화물차,비사업용,승용차,승용차,고속국도,단일로,기타단일로,맑음,포장,건조,0,0,1,0
20180727,11시,인천,서구,금,경상,차대차,추돌,추돌,안전거리 미확보,남,61-64세,화물차,상해없음,여,51-60세,승용차,경상,비사업용,화물차,화물차,비사업용,승용차,승용차,고속국도,단일로,기타단일로,맑음,포장,건조,0,0,3,0
20180727,13시,충북,음성군,금,경상,차대차,추돌,추돌,안전운전 의무 불이행,남,51-60세,승용차,경상,남,51-60세,건설기계,경상,비사업용,승용차,승용차,사업용,기타/건설기계,기타/건설기계,고속국도,단일로,기타단일로,맑음,포장,건조,0,0,2,0
20180727,16시,경기,용인시,금,경상,차대차,추돌,추돌,안전운전 의무 불이행,남,51-60세,승합차,상해없음,남,61-64세,승합차,상해없음,사업용,전세버스,전세버스,비사업용,버스,버스,고속국도,단일로,기타단일로,맑음,포장,건조,0,0,1,0
20180727,16시,경북,문경시,금,경상,차대차,기타,기타,안전운전 의무 불이행,남,21-30세,승용차,경상,남,51-60세,승용차,상해없음,사업용,렌터카,렌터카,비사업용,승용차,승용차,고속국도,단일로,기타단일로,맑음,포장,건조,0,0,6,0
20180727,17시,경기,이천시,금,중상,차대차,측면충돌,측면충돌,안전운전 의무 불이행,남,65세이상,승용차,경상,남,21-30세,화물차,상해없음,비사업용,승용차,승용차,사업용,화물차,화물차,고속국도,단일로,기타단일로,맑음,포장,건조,0,3,1,0
20180727,19시,경기,고양시,금,경상,차대차,측면충돌,측면충돌,안전거리 미확보,여,31-40세,승용차,상해없음,여,21-30세,승용차,경상,비사업용,승용차,승용차,비사업용,승용차,승용차,고속국도,단일로,교량위,맑음,포장,건조,0,0,2,0
20180727,19시,경기,부천시,금,경상,차대차,측면충돌,측면충돌,안전운전 의무 불이행,남,21-30세,승용차,상해없음,남,31-40세,승용차,경상,비사업용,승용차,승용차,비사업용,승용차,승용차,고속국도,단일로,기타단일로,맑음,포장,건조,0,0,1,0
20180727,20시,경기,성남시,금,경상,차대차,추돌,추돌,안전운전 의무 불이행,남,51-60세,승용차,상해없음,남,31-40세,승용차,경상,비사업용,승용차,승용차,비사업용,승용차,승용차,고속국도,기타,기타,맑음,포장,건조,0,0,2,1
20180727,20시,대전,대덕구,금,중상,차대차,기타,기타,안전운전 의무 불이행,남,31-40세,승합차,상해없음,남,41-50세,승용차,경상,사업용,노선버스,고속버스,비사업용,승용차,승용차,고속국도,단일로,기타단일로,맑음,포장,건조,0,1,1,0
20180727,23시,경기,화성시,금,중상,차대사람,기타,기타,안전운전 의무 불이행,남,41-50세,화물차,상해없음,남,41-50세,보행자,중상,비사업용,화물차,화물차,보행자,보행자,보행자,고속국도,기타,기타,맑음,포장,건조,0,1,0,0
20180728,06시,경기,안성시,토,경상,차대차,측면충돌,측면충돌,안전운전 의무 불이행,남,21-30세,승용차,상해없음,남,41-50세,승용차,경상,비사업용,승용차,승용차,비사업용,승용차,승용차,고속국도,단일로,기타단일로,맑음,포장,건조,0,0,5,0
20180728,06시,경북,경산시,토,중상,차대차,추돌,추돌,안전운전 의무 불이행,남,21-30세,승용차,상해없음,남,41-50세,승용차,중상,비사업용,승용차,승용차,비사업용,승용차,승용차,고속국도,단일로,기타단일로,맑음,포장,건조,0,1,0,0
20180728,07시,경기,구리시,토,경상,차대차,측면충돌,측면충돌,안전운전 의무 불이행,남,21-30세,승용차,상해없음,남,41-50세,승용차,경상,비사업용,승용차,승용차,비사업용,승용차,승용차,고속국도,기타,기타,맑음,포장,건조,0,0,1,0
20180728,09시,경기,의정부시,토,중상,차대차,기타,기타,안전운전 의무 불이행,여,51-60세,승용차,상해없음,남,65세이상,승용차,중상,비사업용,승용차,승용차,비사업용,승용차,승용차,고속국도,단일로,기타단일로,맑음,포장,건조,0,2,0,0
20180728,10시,충북,청주시,토,경상,차대차,추돌,추돌,안전거리 미확보,남,51-60세,승합차,상해없음,남,65세이상,승용차,경상,사업용,노선버스,고속버스,비사업용,승용차,승용차,고속국도,기타,기타,맑음,포장,건조,0,0,3,0
20180728,11시,경기,용인시,토,경상,차대차,기타,기타,안전운전 의무 불이행,여,51-60세,승용차,상해없음,남,21-30세,승용차,경상,비사업용,승용차,승용차,비사업용,승용차,승용차,고속국도,단일로,기타단일로,맑음,포장,건조,0,0,1,0
20180728,12시,경기,시흥시,토,중상,차대차,추돌,추돌,기타,남,31-40세,건설기계,상해없음,남,21-30세,승용차,중상,사업용,기타/건설기계,기타/건설기계,비사업용,승용차,승용차,고속국도,단일로,교량위,비,포장,젖음/습기,0,1,0,0
20180728,14시,경남,진주시,토,경상,차대차,측면충돌,측면충돌,안전운전 의무 불이행,남,51-60세,승용차,상해없음,남,41-50세,승용차,경상,비사업용,승용차,승용차,비사업용,승용차,승용차,고속국도,단일로,기타단일로,맑음,포장,건조,0,0,4,0
20180728,15시,대구,동구,토,경상,차대차,기타,기타,안전운전 의무 불이행,기타불명,불명,승용차,기타불명,남,41-50세,승용차,경상,비사업용,승용차,승용차,사업용,렌터카,렌터카,고속국도,단일로,기타단일로,맑음,포장,건조,0,0,1,0
20180728,19시,경남,김해시,토,사망,차량단독,기타,기타,안전운전 의무 불이행,남,51-60세,화물차,사망,없음,불명,없음,없음,비사업용,화물차,화물차,없음,없음,없음,고속국도,단일로,기타단일로,맑음,포장,건조,1,0,0,0
20180728,23시,인천,남동구,토,경상,차대차,측면충돌,측면충돌,안전거리 미확보,남,65세이상,화물차,상해없음,남,51-60세,승용차,경상,비사업용,화물차,화물차,사업용,택시,법인택시,고속국도,단일로,기타단일로,맑음,포장,건조,0,0,2,0