발생일,발생시간,발생지_시도,발생지_시군구,요일,사고내용,사고유형_대분류,사고유형_중분류,사고유형,가해자법규위반,가해자성별,가해자연령,가해당사자종별,가해자신체상해정도,피해자성별,피해자연령,피해당사자종별,피해자신체상해정도,가해차량용도_대분류,가해차량용도_중분류,가해차량용도,피해차량용도_대분류,피해차량용도_중분류,피해차량용도,도로종류,도로형태_대분류,도로형태,기상상태,노면상태_대분류,노면상태,사망자수,중상자수,경상자수,부상신고자수
20180902,13시,충남,당진시,일,중상,차대차,추돌,추돌,안전운전 의무 불이행,여,51-60세,승용차,상해없음,남,41-50세,승용차,중상,비사업용,승용차,승용차,비사업용,승용차,승용차,고속국도,단일로,기타단일로,맑음,포장,건조,0,2,1,0
20180902,14시,경기,오산시,일,경상,차대차,추돌,추돌,안전거리 미확보,여,21-30세,승용차,상해없음,남,51-60세,승용차,상해없음,비사업용,승용차,승용차,비사업용,승용차,승용차,고속국도,단일로,기타단일로,맑음,포장,건조,0,0,2,0
20180902,16시,경남,함안군,일,사망,차대차,추돌,추돌,안전운전 의무 불이행,남,41-50세,특수차,상해없음,남,41-50세,승용차,사망,사업용,화물차,화물차,비사업용,승용차,승용차,고속국도,단일로,기타단일로,흐림,포장,젖음/습기,2,0,4,0
20180902,18시,경기,수원시,일,경상,차대차,기타,기타,안전운전 의무 불이행,남,31-40세,승용차,상해없음,남,21-30세,승용차,경상,비사업용,승용차,승용차,비사업용,승용차,승용차,고속국도,단일로,기타단일로,맑음,포장,건조,0,0,2,0
20180902,18시,경기,용인시,일,경상,차대차,기타,기타,안전운전 의무 불이행,남,51-60세,승용차,상해없음,남,51-60세,승용차,경상,비사업용,승용차,승용차,비사업용,승용차,승용차,고속국도,단일로,기타단일로,맑음,포장,건조,0,0,2,0
20180902,21시,경북,성주군,일,경상,차대차,측면충돌,측면충돌,안전거리 미확보,남,51-60세,승용차,상해없음,남,65세이상,특수차,상해없음,비사업용,승용차,승용차,사업용,화물차,화물차,고속국도,단일로,기타단일로,맑음,포장,건조,0,0,1,0
20180903,01시,경기,안산시,월,경상,차대차,측면충돌,측면충돌,안전거리 미확보,여,51-60세,승용차,상해없음,남,21-30세,승용차,경상,비사업용,승용차,승용차,비사업용,승용차,승용차,고속국도,단일로,기타단일로,맑음,포장,건조,0,0,1,0
20180903,04시,충북,제천시,월,중상,차대차,추돌,추돌,안전운전 의무 불이행,남,41-50세,특수차,중상,남,41-50세,건설기계,경상,사업용,화물차,화물차,사업용,기타/건설기계,기타/건설기계,고속국도,단일로,기타단일로,흐림,포장,건조,0,1,1,0
20180903,09시,경기,수원시,월,중상,차대차,추돌,추돌,안전운전 의무 불이행,남,51-60세,화물차,상해없음,남,41-50세,승용차,상해없음,비사업용,화물차,화물차,사업용,택시,법인택시,고속국도,단일로,기타단일로,맑음,포장,건조,0,2,0,1
20180903,09시,충북,괴산군,월,중상,차대차,기타,기타,안전운전 의무 불이행,여,31-40세,승용차,상해없음,남,51-60세,화물차,상해없음,비사업용,승용차,승용차,사업용,화물차,화물차,고속국도,단일로,기타단일로,맑음,포장,건조,0,2,0,0
20180903,12시,경남,고성군,월,중상,차대사람,기타,기타,과속,여,51-60세,승용차,상해없음,남,41-50세,보행자,중상,비사업용,승용차,승용차,보행자,보행자,보행자,고속국도,단일로,터널안,비,포장,젖음/습기,0,1,0,0
20180903,13시,경남,김해시,월,중상,차대차,추돌,추돌,안전운전 의무 불이행,남,51-60세,특수차,상해없음,남,31-40세,화물차,경상,사업용,화물차,화물차,비사업용,화물차,화물차,고속국도,단일로,기타단일로,맑음,포장,건조,0,1,1,0
20180903,15시,경기,화성시,월,중상,차대차,추돌,추돌,안전운전 의무 불이행,남,41-50세,화물차,중상,남,51-60세,특수차,상해없음,사업용,화물차,화물차,사업용,화물차,화물차,고속국도,단일로,기타단일로,비,포장,젖음/습기,0,1,0,0
20180903,16시,강원,원주시,월,중상,차대차,추돌,추돌,안전거리 미확보,남,51-60세,승용차,상해없음,남,65세이상,화물차,경상,비사업용,승용차,승용차,비사업용,화물차,화물차,고속국도,기타,기타,비,포장,젖음/습기,0,2,1,0
20180903,16시,전북,김제시,월,중상,차대차,측면충돌,측면충돌,안전운전 의무 불이행,남,51-60세,승용차,상해없음,남,61-64세,승용차,경상,비사업용,승용차,승용차,비사업용,승용차,승용차,고속국도,단일로,기타단일로,맑음,포장,건조,0,1,2,0
20180903,17시,경북,김천시,월,중상,차대차,측면충돌,측면충돌,안전운전 의무 불이행,남,41-50세,특수차,상해없음,남,41-50세,승용차,중상,사업용,화물차,화물차,사업용,렌터카,렌터카,고속국도,단일로,기타단일로,맑음,포장,건조,0,1,0,0
20180903,18시,경기,구리시,월,경상,차대차,측면충돌,측면충돌,안전거리 미확보,남,31-40세,승용차,상해없음,여,31-40세,승용차,경상,비사업용,승용차,승용차,비사업용,승용차,승용차,고속국도,단일로,기타단일로,비,포장,젖음/습기,0,0,1,0
20180903,19시,서울,송파구,월,경상,차대차,측면충돌,측면충돌,안전거리 미확보,남,31-40세,승용차,경상,남,61-64세,화물차,상해없음,비사업용,승용차,승용차,사업용,화물차,화물차,고속국도,단일로,기타단일로,비,포장,젖음/습기,0,0,1,0
20180903,21시,충북,청주시,월,중상,차량단독,전도,전도,안전운전 의무 불이행,남,65세이상,승합차,중상,없음,불명,없음,없음,사업용,전세버스,전세버스,없음,없음,없음,고속국도,단일로,기타단일로,비,포장,젖음/습기,0,9,14,0
20180903,22시,인천,서구,월,경상,차대차,측면충돌,측면충돌,안전운전 의무 불이행,남,51-60세,승용차,상해없음,남,31-40세,승용차,경상,비사업용,승용차,승용차,비사업용,승용차,승용차,고속국도,단일로,기타단일로,맑음,포장,건조,0,0,3,0
20180904,00시,강원,춘천시,화,부상신고,차대차,추돌,추돌,안전거리 미확보,남,21-30세,승용차,상해없음,남,41-50세,화물차,부상신고,비사업용,승용차,승용차,비사업용,화물차,화물차,고속국도,단일로,기타단일로,비,포장,젖음/습기,0,0,0,1
20180904,00시,경기,김포시,화,경상,차대차,추돌,추돌,안전거리 미확보,남,41-50세,승용차,상해없음,남,51-60세,승합차,부상신고,비사업용,승용차,승용차,사업용,노선버스,시외버스,고속국도,단일로,교량위,비,포장,젖음/습기,0,0,1,2
20180904,00시,경기,안성시,화,경상,차대차,추돌,추돌,안전운전 의무 불이행,남,31-40세,승용차,상해없음,남,31-40세,승용차,경상,비사업용,승용차,승용차,비사업용,승용차,승용차,고속국도,단일로,기타단일로,비,포장,젖음/습기,0,0,2,0
20180904,00시,충남,천안시,화,경상,차대차,추돌,추돌,안전운전 의무 불이행,남,41-50세,승용차,상해없음,남,41-50세,화물차,경상,사업용,렌터카,렌터카,사업용,화물차,화물차,고속국도,기타,기타,비,포장,젖음/습기,0,0,1,0
20180904,00시,충북,청주시,화,중상,차대차,정면충돌,정면충돌,안전운전 의무 불이행,남,51-60세,승용차,상해없음,남,51-60세,화물차,중상,비사업용,승용차,승용차,사업용,화물차,화물차,고속국도,기타,기타,비,포장,젖음/습기,0,1,0,0
20180904,01시,경기,성남시,화,중상,차대차,기타,기타,안전운전 의무 불이행,남,31-40세,승용차,상해없음,남,51-60세,화물차,중상,비사업용,승용차,승용차,비사업용,화물차,화물차,고속국도,단일로,기타단일로,흐림,포장,젖음/습기,0,2,0,0
20180904,05시,경기,용인시,화,경상,차대차,기타,기타,안전운전 의무 불이행,남,41-50세,화물차,상해없음,남,31-40세,승용차,경상,비사업용,화물차,화물차,사업용,렌터카,렌터카,고속국도,기타,기타,맑음,포장,건조,0,0,3,0
20180904,11시,경기,용인시,화,경상,차대차,기타,기타,기타,기타불명,불명,불명,기타불명,남,41-50세,화물차,경상,불명,불명,불명,사업용,화물차,화물차,고속국도,단일로,기타단일로,맑음,포장,건조,0,0,1,0
20180904,19시,경남,진주시,화,중상,차대사람,기타,기타,안전운전 의무 불이행,남,41-50세,화물차,상해없음,남,41-50세,보행자,중상,비사업용,화물차,화물차,보행자,보행자,보행자,고속국도,단일로,기타단일로,맑음,포장,건조,0,1,0,0
20180904,20시,경기,의정부시,화,중상,차대차,측면충돌,측면충돌,안전운전 의무 불이행,남,21-30세,화물차,상해없음,남,51-60세,화물차,중상,사업용,화물차,화물차,사업용,화물차,화물차,고속국도,단일로,기타단일로,맑음,포장,건조,0,1,0,0
20180905,02시,충북,괴산군,수,중상,차대차,추돌,추돌,안전거리 미확보,남,31-40세,화물차,상해없음,남,31-40세,화물차,경상,사업용,화물차,화물차,사업용,화물차,화물차,고속국도,단일로,기타단일로,맑음,포장,건조,0,1,1,0
20180905,08시,경기,안양시,수,경상,차대차,측면충돌,측면충돌,기타,남,51-60세,화물차,상해없음,남,31-40세,승용차,경상,비사업용,화물차,화물차,비사업용,승용차,승용차,고속국도,단일로,기타단일로,맑음,포장,건조,0,0,1,0
20180905,09시,경기,구리시,수,경상,차대차,측면충돌,측면충돌,안전거리 미확보,남,41-50세,건설기계,상해없음,남,31-40세,승용차,경상,사업용,기타/건설기계,기타/건설기계,비사업용,승용차,승용차,고속국도,단일로,기타단일로,맑음,포장,건조,0,0,2,0
20180905,11시,울산,울주군,수,사망,차대차,추돌,추돌,안전운전 의무 불이행,남,65세이상,화물차,사망,남,41-50세,화물차,상해없음,비사업용,화물차,화물차,비사업용,화물차,화물차,고속국도,단일로,기타단일로,맑음,포장,건조,1,0,0,0
20180905,12시,경기,안산시,수,경상,차대차,기타,기타,안전운전 의무 불이행,기타불명,불명,불명,기타불명,남,51-60세,승용차,경상,불명,불명,불명,비사업용,승용차,승용차,고속국도,단일로,기타단일로,맑음,포장,건조,0,0,1,0
20180905,16시,강원,원주시,수,사망,차량단독,공작물충돌,공작물충돌,기타,남,51-60세,화물차,사망,없음,불명,없음,없음,사업용,화물차,화물차,없음,없음,없음,고속국도,단일로,기타단일로,맑음,포장,건조,1,0,0,0
20180905,16시,경기,시흥시,수,경상,차대차,측면충돌,측면충돌,안전거리 미확보,남,51-60세,화물차,상해없음,남,51-60세,승용차,경상,사업용,화물차,화물차,사업용,택시,개인택시,고속국도,단일로,교량위,맑음,포장,건조,0,0,1,0
20180905,17시,경기,용인시,수,경상,차대차,측면충돌,측면충돌,안전거리 미확보,남,41-50세,승용차,상해없음,남,61-64세,승용차,경상,비사업용,승용차,승용차,비사업용,승용차,승용차,고속국도,단일로,기타단일로,맑음,포장,건조,0,0,1,0
20180905,17시,부산,사상구,수,경상,차대차,추돌,추돌,안전운전 의무 불이행,남,21-30세,승용차,상해없음,남,61-64세,승용차,경상,비사업용,승용차,승용차,비사업용,승용차,승용차,고속국도,단일로,기타단일로,맑음,포장,건조,0,0,1,0
20180905,17시,부산,사상구,수,경상,차대차,측면충돌,측면충돌,안전거리 미확보,남,51-60세,건설기계,상해없음,남,31-40세,승용차,경상,사업용,기타/건설기계,기타/건설기계,비사업용,승용차,승용차,고속국도,단일로,기타단일로,맑음,포장,건조,0,0,2,0
20180905,17시,충남,홍성군,수,경상,차대차,기타,기타,안전거리 미확보,남,41-50세,승용차,상해없음,여,41-50세,승용차,경상,비사업용,승용차,승용차,비사업용,승용차,승용차,고속국도,단일로,기타단일로,맑음,포장,건조,0,0,1,0
20180905,19시,경기,용인시,수,경상,차대차,기타,기타,안전거리 미확보,남,31-40세,화물차,상해없음,남,51-60세,승용차,경상,비사업용,화물차,화물차,비사업용,승용차,승용차,고속국도,단일로,기타단일로,맑음,포장,건조,0,0,2,0
20180905,20시,경기,고양시,수,경상,차대차,측면충돌,측면충돌,기타,남,21-30세,승용차,상해없음,남,21-30세,승용차,경상,사업용,렌터카,렌터카,비사업용,승용차,승용차,고속국도,단일로,교량위,맑음,포장,건조,0,0,1,0
20180906,03시,경기,성남시,목,중상,차대차,후진중충돌,후진중충돌,기타,남,65세이상,승용차,상해없음,남,65세이상,승용차,중상,사업용,택시,법인택시,비사업용,승용차,승용차,고속국도,단일로,기타단일로,맑음,포장,건조,0,1,1,0
20180906,07시,경기,양주시,목,경상,차대차,측면충돌,측면충돌,안전운전 의무 불이행,남,21-30세,승용차,상해없음,남,31-40세,화물차,경상,비사업용,승용차,승용차,비사업용,화물차,화물차,고속국도,단일로,터널안,맑음,포장,건조,0,0,2,0
20180906,08시,경기,하남시,목,경상,차대차,측면충돌,측면충돌,안전운전 의무 불이행,남,51-60세,화물차,상해없음,남,41-50세,승용차,경상,사업용,화물차,화물차,비사업용,승용차,승용차,고속국도,단일로,기타단일로,맑음,포장,건조,0,0,1,0
20180906,09시,울산,울주군,목,중상,차대차,추돌,추돌,안전운전 의무 불이행,남,51-60세,화물차,상해없음,여,51-60세,화물차,중상,사업용,화물차,화물차,사업용,화물차,화물차,고속국도,단일로,기타단일로,맑음,포장,건조,0,1,0,0
20180906,12시,경기,하남시,목,중상,차대차,측면충돌,측면충돌,안전운전 의무 불이행,남,41-50세,승용차,중상,남,41-50세,화물차,상해없음,비사업용,승용차,승용차,사업용,화물차,화물차,고속국도,단일로,기타단일로,맑음,포장,건조,0,1,1,0
20180906,16시,서울,서초구,목,경상,차대차,추돌,추돌,안전운전 의무 불이행,남,51-60세,승합차,상해없음,남,41-50세,승합차,상해없음,사업용,노선버스,고속버스,사업용,노선버스,시외버스,고속국도,단일로,기타단일로,맑음,포장,건조,0,0,1,5
20180906,16시,인천,계양구,목,경상,차대차,측면충돌,측면충돌,안전거리 미확보,남,65세이상,승용차,상해없음,남,51-60세,승용차,부상신고,비사업용,승용차,승용차,비사업용,승용차,승용차,고속국도,단일로,교량위,맑음,포장,건조,0,0,1,2
20180906,16시,인천,부평구,목,경상,차대차,기타,기타,안전거리 미확보,여,41-50세,승용차,상해없음,남,21-30세,승용차,경상,비사업용,승용차,승용차,비사업용,승용차,승용차,고속국도,단일로,교량위,맑음,포장,건조,0,0,1,0
20180906,16시,충북,청주시,목,경상,차량단독,기타,기타,안전운전 의무 불이행,남,41-50세,승합차,상해없음,없음,불명,없음,없음,사업용,노선버스,고속버스,없음,없음,없음,고속국도,단일로,기타단일로,맑음,포장,건조,0,0,1,0
20180906,17시,서울,강동구,목,경상,차대차,추돌,추돌,안전운전 의무 불이행,남,61-64세,승용차,상해없음,남,31-40세,승용차,경상,비사업용,승용차,승용차,비사업용,승용차,승용차,고속국도,단일로,기타단일로,비,포장,젖음/습기,0,0,1,0
20180906,21시,경기,안양시,목,경상,차대차,추돌,추돌,안전운전 의무 불이행,남,61-64세,승용차,상해없음,남,31-40세,승용차,경상,사업용,택시,법인택시,비사업용,승용차,승용차,고속국도,단일로,기타단일로,맑음,포장,건조,0,0,2,0
20180907,01시,경기,광주시,금,경상,차대차,기타,기타,안전운전 의무 불이행,여,41-50세,승용차,상해없음,여,41-50세,승용차,경상,비사업용,승용차,승용차,비사업용,승용차,승용차,고속국도,단일로,기타단일로,맑음,포장,건조,0,0,1,0
20180907,01시,경기,안양시,금,중상,차대차,기타,기타,안전운전 의무 불이행,남,41-50세,승용차,부상신고,남,31-40세,승용차,중상,비사업용,승용차,승용차,비사업용,승용차,승용차,고속국도,단일로,기타단일로,비,포장,젖음/습기,0,1,0,1
20180907,05시,경기,남양주시,금,부상신고,차대차,기타,기타,안전운전 의무 불이행,남,41-50세,화물차,부상신고,남,51-60세,화물차,부상신고,비사업용,화물차,화물차,비사업용,화물차,화물차,고속국도,단일로,기타단일로,맑음,포장,건조,0,0,0,3
20180907,05시,경기,용인시,금,중상,차대차,기타,기타,안전운전 의무 불이행,기타불명,불명,불명,기타불명,남,51-60세,승용차,중상,불명,불명,불명,비사업용,승용차,승용차,고속국도,단일로,터널안,맑음,포장,건조,0,1,0,0
20180907,05시,경기,화성시,금,경상,차대차,기타,기타,안전운전 의무 불이행,기타불명,불명,불명,기타불명,남,41-50세,특수차,경상,불명,불명,불명,사업용,덤프트럭,덤프트럭,고속국도,단일로,기타단일로,맑음,포장,건조,0,0,1,0
20180907,07시,경북,경주시,금,경상,차대차,기타,기타,안전운전 의무 불이행,남,65세이상,승용차,상해없음,여,41-50세,승용차,경상,비사업용,승용차,승용차,비사업용,승용차,승용차,고속국도,기타,기타,맑음,포장,젖음/습기,0,0,1,0
20180907,07시,인천,계양구,금,부상신고,차대차,측면충돌,측면충돌,기타,남,41-50세,화물차,상해없음,남,21-30세,승용차,부상신고,비사업용,화물차,화물차,비사업용,승용차,승용차,고속국도,단일로,교량위,맑음,포장,건조,0,0,0,2
20180907,08시,경기,평택시,금,경상,차대차,기타,기타,안전운전 의무 불이행,남,51-60세,화물차,상해없음,남,61-64세,승용차,경상,사업용,화물차,화물차,사업용,렌터카,렌터카,고속국도,단일로,기타단일로,맑음,포장,건조,0,0,1,0
20180907,12시,경남,양산시,금,경상,차대차,측면충돌,측면충돌,안전운전 의무 불이행,여,41-50세,승용차,상해없음,남,21-30세,승용차,경상,비사업용,승용차,승용차,비사업용,승용차,승용차,고속국도,단일로,기타단일로,맑음,포장,건조,0,0,2,0
20180907,12시,서울,서초구,금,중상,차대차,추돌,추돌,안전운전 의무 불이행,남,41-50세,승합차,중상,남,61-64세,화물차,상해없음,비사업용,기타/건설기계,기타/건설기계,비사업용,화물차,화물차,고속국도,단일로,기타단일로,맑음,포장,건조,0,2,0,0
20180907,15시,경기,평택시,금,경상,차대차,추돌,추돌,안전운전 의무 불이행,남,65세이상,승용차,상해없음,여,31-40세,승용차,경상,비사업용,승용차,승용차,비사업용,승용차,승용차,고속국도,단일로,기타단일로,맑음,포장,건조,0,0,1,0
20180907,16시,경기,하남시,금,중상,차대차,기타,기타,안전거리 미확보,남,41-50세,화물차,상해없음,남,31-40세,승용차,중상,사업용,화물차,화물차,비사업용,승용차,승용차,고속국도,단일로,기타단일로,맑음,포장,건조,0,1,0,0
20180907,16시,서울,강동구,금,경상,차대차,추돌,추돌,안전운전 의무 불이행,남,31-40세,화물차,상해없음,남,31-40세,화물차,경상,비사업용,화물차,화물차,비사업용,화물차,화물차,고속국도,단일로,기타단일로,맑음,포장,건조,0,0,1,0
20180907,16시,서울,송파구,금,부상신고,차대차,추돌,추돌,안전운전 의무 불이행,남,21-30세,기타,상해없음,남,51-60세,승용차,부상신고,기타,기타,기타,비사업용,승용차,승용차,고속국도,단일로,기타단일로,맑음,포장,건조,0,0,0,1
20180907,17시,경기,안성시,금,경상,차대차,추돌,추돌,안전운전 의무 불이행,남,65세이상,승용차,상해없음,남,51-60세,승용차,경상,비사업용,승용차,승용차,비사업용,승용차,승용차,고속국도,단일로,기타단일로,맑음,포장,건조,0,0,1,0
20180907,17시,충북,진천군,금,경상,차대차,추돌,추돌,안전운전 의무 불이행,남,51-60세,화물차,상해없음,여,21-30세,승용차,경상,비사업용,화물차,화물차,비사업용,승용차,승용차,고속국도,단일로,기타단일로,맑음,포장,건조,0,0,1,0
20180907,18시,경기,의왕시,금,경상,차대차,기타,기타,안전거리 미확보,남,51-60세,승용차,상해없음,여,21-30세,승용차,경상,비사업용,승용차,승용차,비사업용,승용차,승용차,고속국도,단일로,기타단일로,맑음,포장,건조,0,0,1,0
20180907,18시,인천,계양구,금,경상,차대차,측면충돌,측면충돌,기타,남,31-40세,화물차,상해없음,여,31-40세,승용차,경상,비사업용,화물차,화물차,비사업용,승용차,승용차,고속국도,단일로,교량위,맑음,포장,건조,0,0,1,0
20180907,19시,경기,안산시,금,경상,차대차,측면충돌,측면충돌,기타,남,41-50세,화물차,상해없음,남,51-60세,승용차,경상,사업용,화물차,화물차,비사업용,승용차,승용차,고속국도,단일로,기타단일로,맑음,포장,건조,0,0,1,0
20180907,23시,경기,성남시,금,경상,차대차,추돌,추돌,안전운전 의무 불이행,남,31-40세,승용차,상해없음,남,21-30세,승용차,경상,비사업용,승용차,승용차,비사업용,승용차,승용차,고속국도,단일로,기타단일로,맑음,포장,건조,0,0,1,0
20180908,00시,서울,서초구,토,중상,차대차,추돌,추돌,안전운전 의무 불이행,남,51-60세,승용차,상해없음,남,65세이상,승용차,중상,사업용,택시,법인택시,사업용,택시,개인택시,고속국도,단일로,기타단일로,맑음,포장,건조,0,1,2,0
20180908,02시,서울,금천구,토,경상,차대차,추돌,추돌,안전운전 의무 불이행,남,21-30세,승용차,상해없음,남,21-30세,특수차,경상,비사업용,승용차,승용차,사업용,화물차,화물차,고속국도,단일로,기타단일로,맑음,포장,건조,0,0,2,0
20180908,06시,경기,군포시,토,경상,차대차,추돌,추돌,안전운전 의무 불이행,남,20세이하,승용차,상해없음,남,41-50세,승용차,경상,사업용,렌터카,렌터카,비사업용,승용차,승용차,고속국도,단일로,기타단일로,맑음,포장,건조,0,0,1,0
20180908,08시,경기,시흥시,토,경상,차대차,측면충돌,측면충돌,안전운전 의무 불이행,남,65세이상,승용차,상해없음,여,41-50세,승용차,경상,비사업용,승용차,승용차,비사업용,승용차,승용차,고속국도,단일로,교량위,맑음,포장,건조,0,0,1,0
20180908,09시,경기,가평군,토,경상,차대차,추돌,추돌,안전운전 의무 불이행,남,41-50세,승용차,상해없음,남,31-40세,승용차,경상,비사업용,승용차,승용차,비사업용,승용차,승용차,고속국도,단일로,기타단일로,맑음,포장,건조,0,0,2,0
20180908,09시,서울,서초구,토,경상,차대차,기타,기타,안전운전 의무 불이행,여,31-40세,승용차,상해없음,여,65세이상,승용차,경상,비사업용,승용차,승용차,비사업용,승용차,승용차,고속국도,단일로,기타단일로,맑음,포장,건조,0,0,2,0
20180908,10시,경북,상주시,토,경상,차대차,기타,기타,안전운전 의무 불이행,남,41-50세,승용차,상해없음,남,21-30세,승용차,경상,비사업용,승용차,승용차,비사업용,승용차,승용차,고속국도,단일로,기타단일로,맑음,포장,건조,0,0,1,0
20180908,10시,전남,장성군,토,경상,차대차,추돌,추돌,안전운전 의무 불이행,남,41-50세,승용차,상해없음,남,31-40세,승용차,상해없음,비사업용,승용차,승용차,비사업용,승용차,승용차,고속국도,단일로,터널안,맑음,포장,건조,0,0,1,0
20180908,10시,충남,천안시,토,중상,차대차,추돌,추돌,안전거리 미확보,남,51-60세,승합차,상해없음,남,51-60세,승합차,경상,사업용,전세버스,전세버스,사업용,전세버스,전세버스,고속국도,기타,기타,맑음,포장,건조,0,2,13,0
20180908,12시,경기,가평군,토,경상,차대차,기타,기타,안전거리 미확보,여,41-50세,승용차,상해없음,남,51-60세,승용차,상해없음,비사업용,승용차,승용차,비사업용,승용차,승용차,고속국도,단일로,기타단일로,맑음,포장,건조,0,0,2,0
20180908,13시,인천,부평구,토,경상,차대차,측면충돌,측면충돌,안전거리 미확보,남,65세이상,승용차,상해없음,여,31-40세,승용차,경상,사업용,택시,법인택시,비사업용,승용차,승용차,고속국도,단일로,기타단일로,맑음,포장,건조,0,0,1,0
20180908,14시,경기,용인시,토,중상,차대차,추돌,추돌,안전운전 의무 불이행,남,31-40세,승용차,상해없음,여,51-60세,승용차,중상,비사업용,승용차,승용차,비사업용,승용차,승용차,고속국도,단일로,터널안,맑음,포장,건조,0,2,0,0
20180908,14시,경남,김해시,토,중상,차대사람,기타,기타,안전운전 의무 불이행,남,41-50세,승용차,상해없음,남,21-30세,보행자,중상,비사업용,승용차,승용차,보행자,보행자,보행자,고속국도,기타,기타,맑음,포장,건조,0,1,0,0
20180908,15시,서울,송파구,토,중상,차대차,추돌,추돌,안전운전 의무 불이행,남,51-60세,화물차,상해없음,남,41-50세,화물차,중상,비사업용,화물차,화물차,비사업용,화물차,화물차,고속국도,단일로,기타단일로,맑음,포장,건조,0,1,1,2
20180908,16시,경기,안성시,토,중상,차대차,측면충돌,측면충돌,안전거리 미확보,남,51-60세,승용차,부상신고,남,21-30세,승용차,경상,비사업용,승용차,승용차,비사업용,승용차,승용차,고속국도,단일로,기타단일로,맑음,포장,건조,0,1,6,1
20180908,18시,경북,김천시,토,중상,차대사람,보도통행중,보도통행중,기타,여,65세이상,승용차,상해없음,여,51-60세,보행자,중상,비사업용,승용차,승용차,보행자,보행자,보행자,고속국도,단일로,기타단일로,맑음,포장,건조,0,1,2,0
20180908,18시,충북,진천군,토,중상,차대차,추돌,추돌,안전거리 미확보,남,51-60세,승용차,상해없음,남,41-50세,승용차,중상,비사업용,승용차,승용차,비사업용,승용차,승용차,고속국도,단일로,기타단일로,맑음,포장,건조,0,1,1,0
20180908,20시,충북,청주시,토,경상,차대차,측면충돌,측면충돌,안전거리 미확보,남,31-40세,승용차,상해없음,남,31-40세,승용차,경상,사업용,렌터카,렌터카,비사업용,승용차,승용차,고속국도,단일로,기타단일로,맑음,포장,건조,0,0,1,0
20180908,21시,경기,안성시,토,중상,차대차,추돌,추돌,안전운전 의무 불이행,남,51-60세,화물차,상해없음,남,21-30세,승용차,중상,비사업용,화물차,화물차,비사업용,승용차,승용차,고속국도,단일로,기타단일로,맑음,포장,건조,0,1,1,0
20180908,21시,충북,단양군,토,경상,차대차,추돌,추돌,안전거리 미확보,남,41-50세,승용차,상해없음,남,31-40세,승용차,경상,비사업용,승용차,승용차,비사업용,승용차,승용차,고속국도,기타,기타,맑음,포장,건조,0,0,3,0
20180909,00시,광주,북구,일,경상,차대차,추돌,추돌,안전운전 의무 불이행,남,65세이상,승용차,상해없음,여,31-40세,승용차,경상,비사업용,승용차,승용차,비사업용,승용차,승용차,고속국도,단일로,기타단일로,맑음,포장,건조,0,0,3,0
20180909,08시,경기,성남시,일,중상,차대차,추돌,추돌,안전운전 의무 불이행,남,51-60세,승용차,상해없음,남,21-30세,승용차,중상,사업용,택시,개인택시,비사업용,승용차,승용차,고속국도,단일로,기타단일로,맑음,포장,건조,0,1,6,0
20180909,10시,경기,성남시,일,중상,차대차,추돌,추돌,안전운전 의무 불이행,남,51-60세,승용차,중상,남,61-64세,승용차,경상,비사업용,승용차,승용차,비사업용,승용차,승용차,고속국도,단일로,기타단일로,맑음,포장,건조,0,2,1,0
20180909,12시,경기,양주시,일,경상,차대차,측면충돌,측면충돌,안전거리 미확보,남,31-40세,승용차,기타불명,여,31-40세,승용차,경상,비사업용,승용차,승용차,비사업용,승용차,승용차,고속국도,단일로,기타단일로,맑음,포장,건조,0,0,1,0
20180909,14시,경기,평택시,일,경상,차대차,추돌,추돌,안전운전 의무 불이행,여,31-40세,승용차,상해없음,남,41-50세,승용차,경상,비사업용,승용차,승용차,비사업용,승용차,승용차,고속국도,단일로,기타단일로,맑음,포장,건조,0,0,5,0
20180909,14시,경남,함안군,일,사망,차대차,측면충돌,측면충돌,안전운전 의무 불이행,남,61-64세,화물차,사망,남,51-60세,화물차,상해없음,비사업용,화물차,화물차,사업용,화물차,화물차,고속국도,단일로,기타단일로,맑음,포장,건조,1,0,0,0
20180909,15시,경기,수원시,일,중상,차대차,기타,기타,안전거리 미확보,남,51-60세,승용차,상해없음,남,21-30세,승용차,중상,비사업용,승용차,승용차,비사업용,승용차,승용차,고속국도,단일로,기타단일로,맑음,포장,건조,0,1,1,3
20180909,15시,대구,달성군,일,중상,차대차,측면충돌,측면충돌,안전운전 의무 불이행,여,31-40세,승용차,경상,남,51-60세,승용차,중상,비사업용,승용차,승용차,비사업용,승용차,승용차,고속국도,단일로,기타단일로,맑음,포장,건조,0,1,1,0
20180909,17시,경기,군포시,일,부상신고,차대차,추돌,추돌,과속,남,31-40세,승용차,상해없음,남,51-60세,승용차,부상신고,비사업용,승용차,승용차,비사업용,승용차,승용차,고속국도,단일로,터널안,맑음,포장,건조,0,0,0,1
20180909,20시,대전,유성구,일,경상,차대차,측면충돌,측면충돌,안전운전 의무 불이행,남,31-40세,승용차,상해없음,남,21-30세,승용차,경상,비사업용,승용차,승용차,비사업용,승용차,승용차,고속국도,단일로,기타단일로,맑음,포장,건조,0,0,2,0