발생일,발생시간,발생지_시도,발생지_시군구,요일,사고내용,사고유형_대분류,사고유형_중분류,사고유형,가해자법규위반,가해자성별,가해자연령,가해당사자종별,가해자신체상해정도,피해자성별,피해자연령,피해당사자종별,피해자신체상해정도,가해차량용도_대분류,가해차량용도_중분류,가해차량용도,피해차량용도_대분류,피해차량용도_중분류,피해차량용도,도로종류,도로형태_대분류,도로형태,기상상태,노면상태_대분류,노면상태,사망자수,중상자수,경상자수,부상신고자수
20180909,21시,경기,오산시,일,경상,차대차,측면충돌,측면충돌,안전운전 의무 불이행,남,31-40세,승용차,상해없음,여,31-40세,승합차,경상,비사업용,승용차,승용차,사업용,렌터카,렌터카,고속국도,단일로,기타단일로,맑음,포장,건조,0,0,1,0
20180909,21시,경기,화성시,일,경상,차대차,측면충돌,측면충돌,안전운전 의무 불이행,남,31-40세,승용차,상해없음,여,41-50세,승용차,경상,비사업용,승용차,승용차,비사업용,승용차,승용차,고속국도,단일로,기타단일로,맑음,포장,건조,0,0,1,0
20180910,00시,강원,강릉시,월,중상,차대차,정면충돌,정면충돌,중앙선 침범,남,41-50세,승용차,상해없음,남,21-30세,승용차,중상,비사업용,승용차,승용차,비사업용,승용차,승용차,고속국도,단일로,기타단일로,비,포장,젖음/습기,0,1,3,0
20180910,06시,경기,시흥시,월,경상,차대차,추돌,추돌,안전운전 의무 불이행,남,51-60세,화물차,상해없음,남,51-60세,승용차,경상,사업용,화물차,화물차,비사업용,승용차,승용차,고속국도,단일로,기타단일로,맑음,포장,건조,0,0,1,0
20180910,07시,경기,시흥시,월,경상,차대차,측면충돌,측면충돌,안전거리 미확보,남,51-60세,화물차,상해없음,남,51-60세,승용차,경상,사업용,화물차,화물차,비사업용,승용차,승용차,고속국도,단일로,기타단일로,맑음,포장,건조,0,0,1,0
20180910,08시,경북,상주시,월,경상,차대차,기타,기타,안전운전 의무 불이행,남,31-40세,승용차,상해없음,여,41-50세,승용차,경상,사업용,택시,법인택시,비사업용,승용차,승용차,고속국도,단일로,기타단일로,맑음,포장,건조,0,0,2,0
20180910,08시,서울,성북구,월,부상신고,차대차,추돌,추돌,안전운전 의무 불이행,남,41-50세,승용차,상해없음,여,41-50세,승용차,부상신고,비사업용,승용차,승용차,비사업용,승용차,승용차,고속국도,단일로,터널안,맑음,포장,건조,0,0,0,1
20180910,09시,경기,용인시,월,경상,차대차,기타,기타,안전운전 의무 불이행,남,31-40세,승합차,상해없음,여,61-64세,승용차,경상,사업용,전세버스,전세버스,비사업용,승용차,승용차,고속국도,단일로,기타단일로,맑음,포장,건조,0,0,1,0
20180910,10시,대전,유성구,월,중상,차대차,추돌,추돌,안전운전 의무 불이행,남,65세이상,승용차,상해없음,남,31-40세,승합차,중상,비사업용,승용차,승용차,비사업용,버스,버스,고속국도,기타,기타,맑음,포장,건조,0,1,0,0
20180910,11시,경기,시흥시,월,부상신고,차대차,기타,기타,기타,기타불명,불명,불명,기타불명,여,51-60세,승용차,부상신고,불명,불명,불명,비사업용,승용차,승용차,고속국도,단일로,기타단일로,맑음,포장,건조,0,0,0,1
20180910,12시,경기,용인시,월,경상,차대차,측면충돌,측면충돌,안전운전 의무 불이행,남,31-40세,화물차,기타불명,여,51-60세,승용차,경상,사업용,화물차,화물차,비사업용,승용차,승용차,고속국도,단일로,기타단일로,맑음,포장,건조,0,0,1,0
20180910,14시,경기,평택시,월,경상,차대차,추돌,추돌,안전운전 의무 불이행,남,21-30세,승합차,상해없음,남,41-50세,승용차,경상,사업용,렌터카,렌터카,비사업용,승용차,승용차,고속국도,단일로,기타단일로,맑음,포장,건조,0,0,1,1
20180910,15시,인천,부평구,월,부상신고,차대차,추돌,추돌,안전운전 의무 불이행,남,21-30세,화물차,상해없음,여,21-30세,승용차,부상신고,비사업용,화물차,화물차,비사업용,승용차,승용차,고속국도,단일로,기타단일로,맑음,포장,건조,0,0,0,2
20180910,16시,전북,임실군,월,경상,차대차,추돌,추돌,안전거리 미확보,남,41-50세,화물차,상해없음,남,31-40세,승용차,경상,사업용,화물차,화물차,비사업용,승용차,승용차,고속국도,단일로,기타단일로,맑음,포장,건조,0,0,1,0
20180910,18시,경기,수원시,월,경상,차대차,기타,기타,안전운전 의무 불이행,남,31-40세,승용차,경상,남,51-60세,승합차,상해없음,비사업용,승용차,승용차,사업용,노선버스,시외버스,고속국도,단일로,기타단일로,맑음,포장,건조,0,0,1,0
20180910,18시,대전,동구,월,경상,차대차,측면충돌,측면충돌,안전운전 의무 불이행,여,41-50세,승용차,상해없음,남,41-50세,승용차,상해없음,비사업용,승용차,승용차,비사업용,승용차,승용차,고속국도,단일로,기타단일로,맑음,포장,건조,0,0,1,0
20180911,08시,경남,김해시,화,중상,차대차,측면충돌,측면충돌,안전운전 의무 불이행,남,20세이하,승용차,상해없음,남,41-50세,화물차,상해없음,사업용,렌터카,렌터카,사업용,화물차,화물차,고속국도,단일로,기타단일로,맑음,포장,건조,0,1,0,0
20180911,09시,경기,수원시,화,경상,차대차,측면충돌,측면충돌,안전거리 미확보,남,31-40세,화물차,상해없음,여,51-60세,승용차,경상,사업용,화물차,화물차,비사업용,승용차,승용차,고속국도,단일로,기타단일로,맑음,포장,건조,0,0,1,0
20180911,10시,경기,의왕시,화,경상,차대차,추돌,추돌,안전운전 의무 불이행,남,65세이상,승합차,상해없음,여,31-40세,승용차,경상,사업용,렌터카,렌터카,비사업용,승용차,승용차,고속국도,단일로,기타단일로,맑음,포장,건조,0,0,2,4
20180911,13시,강원,홍천군,화,경상,차대차,추돌,추돌,안전운전 의무 불이행,남,31-40세,화물차,상해없음,남,51-60세,화물차,경상,비사업용,화물차,화물차,비사업용,화물차,화물차,고속국도,단일로,터널안,맑음,포장,건조,0,0,4,0
20180911,13시,대구,수성구,화,경상,차대차,기타,기타,안전운전 의무 불이행,남,65세이상,화물차,상해없음,남,31-40세,화물차,경상,사업용,화물차,화물차,사업용,화물차,화물차,고속국도,단일로,기타단일로,맑음,포장,건조,0,0,1,0
20180911,14시,경북,문경시,화,사망,차대차,추돌,추돌,안전거리 미확보,남,21-30세,화물차,사망,남,51-60세,특수차,중상,사업용,화물차,화물차,사업용,화물차,화물차,고속국도,단일로,기타단일로,흐림,포장,건조,1,1,0,0
20180911,19시,울산,울주군,화,중상,차대차,추돌,추돌,안전거리 미확보,남,61-64세,화물차,상해없음,남,65세이상,승용차,경상,사업용,화물차,화물차,비사업용,승용차,승용차,고속국도,단일로,기타단일로,맑음,포장,건조,0,2,3,0
20180912,00시,경북,경주시,수,중상,차대차,측면충돌,측면충돌,안전거리 미확보,기타불명,불명,불명,기타불명,남,31-40세,화물차,중상,불명,불명,불명,사업용,화물차,화물차,고속국도,단일로,기타단일로,맑음,포장,건조,0,1,0,0
20180912,11시,경기,용인시,수,경상,차대차,추돌,추돌,안전운전 의무 불이행,남,21-30세,승용차,상해없음,여,51-60세,승용차,경상,비사업용,승용차,승용차,비사업용,승용차,승용차,고속국도,단일로,기타단일로,맑음,포장,건조,0,0,1,0
20180912,14시,경기,안성시,수,중상,차대차,기타,기타,안전운전 의무 불이행,남,41-50세,화물차,부상신고,기타불명,불명,불명,기타불명,비사업용,화물차,화물차,비사업용,화물차,화물차,고속국도,단일로,기타단일로,맑음,포장,건조,0,1,0,2
20180912,14시,충남,서산시,수,중상,차대차,추돌,추돌,안전운전 의무 불이행,남,61-64세,화물차,중상,남,51-60세,화물차,상해없음,비사업용,화물차,화물차,사업용,화물차,화물차,고속국도,단일로,기타단일로,맑음,포장,건조,0,3,0,0
20180912,15시,경기,포천시,수,경상,차대차,기타,기타,안전운전 의무 불이행,남,21-30세,승용차,상해없음,여,31-40세,승용차,부상신고,비사업용,승용차,승용차,비사업용,승용차,승용차,고속국도,단일로,기타단일로,맑음,포장,건조,0,0,2,3
20180912,18시,경기,하남시,수,경상,차대차,추돌,추돌,안전운전 의무 불이행,남,41-50세,승용차,경상,남,41-50세,특수차,상해없음,비사업용,승용차,승용차,사업용,화물차,화물차,고속국도,단일로,기타단일로,맑음,포장,건조,0,0,1,0
20180912,18시,인천,남동구,수,경상,차대차,측면충돌,측면충돌,안전거리 미확보,남,31-40세,승용차,상해없음,여,51-60세,승용차,경상,비사업용,승용차,승용차,비사업용,승용차,승용차,고속국도,단일로,교량위,맑음,포장,건조,0,0,1,0
20180912,19시,경기,용인시,수,중상,차대차,기타,기타,안전운전 의무 불이행,남,21-30세,승용차,상해없음,여,61-64세,승용차,중상,비사업용,승용차,승용차,비사업용,승용차,승용차,고속국도,단일로,기타단일로,맑음,포장,건조,0,1,5,1
20180912,19시,경기,의정부시,수,부상신고,차대차,기타,기타,안전운전 의무 불이행,남,21-30세,승용차,상해없음,남,61-64세,화물차,부상신고,비사업용,승용차,승용차,비사업용,화물차,화물차,고속국도,단일로,기타단일로,맑음,포장,건조,0,0,0,1
20180912,22시,경기,안산시,수,사망,차대차,추돌,추돌,안전운전 의무 불이행,남,51-60세,승용차,사망,남,41-50세,화물차,상해없음,비사업용,승용차,승용차,비사업용,화물차,화물차,고속국도,단일로,기타단일로,맑음,포장,건조,1,0,0,0
20180913,00시,대전,동구,목,사망,차대사람,기타,기타,안전운전 의무 불이행,남,51-60세,화물차,중상,남,41-50세,보행자,사망,사업용,화물차,화물차,보행자,보행자,보행자,고속국도,기타,기타,맑음,포장,건조,1,1,0,0
20180913,07시,경기,군포시,목,경상,차대차,기타,기타,안전운전 의무 불이행,남,41-50세,화물차,상해없음,여,21-30세,승용차,경상,비사업용,화물차,화물차,비사업용,승용차,승용차,고속국도,단일로,기타단일로,맑음,포장,건조,0,0,1,0
20180913,08시,대전,유성구,목,중상,차대차,기타,기타,안전거리 미확보,남,61-64세,승용차,상해없음,남,21-30세,승용차,중상,비사업용,승용차,승용차,비사업용,승용차,승용차,고속국도,기타,기타,맑음,포장,건조,0,1,0,0
20180913,09시,충북,청주시,목,중상,차대사람,횡단중,횡단중,안전운전 의무 불이행,남,41-50세,화물차,상해없음,남,51-60세,보행자,중상,사업용,화물차,화물차,보행자,보행자,보행자,고속국도,단일로,기타단일로,맑음,포장,건조,0,1,0,0
20180913,14시,경기,성남시,목,경상,차대차,기타,기타,안전운전 의무 불이행,남,65세이상,승용차,상해없음,여,51-60세,승용차,상해없음,비사업용,승용차,승용차,비사업용,승용차,승용차,고속국도,단일로,기타단일로,맑음,포장,건조,0,0,2,0
20180913,14시,경기,평택시,목,경상,차대차,추돌,추돌,안전운전 의무 불이행,남,41-50세,승용차,상해없음,남,41-50세,화물차,경상,비사업용,승용차,승용차,비사업용,화물차,화물차,고속국도,단일로,기타단일로,맑음,포장,건조,0,0,1,0
20180913,14시,충북,단양군,목,중상,차대차,기타,기타,안전운전 의무 불이행,남,41-50세,승용차,중상,남,51-60세,승합차,경상,비사업용,승용차,승용차,사업용,노선버스,고속버스,고속국도,단일로,터널안,맑음,포장,건조,0,1,1,0
20180913,15시,경남,김해시,목,중상,차대차,측면충돌,측면충돌,안전거리 미확보,남,65세이상,화물차,상해없음,남,51-60세,승용차,중상,비사업용,화물차,화물차,사업용,렌터카,렌터카,고속국도,단일로,기타단일로,맑음,포장,건조,0,1,0,0
20180913,17시,경기,수원시,목,경상,차대차,추돌,추돌,안전운전 의무 불이행,남,31-40세,승합차,상해없음,남,51-60세,승용차,상해없음,비사업용,버스,버스,비사업용,승용차,승용차,고속국도,단일로,기타단일로,맑음,포장,건조,0,0,1,0
20180913,19시,경기,용인시,목,경상,차대차,측면충돌,측면충돌,안전운전 의무 불이행,남,41-50세,화물차,상해없음,여,21-30세,승용차,경상,사업용,화물차,화물차,비사업용,승용차,승용차,고속국도,단일로,기타단일로,맑음,포장,건조,0,0,1,0
20180913,23시,경북,상주시,목,사망,차대차,기타,기타,안전운전 의무 불이행,남,31-40세,화물차,사망,남,51-60세,화물차,경상,사업용,화물차,화물차,사업용,화물차,화물차,고속국도,단일로,기타단일로,맑음,포장,건조,1,1,1,0
20180914,03시,충북,보은군,금,사망,차대차,추돌,추돌,안전운전 의무 불이행,여,41-50세,승용차,사망,남,41-50세,화물차,경상,비사업용,승용차,승용차,사업용,화물차,화물차,고속국도,단일로,기타단일로,맑음,포장,건조,1,0,1,0
20180914,05시,전북,고창군,금,사망,차량단독,공작물충돌,공작물충돌,안전운전 의무 불이행,남,65세이상,화물차,사망,없음,불명,없음,없음,비사업용,화물차,화물차,없음,없음,없음,고속국도,단일로,기타단일로,흐림,포장,건조,1,0,0,0
20180914,06시,경남,김해시,금,중상,차량단독,기타,기타,안전운전 의무 불이행,남,51-60세,승용차,상해없음,없음,불명,없음,없음,사업용,택시,법인택시,없음,없음,없음,고속국도,단일로,기타단일로,비,포장,젖음/습기,0,1,0,0
20180914,14시,경기,용인시,금,경상,차대차,기타,기타,안전운전 의무 불이행,여,41-50세,승용차,상해없음,남,31-40세,화물차,경상,비사업용,승용차,승용차,비사업용,화물차,화물차,고속국도,단일로,기타단일로,맑음,포장,건조,0,0,1,0
20180914,15시,경기,광주시,금,중상,차대차,추돌,추돌,안전거리 미확보,남,41-50세,화물차,상해없음,남,21-30세,승용차,중상,비사업용,화물차,화물차,비사업용,승용차,승용차,고속국도,단일로,기타단일로,맑음,포장,건조,0,2,0,0
20180914,17시,경기,성남시,금,경상,차대차,기타,기타,안전거리 미확보,남,31-40세,화물차,상해없음,남,41-50세,승합차,경상,비사업용,화물차,화물차,사업용,노선버스,고속버스,고속국도,단일로,기타단일로,맑음,포장,건조,0,0,2,0
20180914,17시,경기,화성시,금,경상,차대사람,기타,기타,안전운전 의무 불이행,남,41-50세,승용차,상해없음,남,41-50세,보행자,경상,비사업용,승용차,승용차,보행자,보행자,보행자,고속국도,기타,기타,맑음,포장,건조,0,0,1,0
20180914,17시,전남,광양시,금,경상,차대차,기타,기타,안전거리 미확보,남,31-40세,화물차,상해없음,여,41-50세,승용차,경상,비사업용,화물차,화물차,비사업용,승용차,승용차,고속국도,단일로,기타단일로,맑음,포장,건조,0,0,1,0
20180914,18시,강원,강릉시,금,경상,차대차,기타,기타,안전거리 미확보,남,31-40세,승용차,상해없음,여,41-50세,승용차,경상,사업용,렌터카,렌터카,비사업용,승용차,승용차,고속국도,단일로,기타단일로,비,포장,젖음/습기,0,0,1,0
20180914,19시,경기,용인시,금,경상,차대차,추돌,추돌,안전운전 의무 불이행,남,51-60세,승용차,기타불명,남,21-30세,승용차,경상,비사업용,승용차,승용차,비사업용,승용차,승용차,고속국도,단일로,기타단일로,비,포장,젖음/습기,0,0,1,0
20180914,20시,경기,성남시,금,경상,차대차,추돌,추돌,안전운전 의무 불이행,여,51-60세,승용차,상해없음,남,41-50세,승용차,경상,비사업용,승용차,승용차,비사업용,승용차,승용차,고속국도,단일로,기타단일로,비,포장,젖음/습기,0,0,1,0
20180914,21시,경기,안성시,금,중상,차대차,측면충돌,측면충돌,안전거리 미확보,여,51-60세,승용차,상해없음,남,41-50세,승용차,중상,비사업용,승용차,승용차,비사업용,승용차,승용차,고속국도,단일로,기타단일로,맑음,포장,건조,0,1,0,0
20180915,03시,대구,서구,토,경상,차대차,측면충돌,측면충돌,중앙선 침범,남,65세이상,승용차,상해없음,남,51-60세,화물차,상해없음,비사업용,승용차,승용차,사업용,화물차,화물차,고속국도,단일로,기타단일로,비,포장,젖음/습기,0,0,1,0
20180915,08시,강원,춘천시,토,경상,차대차,추돌,추돌,안전거리 미확보,남,41-50세,승용차,상해없음,남,51-60세,승용차,경상,비사업용,승용차,승용차,비사업용,승용차,승용차,고속국도,단일로,기타단일로,맑음,포장,건조,0,0,1,0
20180915,08시,경기,용인시,토,경상,차대차,추돌,추돌,안전운전 의무 불이행,남,31-40세,승용차,상해없음,남,41-50세,승용차,경상,사업용,렌터카,렌터카,비사업용,승용차,승용차,고속국도,단일로,기타단일로,비,포장,젖음/습기,0,0,4,1
20180915,09시,경기,여주시,토,중상,차대차,추돌,추돌,안전운전 의무 불이행,남,21-30세,승용차,상해없음,여,51-60세,승용차,중상,비사업용,승용차,승용차,비사업용,승용차,승용차,고속국도,단일로,기타단일로,비,포장,젖음/습기,0,1,4,0
20180915,09시,경기,평택시,토,경상,차대차,측면충돌,측면충돌,안전거리 미확보,여,31-40세,승용차,상해없음,남,21-30세,승용차,경상,비사업용,승용차,승용차,비사업용,승용차,승용차,고속국도,단일로,기타단일로,맑음,포장,건조,0,0,1,0
20180915,09시,경북,경산시,토,경상,차대차,기타,기타,안전운전 의무 불이행,기타불명,불명,불명,기타불명,남,41-50세,승용차,경상,불명,불명,불명,비사업용,승용차,승용차,고속국도,단일로,기타단일로,맑음,포장,건조,0,0,1,0
20180915,11시,경기,안산시,토,경상,차대차,기타,기타,기타,남,41-50세,화물차,상해없음,여,21-30세,승용차,경상,사업용,화물차,화물차,비사업용,승용차,승용차,고속국도,단일로,기타단일로,맑음,포장,건조,0,0,1,0
20180915,12시,경기,용인시,토,경상,차대차,측면충돌,측면충돌,안전운전 의무 불이행,남,61-64세,화물차,상해없음,여,31-40세,승용차,경상,사업용,화물차,화물차,비사업용,승용차,승용차,고속국도,단일로,기타단일로,맑음,포장,건조,0,0,2,0
20180915,13시,경기,화성시,토,경상,차대차,추돌,추돌,안전거리 미확보,남,31-40세,승합차,상해없음,남,51-60세,승용차,경상,비사업용,기타/건설기계,기타/건설기계,사업용,렌터카,렌터카,고속국도,단일로,교량위,맑음,포장,건조,0,0,10,0
20180915,15시,경남,밀양시,토,경상,차대차,추돌,추돌,안전운전 의무 불이행,남,31-40세,승용차,경상,남,51-60세,승용차,경상,비사업용,승용차,승용차,비사업용,승용차,승용차,고속국도,단일로,기타단일로,맑음,포장,건조,0,0,4,0
20180915,17시,경기,평택시,토,부상신고,차대차,측면충돌,측면충돌,안전운전 의무 불이행,남,21-30세,승용차,상해없음,남,61-64세,승합차,부상신고,비사업용,승용차,승용차,사업용,전세버스,전세버스,고속국도,단일로,기타단일로,흐림,포장,건조,0,0,0,1
20180915,19시,충북,청주시,토,중상,차대차,추돌,추돌,안전운전 의무 불이행,여,21-30세,승용차,상해없음,남,31-40세,승용차,경상,비사업용,승용차,승용차,비사업용,승용차,승용차,고속국도,단일로,기타단일로,흐림,포장,건조,0,2,1,0
20180915,23시,경기,의왕시,토,경상,차대차,기타,기타,안전운전 의무 불이행,남,51-60세,승용차,상해없음,남,21-30세,승용차,경상,사업용,택시,법인택시,비사업용,승용차,승용차,고속국도,단일로,기타단일로,맑음,포장,건조,0,0,1,0
20180915,23시,경기,평택시,토,경상,차량단독,기타,기타,안전거리 미확보,남,51-60세,승용차,상해없음,없음,불명,없음,없음,비사업용,승용차,승용차,없음,없음,없음,고속국도,단일로,기타단일로,맑음,포장,건조,0,0,1,0
20180916,01시,전북,완주군,일,경상,차대차,추돌,추돌,안전운전 의무 불이행,남,21-30세,승용차,상해없음,여,31-40세,승용차,경상,비사업용,승용차,승용차,비사업용,승용차,승용차,고속국도,단일로,기타단일로,맑음,포장,건조,0,0,1,0
20180916,05시,충북,괴산군,일,중상,차대차,추돌,추돌,안전운전 의무 불이행,남,51-60세,화물차,상해없음,남,51-60세,화물차,중상,비사업용,화물차,화물차,사업용,화물차,화물차,고속국도,단일로,기타단일로,맑음,포장,건조,0,1,0,0
20180916,07시,경기,시흥시,일,경상,차대차,기타,기타,안전운전 의무 불이행,남,21-30세,승용차,상해없음,여,21-30세,승용차,경상,비사업용,승용차,승용차,비사업용,승용차,승용차,고속국도,단일로,기타단일로,맑음,포장,건조,0,0,1,0
20180916,09시,경기,화성시,일,경상,차대차,기타,기타,안전운전 의무 불이행,남,51-60세,승용차,상해없음,남,21-30세,승용차,경상,비사업용,승용차,승용차,비사업용,승용차,승용차,고속국도,단일로,기타단일로,맑음,포장,건조,0,0,1,0
20180916,12시,경기,구리시,일,경상,차대차,추돌,추돌,안전운전 의무 불이행,남,51-60세,승용차,상해없음,여,31-40세,승용차,경상,비사업용,승용차,승용차,사업용,렌터카,렌터카,고속국도,단일로,기타단일로,맑음,포장,건조,0,0,1,0
20180916,13시,경기,고양시,일,경상,차대차,추돌,추돌,안전거리 미확보,남,21-30세,승용차,상해없음,남,41-50세,승용차,경상,사업용,렌터카,렌터카,비사업용,승용차,승용차,고속국도,단일로,교량위,맑음,포장,건조,0,0,3,2
20180916,14시,경기,화성시,일,중상,차대차,기타,기타,기타,여,41-50세,승용차,상해없음,남,41-50세,승합차,중상,비사업용,승용차,승용차,비사업용,기타/건설기계,기타/건설기계,고속국도,단일로,기타단일로,맑음,포장,건조,0,1,0,0
20180916,15시,강원,인제군,일,경상,차대차,추돌,추돌,안전운전 의무 불이행,남,21-30세,승용차,경상,남,41-50세,승용차,경상,비사업용,승용차,승용차,비사업용,승용차,승용차,고속국도,단일로,기타단일로,맑음,포장,건조,0,0,3,0
20180916,15시,경기,고양시,일,경상,차대차,기타,기타,안전운전 의무 불이행,남,65세이상,화물차,상해없음,남,31-40세,화물차,경상,비사업용,화물차,화물차,비사업용,화물차,화물차,고속국도,단일로,기타단일로,맑음,포장,건조,0,0,3,0
20180916,15시,경기,용인시,일,경상,차대차,기타,기타,안전운전 의무 불이행,여,21-30세,승용차,상해없음,남,51-60세,승용차,경상,비사업용,승용차,승용차,비사업용,승용차,승용차,고속국도,단일로,기타단일로,맑음,포장,건조,0,0,1,0
20180916,15시,전북,고창군,일,경상,차대차,기타,기타,안전거리 미확보,여,31-40세,승용차,상해없음,여,41-50세,승용차,경상,비사업용,승용차,승용차,비사업용,승용차,승용차,고속국도,단일로,기타단일로,흐림,포장,기타,0,0,3,0
20180916,16시,충남,당진시,일,경상,차대차,기타,기타,안전거리 미확보,남,31-40세,승용차,상해없음,남,31-40세,승용차,상해없음,비사업용,승용차,승용차,비사업용,승용차,승용차,고속국도,단일로,기타단일로,흐림,포장,기타,0,0,1,0
20180916,17시,경기,광명시,일,경상,차대차,추돌,추돌,안전운전 의무 불이행,남,41-50세,화물차,상해없음,남,31-40세,승용차,경상,사업용,화물차,화물차,비사업용,승용차,승용차,고속국도,단일로,기타단일로,맑음,포장,건조,0,0,1,0
20180916,20시,인천,남동구,일,경상,차대차,측면충돌,측면충돌,안전거리 미확보,여,21-30세,승용차,경상,남,31-40세,승용차,경상,비사업용,승용차,승용차,비사업용,승용차,승용차,고속국도,단일로,기타단일로,맑음,포장,건조,0,0,2,0
20180917,03시,강원,평창군,월,경상,차량단독,공작물충돌,공작물충돌,안전운전 의무 불이행,남,41-50세,승용차,상해없음,없음,불명,없음,없음,비사업용,승용차,승용차,없음,없음,없음,고속국도,단일로,기타단일로,비,포장,젖음/습기,0,0,3,0
20180917,05시,경기,안산시,월,중상,차대차,측면충돌,측면충돌,안전운전 의무 불이행,남,41-50세,승용차,상해없음,남,61-64세,승용차,중상,비사업용,승용차,승용차,비사업용,승용차,승용차,고속국도,단일로,기타단일로,맑음,포장,건조,0,1,0,1
20180917,09시,경기,성남시,월,경상,차대차,측면충돌,측면충돌,안전운전 의무 불이행,여,31-40세,승용차,상해없음,남,31-40세,화물차,경상,비사업용,승용차,승용차,비사업용,화물차,화물차,고속국도,단일로,기타단일로,맑음,포장,건조,0,0,1,0
20180917,10시,충북,청주시,월,중상,차대차,추돌,추돌,안전거리 미확보,여,31-40세,승용차,상해없음,남,51-60세,승용차,경상,비사업용,승용차,승용차,비사업용,승용차,승용차,고속국도,단일로,기타단일로,맑음,포장,건조,0,2,7,0
20180917,14시,경기,양평군,월,경상,차대차,추돌,추돌,안전거리 미확보,남,41-50세,화물차,상해없음,남,31-40세,승용차,경상,비사업용,화물차,화물차,비사업용,승용차,승용차,고속국도,단일로,기타단일로,맑음,포장,건조,0,0,5,0
20180917,14시,경기,화성시,월,중상,차대차,추돌,추돌,안전거리 미확보,여,51-60세,승용차,상해없음,남,21-30세,승용차,중상,비사업용,승용차,승용차,사업용,렌터카,렌터카,고속국도,단일로,기타단일로,맑음,포장,건조,0,1,3,0
20180917,14시,광주,북구,월,경상,차대차,추돌,추돌,안전운전 의무 불이행,남,51-60세,승용차,상해없음,남,31-40세,승용차,경상,비사업용,승용차,승용차,비사업용,승용차,승용차,고속국도,단일로,기타단일로,맑음,포장,건조,0,0,1,0
20180917,16시,경기,시흥시,월,경상,차대차,추돌,추돌,안전운전 의무 불이행,남,21-30세,승용차,상해없음,여,21-30세,승용차,경상,비사업용,승용차,승용차,비사업용,승용차,승용차,고속국도,단일로,기타단일로,맑음,포장,건조,0,0,3,0
20180917,17시,충남,천안시,월,중상,차대차,측면충돌,측면충돌,안전운전 의무 불이행,남,31-40세,승용차,기타불명,남,61-64세,화물차,중상,비사업용,승용차,승용차,사업용,화물차,화물차,고속국도,기타,기타,맑음,포장,건조,0,1,1,0
20180917,20시,충남,금산군,월,경상,차대차,측면충돌,측면충돌,안전운전 의무 불이행,남,61-64세,화물차,상해없음,남,51-60세,승합차,상해없음,비사업용,화물차,화물차,사업용,노선버스,시외버스,고속국도,기타,기타,맑음,포장,건조,0,0,1,0
20180918,03시,서울,강동구,화,경상,차대차,측면충돌,측면충돌,안전운전 의무 불이행,남,41-50세,화물차,경상,남,65세이상,승합차,상해없음,사업용,화물차,화물차,사업용,전세버스,전세버스,고속국도,단일로,기타단일로,맑음,포장,건조,0,0,1,0
20180918,04시,경기,성남시,화,경상,차대차,기타,기타,안전운전 의무 불이행,남,21-30세,승용차,상해없음,남,51-60세,화물차,경상,비사업용,승용차,승용차,사업용,화물차,화물차,고속국도,단일로,기타단일로,맑음,포장,건조,0,0,1,0
20180918,04시,경기,평택시,화,경상,차대차,기타,기타,안전거리 미확보,남,41-50세,승용차,상해없음,남,21-30세,승용차,경상,비사업용,승용차,승용차,사업용,렌터카,렌터카,고속국도,단일로,기타단일로,맑음,포장,건조,0,0,2,0
20180918,05시,경기,시흥시,화,경상,차대차,측면충돌,측면충돌,안전운전 의무 불이행,남,61-64세,승용차,상해없음,여,41-50세,승용차,경상,비사업용,승용차,승용차,비사업용,승용차,승용차,고속국도,단일로,교량위,맑음,포장,건조,0,0,1,0
20180918,08시,경기,성남시,화,경상,차대차,기타,기타,안전운전 의무 불이행,남,41-50세,승합차,상해없음,여,51-60세,승용차,경상,사업용,노선버스,고속버스,비사업용,승용차,승용차,고속국도,단일로,기타단일로,맑음,포장,건조,0,0,1,0
20180918,09시,대구,동구,화,경상,차대차,추돌,추돌,안전운전 의무 불이행,남,31-40세,승용차,상해없음,남,31-40세,승용차,경상,비사업용,승용차,승용차,비사업용,승용차,승용차,고속국도,단일로,기타단일로,맑음,포장,건조,0,0,1,0
20180918,11시,충북,청주시,화,경상,차대차,기타,기타,안전운전 의무 불이행,기타불명,65세이상,불명,기타불명,남,31-40세,승용차,경상,불명,불명,불명,비사업용,승용차,승용차,고속국도,단일로,기타단일로,맑음,포장,건조,0,0,4,0
20180918,13시,서울,강동구,화,경상,차대차,측면충돌,측면충돌,안전운전 의무 불이행,남,51-60세,화물차,상해없음,남,21-30세,승용차,경상,사업용,화물차,화물차,비사업용,승용차,승용차,고속국도,단일로,기타단일로,맑음,포장,건조,0,0,1,0
20180918,13시,충북,괴산군,화,경상,차대차,기타,기타,안전운전 의무 불이행,남,51-60세,화물차,상해없음,남,51-60세,승용차,경상,사업용,화물차,화물차,비사업용,승용차,승용차,고속국도,단일로,기타단일로,맑음,포장,건조,0,0,1,0
20180918,23시,충남,당진시,화,중상,차대차,기타,기타,안전운전 의무 불이행,남,51-60세,승용차,상해없음,남,51-60세,화물차,중상,비사업용,승용차,승용차,사업용,화물차,화물차,고속국도,단일로,기타단일로,기타/불명,포장,건조,0,1,0,0
20180919,00시,경기,평택시,수,부상신고,차대차,추돌,추돌,안전운전 의무 불이행,남,51-60세,화물차,상해없음,남,51-60세,화물차,기타불명,사업용,화물차,화물차,비사업용,화물차,화물차,고속국도,단일로,기타단일로,맑음,포장,건조,0,0,0,1