발생일,발생시간,발생지_시도,발생지_시군구,요일,사고내용,사고유형_대분류,사고유형_중분류,사고유형,가해자법규위반,가해자성별,가해자연령,가해당사자종별,가해자신체상해정도,피해자성별,피해자연령,피해당사자종별,피해자신체상해정도,가해차량용도_대분류,가해차량용도_중분류,가해차량용도,피해차량용도_대분류,피해차량용도_중분류,피해차량용도,도로종류,도로형태_대분류,도로형태,기상상태,노면상태_대분류,노면상태,사망자수,중상자수,경상자수,부상신고자수
20181013,12시,충남,공주시,토,경상,차대차,기타,기타,안전운전 의무 불이행,남,51-60세,승용차,상해없음,남,31-40세,승용차,경상,사업용,렌터카,렌터카,비사업용,승용차,승용차,고속국도,단일로,기타단일로,맑음,포장,건조,0,0,1,0
20181013,16시,강원,춘천시,토,경상,차대차,추돌,추돌,안전거리 미확보,남,21-30세,승용차,상해없음,남,51-60세,승용차,상해없음,비사업용,승용차,승용차,비사업용,승용차,승용차,고속국도,단일로,기타단일로,맑음,포장,건조,0,0,2,0
20181013,16시,경기,성남시,토,중상,차대차,추돌,추돌,안전운전 의무 불이행,여,41-50세,승용차,상해없음,남,21-30세,승용차,중상,비사업용,승용차,승용차,비사업용,승용차,승용차,고속국도,단일로,기타단일로,맑음,포장,건조,0,2,0,0
20181013,16시,대구,북구,토,경상,차대차,추돌,추돌,안전운전 의무 불이행,남,31-40세,승용차,상해없음,남,41-50세,승용차,경상,비사업용,승용차,승용차,비사업용,승용차,승용차,고속국도,단일로,터널안,맑음,포장,건조,0,0,1,0
20181013,17시,경기,가평군,토,중상,차대차,기타,기타,안전거리 미확보,남,61-64세,화물차,상해없음,여,51-60세,승용차,중상,비사업용,화물차,화물차,비사업용,승용차,승용차,고속국도,단일로,기타단일로,맑음,포장,건조,0,3,0,0
20181013,18시,경기,남양주시,토,경상,차대차,기타,기타,안전거리 미확보,남,41-50세,화물차,상해없음,남,31-40세,승용차,경상,사업용,화물차,화물차,비사업용,승용차,승용차,고속국도,단일로,기타단일로,맑음,포장,건조,0,0,2,0
20181013,18시,인천,남동구,토,중상,차대차,추돌,추돌,안전운전 의무 불이행,남,65세이상,화물차,상해없음,남,31-40세,승용차,중상,사업용,화물차,화물차,비사업용,승용차,승용차,고속국도,단일로,기타단일로,맑음,포장,건조,0,2,0,0
20181013,20시,경기,가평군,토,경상,차대차,기타,기타,안전운전 의무 불이행,기타불명,불명,불명,기타불명,남,31-40세,승용차,경상,불명,불명,불명,비사업용,승용차,승용차,고속국도,단일로,기타단일로,맑음,포장,건조,0,0,1,0
20181013,21시,경기,구리시,토,중상,차대차,추돌,추돌,안전운전 의무 불이행,남,51-60세,승합차,상해없음,여,51-60세,승용차,경상,비사업용,기타/건설기계,기타/건설기계,비사업용,승용차,승용차,고속국도,단일로,기타단일로,맑음,포장,건조,0,1,1,1
20181014,06시,충북,청주시,일,경상,차대차,추돌,추돌,안전운전 의무 불이행,여,21-30세,승용차,상해없음,남,51-60세,승용차,경상,비사업용,승용차,승용차,비사업용,승용차,승용차,고속국도,단일로,기타단일로,맑음,포장,건조,0,0,1,0
20181014,08시,충남,천안시,일,경상,차대차,측면충돌,측면충돌,기타,남,61-64세,승용차,상해없음,여,51-60세,승용차,경상,비사업용,승용차,승용차,사업용,렌터카,렌터카,고속국도,단일로,기타단일로,맑음,포장,건조,0,0,1,0
20181014,11시,경기,양평군,일,경상,차대차,추돌,추돌,안전운전 의무 불이행,남,31-40세,승용차,상해없음,남,41-50세,승용차,경상,비사업용,승용차,승용차,비사업용,승용차,승용차,고속국도,단일로,기타단일로,맑음,포장,건조,0,0,3,0
20181014,11시,충남,천안시,일,경상,차대차,추돌,추돌,안전거리 미확보,남,31-40세,승용차,상해없음,남,51-60세,승용차,경상,비사업용,승용차,승용차,비사업용,승용차,승용차,고속국도,단일로,터널안,맑음,포장,건조,0,0,5,0
20181014,13시,경기,부천시,일,경상,차대차,추돌,추돌,안전운전 의무 불이행,남,51-60세,화물차,상해없음,남,31-40세,화물차,경상,비사업용,화물차,화물차,비사업용,화물차,화물차,고속국도,단일로,기타단일로,맑음,포장,건조,0,0,3,0
20181014,14시,충남,공주시,일,경상,차대차,추돌,추돌,안전거리 미확보,남,31-40세,승용차,상해없음,남,51-60세,승용차,경상,비사업용,승용차,승용차,비사업용,승용차,승용차,고속국도,기타,기타,맑음,포장,건조,0,0,4,0
20181014,16시,충남,공주시,일,경상,차대차,추돌,추돌,안전거리 미확보,남,65세이상,승합차,상해없음,남,31-40세,화물차,경상,비사업용,기타/건설기계,기타/건설기계,비사업용,화물차,화물차,고속국도,기타,기타,맑음,포장,건조,0,0,1,0
20181014,17시,경기,여주시,일,경상,차대차,추돌,추돌,안전운전 의무 불이행,남,51-60세,화물차,상해없음,남,41-50세,승용차,경상,비사업용,화물차,화물차,비사업용,승용차,승용차,고속국도,단일로,기타단일로,맑음,포장,건조,0,0,1,2
20181014,18시,경남,양산시,일,경상,차대차,측면충돌,측면충돌,안전운전 의무 불이행,남,31-40세,승용차,상해없음,여,51-60세,승용차,경상,비사업용,승용차,승용차,비사업용,승용차,승용차,고속국도,단일로,기타단일로,맑음,포장,건조,0,0,2,0
20181014,18시,경남,함안군,일,중상,차대차,측면충돌,측면충돌,안전운전 의무 불이행,남,51-60세,승합차,상해없음,남,41-50세,승용차,중상,사업용,전세버스,전세버스,비사업용,승용차,승용차,고속국도,단일로,기타단일로,맑음,포장,건조,0,2,0,0
20181014,18시,충남,천안시,일,경상,차대차,추돌,추돌,안전거리 미확보,여,41-50세,승용차,상해없음,남,31-40세,승용차,경상,사업용,렌터카,렌터카,비사업용,승용차,승용차,고속국도,기타,기타,맑음,포장,건조,0,0,1,0
20181014,18시,충북,청주시,일,경상,차대차,측면충돌,측면충돌,안전거리 미확보,남,51-60세,특수차,상해없음,여,41-50세,승용차,경상,사업용,화물차,화물차,비사업용,승용차,승용차,고속국도,단일로,기타단일로,맑음,포장,건조,0,0,1,0
20181014,19시,경기,성남시,일,중상,차대차,추돌,추돌,안전거리 미확보,남,41-50세,승용차,상해없음,남,61-64세,승용차,중상,비사업용,승용차,승용차,사업용,택시,개인택시,고속국도,단일로,기타단일로,맑음,포장,건조,0,3,0,0
20181015,03시,전북,정읍시,월,경상,차대차,추돌,추돌,안전운전 의무 불이행,남,31-40세,승용차,상해없음,남,41-50세,승용차,경상,비사업용,승용차,승용차,비사업용,승용차,승용차,고속국도,단일로,기타단일로,맑음,포장,건조,0,0,1,0
20181015,05시,전남,담양군,월,경상,차대차,추돌,추돌,안전운전 의무 불이행,남,65세이상,승용차,상해없음,남,51-60세,승용차,경상,사업용,택시,법인택시,비사업용,승용차,승용차,고속국도,단일로,기타단일로,맑음,포장,건조,0,0,2,0
20181015,11시,경북,구미시,월,중상,차대사람,보도통행중,보도통행중,안전운전 의무 불이행,남,21-30세,승용차,상해없음,여,65세이상,보행자,중상,비사업용,승용차,승용차,보행자,보행자,보행자,고속국도,기타,기타,맑음,포장,건조,0,2,0,0
20181015,11시,충남,천안시,월,경상,차대차,기타,기타,안전운전 의무 불이행,남,51-60세,화물차,상해없음,남,21-30세,승용차,경상,비사업용,화물차,화물차,사업용,렌터카,렌터카,고속국도,단일로,기타단일로,맑음,포장,건조,0,0,1,0
20181015,13시,충남,천안시,월,경상,차대차,기타,기타,안전운전 의무 불이행,남,21-30세,승합차,상해없음,남,31-40세,승용차,경상,비사업용,버스,버스,비사업용,승용차,승용차,고속국도,단일로,기타단일로,맑음,포장,건조,0,0,1,0
20181015,14시,강원,강릉시,월,중상,차대차,추돌,추돌,안전거리 미확보,남,41-50세,승합차,경상,남,65세이상,화물차,상해없음,사업용,노선버스,고속버스,사업용,화물차,화물차,고속국도,단일로,기타단일로,맑음,포장,건조,0,2,3,0
20181015,18시,경기,안산시,월,경상,차대차,측면충돌,측면충돌,안전운전 의무 불이행,기타불명,불명,불명,기타불명,남,51-60세,승용차,경상,불명,불명,불명,비사업용,승용차,승용차,고속국도,단일로,기타단일로,흐림,포장,젖음/습기,0,0,1,0
20181015,20시,경북,상주시,월,사망,차대차,추돌,추돌,안전운전 의무 불이행,남,41-50세,화물차,사망,남,51-60세,승합차,중상,사업용,화물차,화물차,사업용,노선버스,고속버스,고속국도,단일로,기타단일로,맑음,포장,건조,2,8,2,0
20181015,21시,경기,성남시,월,부상신고,차대차,기타,기타,안전운전 의무 불이행,기타불명,불명,불명,기타불명,여,41-50세,승용차,부상신고,불명,불명,불명,비사업용,승용차,승용차,고속국도,단일로,기타단일로,맑음,포장,건조,0,0,0,1
20181015,21시,경기,화성시,월,경상,차대차,측면충돌,측면충돌,안전운전 의무 불이행,기타불명,불명,불명,기타불명,남,31-40세,승용차,경상,불명,불명,불명,비사업용,승용차,승용차,고속국도,단일로,기타단일로,맑음,포장,건조,0,0,1,0
20181015,22시,경기,수원시,월,중상,차대차,기타,기타,안전운전 의무 불이행,남,41-50세,승용차,상해없음,남,21-30세,승용차,기타불명,비사업용,승용차,승용차,사업용,렌터카,렌터카,고속국도,기타,기타,맑음,포장,건조,0,1,0,0
20181016,02시,경기,용인시,화,경상,차대차,측면충돌,측면충돌,안전운전 의무 불이행,남,31-40세,승용차,상해없음,남,41-50세,화물차,경상,비사업용,승용차,승용차,사업용,화물차,화물차,고속국도,단일로,기타단일로,맑음,포장,건조,0,0,1,0
20181016,02시,경기,평택시,화,경상,차대차,기타,기타,안전운전 의무 불이행,남,51-60세,화물차,상해없음,여,41-50세,승용차,경상,사업용,화물차,화물차,비사업용,승용차,승용차,고속국도,단일로,기타단일로,안개,포장,젖음/습기,0,0,1,0
20181016,04시,충북,청주시,화,중상,차대차,추돌,추돌,안전운전 의무 불이행,남,51-60세,화물차,상해없음,남,41-50세,특수차,중상,사업용,화물차,화물차,사업용,화물차,화물차,고속국도,단일로,기타단일로,안개,포장,젖음/습기,0,1,1,0
20181016,05시,경기,구리시,화,경상,차대차,측면충돌,측면충돌,안전거리 미확보,남,51-60세,승용차,상해없음,남,31-40세,승용차,경상,비사업용,승용차,승용차,비사업용,승용차,승용차,고속국도,단일로,기타단일로,맑음,포장,건조,0,0,2,0
20181016,08시,경기,성남시,화,경상,차대차,측면충돌,측면충돌,안전운전 의무 불이행,남,65세이상,승용차,상해없음,남,31-40세,승용차,경상,사업용,렌터카,렌터카,사업용,렌터카,렌터카,고속국도,단일로,기타단일로,맑음,포장,건조,0,0,1,0
20181016,09시,경기,화성시,화,경상,차대차,기타,기타,안전운전 의무 불이행,남,41-50세,승용차,상해없음,남,31-40세,승용차,경상,사업용,렌터카,렌터카,비사업용,승용차,승용차,고속국도,기타,기타,맑음,포장,건조,0,0,1,0
20181016,12시,경기,오산시,화,중상,차대차,추돌,추돌,안전운전 의무 불이행,남,21-30세,승용차,경상,남,41-50세,승용차,경상,비사업용,승용차,승용차,비사업용,승용차,승용차,고속국도,단일로,기타단일로,맑음,포장,건조,0,1,3,1
20181016,13시,충남,논산시,화,경상,차대차,추돌,추돌,안전운전 의무 불이행,남,21-30세,화물차,상해없음,남,41-50세,화물차,경상,사업용,화물차,화물차,사업용,화물차,화물차,고속국도,단일로,기타단일로,맑음,포장,건조,0,0,2,0
20181016,14시,경기,평택시,화,중상,차대차,추돌,추돌,안전운전 의무 불이행,남,31-40세,승용차,부상신고,남,41-50세,승용차,경상,비사업용,승용차,승용차,사업용,렌터카,렌터카,고속국도,단일로,기타단일로,맑음,포장,건조,0,1,2,6
20181016,15시,강원,평창군,화,사망,차대차,기타,기타,안전운전 의무 불이행,남,21-30세,승용차,상해없음,남,51-60세,화물차,경상,사업용,렌터카,렌터카,비사업용,화물차,화물차,고속국도,단일로,기타단일로,맑음,포장,건조,1,0,1,0
20181016,16시,경기,군포시,화,경상,차대차,추돌,추돌,안전운전 의무 불이행,남,51-60세,화물차,상해없음,남,41-50세,화물차,경상,비사업용,화물차,화물차,사업용,화물차,화물차,고속국도,단일로,터널안,맑음,포장,건조,0,0,1,0
20181017,08시,경기,군포시,수,경상,차대차,기타,기타,안전거리 미확보,남,51-60세,특수차,상해없음,남,31-40세,승용차,경상,사업용,화물차,화물차,비사업용,승용차,승용차,고속국도,단일로,기타단일로,맑음,포장,건조,0,0,2,0
20181017,13시,부산,기장군,수,사망,차대차,추돌,추돌,안전운전 의무 불이행,남,51-60세,화물차,사망,남,21-30세,화물차,경상,비사업용,화물차,화물차,사업용,화물차,화물차,고속국도,단일로,기타단일로,맑음,포장,건조,1,0,5,0
20181017,18시,경기,수원시,수,경상,차량단독,기타,기타,안전운전 의무 불이행,남,51-60세,승합차,상해없음,없음,불명,없음,없음,사업용,노선버스,고속버스,없음,없음,없음,고속국도,단일로,기타단일로,맑음,포장,건조,0,0,2,0
20181018,01시,서울,양천구,목,중상,차대차,측면충돌,측면충돌,안전운전 의무 불이행,남,31-40세,승용차,상해없음,남,31-40세,승용차,상해없음,비사업용,승용차,승용차,비사업용,승용차,승용차,고속국도,단일로,기타단일로,맑음,포장,건조,0,1,0,0
20181018,06시,인천,계양구,목,경상,차대차,추돌,추돌,안전운전 의무 불이행,남,21-30세,승용차,상해없음,남,31-40세,승용차,경상,비사업용,승용차,승용차,비사업용,승용차,승용차,고속국도,단일로,기타단일로,맑음,포장,건조,0,0,1,0
20181018,08시,인천,미추홀구,목,중상,차대차,측면충돌,측면충돌,안전거리 미확보,남,31-40세,특수차,상해없음,남,51-60세,승용차,중상,사업용,화물차,화물차,비사업용,승용차,승용차,고속국도,단일로,기타단일로,맑음,비포장,건조,0,1,0,0
20181018,12시,경남,김해시,목,중상,차대차,측면충돌,측면충돌,안전운전 의무 불이행,남,31-40세,특수차,경상,여,51-60세,승용차,중상,사업용,화물차,화물차,비사업용,승용차,승용차,고속국도,단일로,기타단일로,맑음,포장,건조,0,1,1,0
20181018,12시,서울,서초구,목,경상,차대차,기타,기타,안전운전 의무 불이행,여,31-40세,승용차,상해없음,남,41-50세,승합차,경상,비사업용,승용차,승용차,비사업용,버스,버스,고속국도,단일로,기타단일로,맑음,포장,건조,0,0,1,0
20181018,15시,경기,평택시,목,경상,차대차,측면충돌,측면충돌,안전운전 의무 불이행,남,61-64세,화물차,상해없음,여,51-60세,승용차,경상,사업용,화물차,화물차,비사업용,승용차,승용차,고속국도,단일로,기타단일로,맑음,포장,건조,0,0,1,0
20181019,02시,경기,부천시,금,경상,차대차,추돌,추돌,안전운전 의무 불이행,남,21-30세,승용차,상해없음,남,51-60세,화물차,경상,비사업용,승용차,승용차,비사업용,화물차,화물차,고속국도,단일로,기타단일로,맑음,포장,건조,0,0,1,0
20181019,05시,경북,상주시,금,사망,차대차,추돌,추돌,안전운전 의무 불이행,남,21-30세,화물차,경상,남,31-40세,화물차,상해없음,비사업용,화물차,화물차,사업용,화물차,화물차,고속국도,단일로,기타단일로,맑음,포장,건조,2,2,1,0
20181019,07시,경기,고양시,금,경상,차대차,측면충돌,측면충돌,기타,남,51-60세,승용차,상해없음,여,21-30세,승용차,경상,비사업용,승용차,승용차,비사업용,승용차,승용차,고속국도,단일로,교량위,맑음,포장,건조,0,0,3,1
20181019,07시,경기,광주시,금,중상,차량단독,공작물충돌,공작물충돌,안전운전 의무 불이행,남,31-40세,화물차,중상,없음,불명,없음,없음,사업용,화물차,화물차,없음,없음,없음,고속국도,단일로,기타단일로,맑음,포장,건조,0,1,0,0
20181019,08시,경기,용인시,금,경상,차대차,측면충돌,측면충돌,안전운전 의무 불이행,여,31-40세,승용차,상해없음,여,31-40세,승용차,경상,비사업용,승용차,승용차,비사업용,승용차,승용차,고속국도,단일로,기타단일로,맑음,포장,건조,0,0,1,0
20181019,09시,대전,유성구,금,경상,차대차,기타,기타,안전운전 의무 불이행,남,51-60세,승용차,기타불명,남,31-40세,승용차,경상,비사업용,승용차,승용차,사업용,렌터카,렌터카,고속국도,단일로,기타단일로,맑음,포장,건조,0,0,1,0
20181019,10시,강원,홍천군,금,중상,차대차,추돌,추돌,안전거리 미확보,남,51-60세,승용차,상해없음,남,51-60세,승용차,상해없음,사업용,렌터카,렌터카,사업용,렌터카,렌터카,고속국도,단일로,기타단일로,맑음,포장,건조,0,1,1,0
20181019,10시,광주,북구,금,경상,차대차,기타,기타,안전운전 의무 불이행,남,21-30세,승용차,상해없음,남,41-50세,특수차,경상,사업용,렌터카,렌터카,비사업용,화물차,화물차,고속국도,기타,기타,맑음,포장,건조,0,0,2,0
20181019,11시,경기,하남시,금,경상,차대차,측면충돌,측면충돌,안전거리 미확보,남,41-50세,특수차,상해없음,남,41-50세,승용차,경상,사업용,화물차,화물차,비사업용,승용차,승용차,고속국도,단일로,기타단일로,맑음,포장,건조,0,0,3,0
20181019,13시,충북,괴산군,금,경상,차대차,추돌,추돌,안전거리 미확보,남,21-30세,승용차,상해없음,남,41-50세,승용차,경상,비사업용,승용차,승용차,비사업용,승용차,승용차,고속국도,단일로,기타단일로,맑음,포장,건조,0,0,1,0
20181019,14시,충북,괴산군,금,경상,차대차,추돌,추돌,안전거리 미확보,남,20세이하,승용차,상해없음,남,41-50세,승용차,경상,비사업용,승용차,승용차,비사업용,승용차,승용차,고속국도,단일로,터널안,맑음,포장,건조,0,0,3,0
20181019,17시,경북,칠곡군,금,경상,차대차,추돌,추돌,안전운전 의무 불이행,여,31-40세,승용차,경상,남,41-50세,승용차,경상,비사업용,승용차,승용차,비사업용,승용차,승용차,고속국도,단일로,기타단일로,맑음,포장,건조,0,0,3,0
20181019,19시,경기,시흥시,금,경상,차대사람,기타,기타,안전운전 의무 불이행,남,31-40세,승용차,상해없음,남,41-50세,보행자,경상,비사업용,승용차,승용차,보행자,보행자,보행자,고속국도,기타,기타,맑음,포장,건조,0,0,1,0
20181019,21시,경기,성남시,금,경상,차대차,측면충돌,측면충돌,안전운전 의무 불이행,남,31-40세,승용차,상해없음,여,41-50세,승용차,경상,비사업용,승용차,승용차,비사업용,승용차,승용차,고속국도,단일로,기타단일로,맑음,포장,건조,0,0,1,0
20181020,03시,경북,구미시,토,경상,차대차,기타,기타,안전운전 의무 불이행,남,31-40세,화물차,경상,남,21-30세,승용차,경상,사업용,화물차,화물차,사업용,렌터카,렌터카,고속국도,단일로,기타단일로,맑음,포장,건조,0,0,2,0
20181020,05시,울산,울주군,토,경상,차량단독,기타,기타,안전운전 의무 불이행,남,61-64세,승합차,상해없음,없음,불명,없음,없음,사업용,전세버스,전세버스,없음,없음,없음,고속국도,단일로,기타단일로,맑음,포장,건조,0,0,2,0
20181020,06시,경기,성남시,토,경상,차대차,측면충돌,측면충돌,안전운전 의무 불이행,남,61-64세,승합차,상해없음,남,51-60세,화물차,경상,사업용,전세버스,전세버스,사업용,화물차,화물차,고속국도,단일로,기타단일로,맑음,포장,건조,0,0,1,0
20181020,07시,경기,용인시,토,경상,차대차,측면충돌,측면충돌,안전운전 의무 불이행,남,61-64세,승용차,상해없음,남,21-30세,승용차,경상,비사업용,승용차,승용차,비사업용,승용차,승용차,고속국도,단일로,기타단일로,흐림,포장,건조,0,0,1,0
20181020,10시,경기,안성시,토,경상,차대차,추돌,추돌,안전거리 미확보,남,41-50세,승용차,상해없음,여,31-40세,승용차,경상,비사업용,승용차,승용차,비사업용,승용차,승용차,고속국도,단일로,기타단일로,맑음,포장,건조,0,0,2,0
20181020,10시,인천,서구,토,경상,차대차,측면충돌,측면충돌,안전거리 미확보,남,61-64세,화물차,상해없음,남,61-64세,승용차,상해없음,비사업용,화물차,화물차,비사업용,승용차,승용차,고속국도,단일로,교량위,맑음,포장,건조,0,0,1,0
20181020,14시,충북,청주시,토,경상,차대차,추돌,추돌,안전거리 미확보,남,21-30세,승용차,상해없음,여,31-40세,승용차,경상,비사업용,승용차,승용차,비사업용,승용차,승용차,고속국도,단일로,기타단일로,맑음,포장,건조,0,0,1,0
20181020,15시,강원,춘천시,토,경상,차대차,추돌,추돌,안전운전 의무 불이행,여,31-40세,승용차,경상,남,51-60세,승용차,상해없음,비사업용,승용차,승용차,비사업용,승용차,승용차,고속국도,단일로,터널안,맑음,포장,건조,0,0,2,0
20181020,15시,경기,가평군,토,경상,차대차,기타,기타,안전거리 미확보,남,51-60세,승합차,상해없음,남,21-30세,승용차,경상,사업용,전세버스,전세버스,비사업용,승용차,승용차,고속국도,단일로,기타단일로,맑음,포장,건조,0,0,6,0
20181020,15시,경기,군포시,토,경상,차대차,기타,기타,안전운전 의무 불이행,남,21-30세,화물차,상해없음,남,41-50세,승용차,경상,비사업용,화물차,화물차,사업용,렌터카,렌터카,고속국도,단일로,기타단일로,맑음,포장,건조,0,0,2,0
20181020,15시,경기,여주시,토,중상,차대차,기타,기타,안전운전 의무 불이행,기타불명,불명,불명,기타불명,여,31-40세,승용차,상해없음,불명,불명,불명,비사업용,승용차,승용차,고속국도,단일로,기타단일로,맑음,포장,건조,0,2,0,0
20181020,15시,경기,평택시,토,경상,차대차,기타,기타,안전운전 의무 불이행,남,65세이상,특수차,상해없음,남,31-40세,화물차,경상,사업용,화물차,화물차,사업용,화물차,화물차,고속국도,단일로,기타단일로,맑음,포장,건조,0,0,1,0
20181020,17시,경남,김해시,토,경상,차대차,추돌,추돌,안전운전 의무 불이행,남,61-64세,화물차,상해없음,여,41-50세,승용차,경상,비사업용,화물차,화물차,비사업용,승용차,승용차,고속국도,단일로,기타단일로,맑음,포장,건조,0,0,2,0
20181020,17시,대구,서구,토,경상,차대차,추돌,추돌,안전거리 미확보,남,51-60세,승용차,상해없음,남,31-40세,승용차,상해없음,비사업용,승용차,승용차,비사업용,승용차,승용차,고속국도,단일로,기타단일로,맑음,포장,건조,0,0,1,0
20181020,18시,경기,광주시,토,경상,차대차,추돌,추돌,안전운전 의무 불이행,남,65세이상,화물차,상해없음,남,31-40세,승용차,경상,비사업용,화물차,화물차,비사업용,승용차,승용차,고속국도,단일로,기타단일로,맑음,포장,건조,0,0,4,0
20181020,18시,서울,송파구,토,경상,차대차,기타,기타,안전운전 의무 불이행,남,21-30세,승용차,상해없음,남,21-30세,승용차,경상,비사업용,승용차,승용차,비사업용,승용차,승용차,고속국도,단일로,기타단일로,맑음,포장,건조,0,0,2,0
20181020,19시,경남,창원시,토,중상,차대차,추돌,추돌,안전운전 의무 불이행,남,41-50세,특수차,상해없음,남,65세이상,승합차,경상,사업용,화물차,화물차,비사업용,기타/건설기계,기타/건설기계,고속국도,단일로,기타단일로,맑음,포장,건조,0,1,1,0
20181020,20시,충남,금산군,토,중상,차대차,추돌,추돌,안전운전 의무 불이행,여,41-50세,승용차,중상,여,41-50세,승합차,상해없음,비사업용,승용차,승용차,비사업용,기타/건설기계,기타/건설기계,고속국도,기타,기타,맑음,포장,건조,0,1,1,0
20181020,21시,경기,안양시,토,경상,차대차,측면충돌,측면충돌,기타,여,41-50세,승용차,상해없음,남,31-40세,승용차,경상,사업용,렌터카,렌터카,비사업용,승용차,승용차,고속국도,단일로,기타단일로,맑음,포장,건조,0,0,3,0
20181020,23시,충북,보은군,토,사망,차대차,추돌,추돌,안전운전 의무 불이행,남,51-60세,승용차,중상,남,65세이상,화물차,중상,비사업용,승용차,승용차,사업용,화물차,화물차,고속국도,단일로,기타단일로,맑음,포장,건조,1,2,0,0
20181021,00시,전북,남원시,일,경상,차대차,추돌,추돌,안전운전 의무 불이행,남,51-60세,승용차,상해없음,남,41-50세,승용차,경상,비사업용,승용차,승용차,비사업용,승용차,승용차,고속국도,단일로,기타단일로,맑음,포장,건조,0,0,4,0
20181021,02시,경기,부천시,일,경상,차대차,추돌,추돌,안전운전 의무 불이행,남,51-60세,승용차,상해없음,남,51-60세,건설기계,상해없음,사업용,택시,법인택시,사업용,기타/건설기계,기타/건설기계,고속국도,단일로,기타단일로,맑음,포장,건조,0,0,2,0
20181021,09시,경기,성남시,일,중상,차대차,측면충돌,측면충돌,안전운전 의무 불이행,여,51-60세,승용차,상해없음,남,51-60세,승용차,경상,비사업용,승용차,승용차,비사업용,승용차,승용차,고속국도,단일로,기타단일로,맑음,포장,건조,0,5,3,0
20181021,11시,경기,구리시,일,중상,차대차,추돌,추돌,안전운전 의무 불이행,기타불명,불명,불명,기타불명,남,51-60세,승용차,중상,불명,불명,불명,사업용,택시,법인택시,고속국도,단일로,기타단일로,맑음,포장,건조,0,2,0,0
20181021,11시,경기,용인시,일,경상,차대차,추돌,추돌,안전운전 의무 불이행,남,51-60세,승용차,상해없음,여,31-40세,승용차,경상,비사업용,승용차,승용차,비사업용,승용차,승용차,고속국도,단일로,기타단일로,맑음,포장,건조,0,0,2,0
20181021,12시,경남,김해시,일,경상,차대차,측면충돌,측면충돌,안전거리 미확보,여,51-60세,승용차,경상,남,61-64세,승용차,경상,비사업용,승용차,승용차,비사업용,승용차,승용차,고속국도,단일로,기타단일로,맑음,포장,건조,0,0,3,0
20181021,12시,충남,논산시,일,경상,차대차,추돌,추돌,안전운전 의무 불이행,남,21-30세,승합차,상해없음,여,21-30세,승용차,경상,비사업용,기타/건설기계,기타/건설기계,비사업용,승용차,승용차,고속국도,단일로,기타단일로,맑음,포장,건조,0,0,4,0
20181021,13시,충남,공주시,일,경상,차대차,추돌,추돌,안전운전 의무 불이행,남,21-30세,승용차,경상,남,51-60세,승용차,상해없음,비사업용,승용차,승용차,비사업용,승용차,승용차,고속국도,단일로,기타단일로,맑음,포장,건조,0,0,6,0
20181021,16시,강원,횡성군,일,경상,차대차,추돌,추돌,안전운전 의무 불이행,남,51-60세,승합차,상해없음,남,51-60세,승용차,경상,비사업용,버스,버스,비사업용,승용차,승용차,고속국도,단일로,터널안,맑음,포장,건조,0,0,2,0
20181021,16시,경기,하남시,일,경상,차대차,추돌,추돌,안전운전 의무 불이행,남,61-64세,승용차,상해없음,여,41-50세,승용차,경상,비사업용,승용차,승용차,비사업용,승용차,승용차,고속국도,기타,기타,맑음,포장,건조,0,0,3,0
20181021,18시,경기,용인시,일,중상,차대차,기타,기타,신호위반,여,31-40세,승용차,상해없음,남,41-50세,승합차,중상,비사업용,승용차,승용차,사업용,전세버스,전세버스,고속국도,단일로,기타단일로,맑음,포장,건조,0,1,8,2
20181021,19시,충남,천안시,일,경상,차대차,추돌,추돌,안전운전 의무 불이행,남,51-60세,승합차,상해없음,남,41-50세,승용차,경상,비사업용,기타/건설기계,기타/건설기계,사업용,렌터카,렌터카,고속국도,기타,기타,맑음,포장,건조,0,0,2,0
20181021,20시,경기,평택시,일,경상,차대차,추돌,추돌,안전운전 의무 불이행,남,51-60세,승합차,상해없음,남,51-60세,승합차,기타불명,비사업용,버스,버스,사업용,전세버스,전세버스,고속국도,단일로,기타단일로,맑음,포장,건조,0,0,4,1
20181021,20시,경기,화성시,일,경상,차대차,기타,기타,안전운전 의무 불이행,기타불명,불명,불명,기타불명,남,51-60세,승용차,경상,불명,불명,불명,비사업용,승용차,승용차,고속국도,단일로,기타단일로,맑음,포장,건조,0,0,1,0
20181021,20시,경북,문경시,일,중상,차대사람,기타,기타,안전운전 의무 불이행,남,31-40세,승용차,상해없음,남,20세이하,보행자,중상,비사업용,승용차,승용차,보행자,보행자,보행자,고속국도,기타,기타,맑음,포장,건조,0,1,0,0
20181021,21시,경북,상주시,일,경상,차량단독,기타,기타,안전운전 의무 불이행,남,41-50세,승합차,상해없음,없음,불명,없음,없음,사업용,전세버스,전세버스,없음,없음,없음,고속국도,단일로,기타단일로,맑음,포장,건조,0,0,2,0
20181022,07시,경남,양산시,월,경상,차대차,추돌,추돌,안전운전 의무 불이행,여,21-30세,승용차,상해없음,남,21-30세,화물차,경상,비사업용,승용차,승용차,비사업용,화물차,화물차,고속국도,단일로,기타단일로,맑음,포장,건조,0,0,1,0