발생일,발생시간,발생지_시도,발생지_시군구,요일,사고내용,사고유형_대분류,사고유형_중분류,사고유형,가해자법규위반,가해자성별,가해자연령,가해당사자종별,가해자신체상해정도,피해자성별,피해자연령,피해당사자종별,피해자신체상해정도,가해차량용도_대분류,가해차량용도_중분류,가해차량용도,피해차량용도_대분류,피해차량용도_중분류,피해차량용도,도로종류,도로형태_대분류,도로형태,기상상태,노면상태_대분류,노면상태,사망자수,중상자수,경상자수,부상신고자수
20181126,13시,대구,달성군,월,중상,차대차,추돌,추돌,안전운전 의무 불이행,남,41-50세,화물차,상해없음,남,65세이상,화물차,중상,사업용,화물차,화물차,비사업용,화물차,화물차,고속국도,단일로,기타단일로,맑음,포장,건조,0,2,0,0
20181126,15시,인천,계양구,월,경상,차대차,측면충돌,측면충돌,기타,남,51-60세,특수차,상해없음,남,31-40세,화물차,경상,비사업용,화물차,화물차,사업용,화물차,화물차,고속국도,단일로,기타단일로,맑음,포장,건조,0,0,1,0
20181126,17시,강원,강릉시,월,중상,차대차,추돌,추돌,안전거리 미확보,남,41-50세,화물차,상해없음,남,61-64세,승용차,중상,비사업용,화물차,화물차,비사업용,승용차,승용차,고속국도,단일로,기타단일로,맑음,포장,건조,0,1,0,0
20181126,17시,경남,김해시,월,경상,차대차,측면충돌,측면충돌,안전운전 의무 불이행,남,61-64세,승용차,상해없음,남,41-50세,승용차,경상,비사업용,승용차,승용차,비사업용,승용차,승용차,고속국도,단일로,기타단일로,맑음,포장,건조,0,0,1,0
20181126,17시,인천,계양구,월,중상,차대차,추돌,추돌,안전운전 의무 불이행,남,61-64세,화물차,상해없음,남,65세이상,승용차,중상,비사업용,화물차,화물차,비사업용,승용차,승용차,고속국도,단일로,기타단일로,맑음,포장,건조,0,4,1,0
20181126,17시,충북,청주시,월,경상,차대차,측면충돌,측면충돌,기타,남,31-40세,승용차,상해없음,여,41-50세,승용차,경상,비사업용,승용차,승용차,비사업용,승용차,승용차,고속국도,단일로,기타단일로,흐림,포장,건조,0,0,1,0
20181126,18시,경기,김포시,월,중상,차대차,추돌,추돌,안전운전 의무 불이행,남,65세이상,승용차,상해없음,남,51-60세,승용차,경상,비사업용,승용차,승용차,비사업용,승용차,승용차,고속국도,단일로,기타단일로,맑음,포장,건조,0,2,1,0
20181126,18시,경기,용인시,월,경상,차대차,기타,기타,안전거리 미확보,기타불명,불명,승용차,기타불명,남,41-50세,승용차,경상,비사업용,승용차,승용차,비사업용,승용차,승용차,고속국도,단일로,기타단일로,맑음,포장,건조,0,0,1,0
20181126,18시,경기,평택시,월,경상,차대차,기타,기타,안전운전 의무 불이행,남,65세이상,승용차,상해없음,남,51-60세,승용차,경상,비사업용,승용차,승용차,비사업용,승용차,승용차,고속국도,단일로,기타단일로,맑음,포장,건조,0,0,1,0
20181127,06시,경기,시흥시,화,경상,차대차,측면충돌,측면충돌,안전거리 미확보,기타불명,불명,불명,기타불명,남,51-60세,특수차,경상,불명,불명,불명,사업용,화물차,화물차,고속국도,단일로,기타단일로,맑음,포장,건조,0,0,1,0
20181127,08시,경기,용인시,화,경상,차대차,기타,기타,안전운전 의무 불이행,남,21-30세,승용차,상해없음,남,21-30세,승용차,경상,비사업용,승용차,승용차,사업용,렌터카,렌터카,고속국도,단일로,기타단일로,맑음,포장,건조,0,0,2,0
20181127,14시,경기,용인시,화,경상,차대차,기타,기타,안전운전 의무 불이행,남,61-64세,승합차,상해없음,여,31-40세,승용차,경상,사업용,전세버스,전세버스,비사업용,승용차,승용차,고속국도,단일로,기타단일로,맑음,포장,건조,0,0,1,0
20181127,17시,강원,인제군,화,경상,차대차,추돌,추돌,안전운전 의무 불이행,남,20세이하,승용차,경상,남,21-30세,승용차,경상,사업용,렌터카,렌터카,비사업용,승용차,승용차,고속국도,단일로,기타단일로,맑음,포장,건조,0,0,3,0
20181127,17시,대전,유성구,화,경상,차대차,추돌,추돌,안전거리 미확보,남,21-30세,승용차,상해없음,여,31-40세,승용차,경상,비사업용,승용차,승용차,비사업용,승용차,승용차,고속국도,기타,기타,맑음,포장,건조,0,0,1,0
20181127,18시,경기,성남시,화,중상,차대차,추돌,추돌,안전운전 의무 불이행,남,51-60세,승용차,상해없음,남,51-60세,승용차,중상,비사업용,승용차,승용차,비사업용,승용차,승용차,고속국도,단일로,기타단일로,맑음,포장,건조,0,1,1,0
20181127,18시,경기,용인시,화,경상,차대차,추돌,추돌,안전운전 의무 불이행,여,51-60세,승용차,상해없음,남,21-30세,승용차,경상,비사업용,승용차,승용차,비사업용,승용차,승용차,고속국도,단일로,기타단일로,맑음,포장,건조,0,0,3,0
20181127,18시,경북,칠곡군,화,경상,차대차,측면충돌,측면충돌,안전운전 의무 불이행,기타불명,불명,불명,기타불명,남,41-50세,승용차,상해없음,불명,불명,불명,비사업용,승용차,승용차,고속국도,단일로,기타단일로,맑음,포장,건조,0,0,1,0
20181127,18시,울산,울주군,화,경상,차대차,추돌,추돌,안전운전 의무 불이행,남,51-60세,승용차,상해없음,여,21-30세,승용차,경상,비사업용,승용차,승용차,비사업용,승용차,승용차,고속국도,단일로,기타단일로,맑음,포장,건조,0,0,2,0
20181127,19시,경남,함안군,화,경상,차대차,추돌,추돌,안전운전 의무 불이행,남,21-30세,승용차,상해없음,남,41-50세,승용차,경상,사업용,렌터카,렌터카,비사업용,승용차,승용차,고속국도,단일로,기타단일로,맑음,포장,건조,0,0,1,0
20181127,21시,인천,계양구,화,경상,차대차,추돌,추돌,안전운전 의무 불이행,남,31-40세,승용차,상해없음,남,31-40세,화물차,경상,비사업용,승용차,승용차,사업용,화물차,화물차,고속국도,단일로,기타단일로,맑음,포장,건조,0,0,1,0
20181128,01시,대구,달성군,수,중상,차대차,추돌,추돌,안전운전 의무 불이행,남,31-40세,승용차,상해없음,남,31-40세,승용차,중상,비사업용,승용차,승용차,비사업용,승용차,승용차,고속국도,단일로,기타단일로,맑음,포장,건조,0,1,1,0
20181128,05시,인천,계양구,수,중상,차대차,추돌,추돌,안전운전 의무 불이행,남,51-60세,화물차,상해없음,남,31-40세,승용차,중상,비사업용,화물차,화물차,비사업용,승용차,승용차,고속국도,단일로,기타단일로,흐림,포장,건조,0,1,0,0
20181128,06시,경기,성남시,수,경상,차대차,기타,기타,기타,기타불명,불명,불명,기타불명,남,51-60세,특수차,경상,불명,불명,불명,사업용,덤프트럭,덤프트럭,고속국도,단일로,터널안,맑음,포장,건조,0,0,1,0
20181128,06시,대구,달성군,수,중상,차대차,추돌,추돌,안전운전 의무 불이행,남,51-60세,화물차,중상,남,51-60세,화물차,상해없음,사업용,화물차,화물차,사업용,화물차,화물차,고속국도,단일로,기타단일로,맑음,포장,건조,0,2,0,0
20181128,10시,경기,김포시,수,경상,차대차,측면충돌,측면충돌,안전거리 미확보,남,51-60세,특수차,상해없음,남,51-60세,승용차,경상,사업용,화물차,화물차,비사업용,승용차,승용차,고속국도,단일로,기타단일로,맑음,포장,건조,0,0,1,0
20181128,11시,전북,남원시,수,중상,차대차,기타,기타,안전운전 의무 불이행,남,51-60세,화물차,상해없음,남,51-60세,승용차,중상,비사업용,화물차,화물차,비사업용,승용차,승용차,고속국도,단일로,기타단일로,맑음,포장,건조,0,1,0,0
20181128,12시,경기,수원시,수,경상,차대차,측면충돌,측면충돌,안전거리 미확보,남,41-50세,화물차,상해없음,여,51-60세,승용차,경상,사업용,화물차,화물차,비사업용,승용차,승용차,고속국도,단일로,기타단일로,맑음,포장,건조,0,0,3,0
20181128,17시,대구,북구,수,경상,차대차,측면충돌,측면충돌,안전운전 의무 불이행,남,65세이상,화물차,상해없음,남,31-40세,승용차,경상,사업용,화물차,화물차,비사업용,승용차,승용차,고속국도,단일로,기타단일로,맑음,포장,건조,0,0,1,0
20181128,23시,경기,의정부시,수,중상,차대차,추돌,추돌,안전운전 의무 불이행,남,21-30세,승용차,상해없음,남,31-40세,화물차,중상,비사업용,승용차,승용차,비사업용,화물차,화물차,고속국도,단일로,기타단일로,맑음,포장,건조,0,1,0,0
20181129,06시,경남,김해시,목,경상,차대차,측면충돌,측면충돌,안전거리 미확보,여,51-60세,승용차,경상,남,41-50세,화물차,상해없음,비사업용,승용차,승용차,사업용,화물차,화물차,고속국도,단일로,기타단일로,맑음,포장,건조,0,0,1,0
20181129,08시,경기,하남시,목,경상,차대차,기타,기타,안전운전 의무 불이행,남,61-64세,화물차,상해없음,남,41-50세,승용차,경상,사업용,화물차,화물차,비사업용,승용차,승용차,고속국도,단일로,기타단일로,맑음,포장,건조,0,0,1,0
20181129,09시,대구,북구,목,경상,차대차,측면충돌,측면충돌,안전운전 의무 불이행,남,31-40세,승용차,부상신고,남,31-40세,화물차,경상,사업용,렌터카,렌터카,사업용,화물차,화물차,고속국도,단일로,기타단일로,맑음,포장,건조,0,0,1,1
20181129,12시,경기,평택시,목,경상,차대차,추돌,추돌,안전운전 의무 불이행,남,41-50세,화물차,상해없음,남,51-60세,승용차,상해없음,사업용,화물차,화물차,비사업용,승용차,승용차,고속국도,단일로,기타단일로,맑음,포장,건조,0,0,4,0
20181129,15시,서울,강동구,목,경상,차대차,기타,기타,안전운전 의무 불이행,남,41-50세,승용차,상해없음,남,65세이상,건설기계,상해없음,비사업용,승용차,승용차,사업용,기타/건설기계,기타/건설기계,고속국도,단일로,기타단일로,맑음,포장,건조,0,0,1,1
20181129,22시,전북,무주군,목,사망,차대사람,횡단중,횡단중,안전운전 의무 불이행,남,41-50세,승용차,상해없음,남,21-30세,보행자,사망,비사업용,승용차,승용차,보행자,보행자,보행자,고속국도,단일로,기타단일로,맑음,포장,건조,1,0,0,0
20181129,23시,대구,북구,목,경상,차대차,기타,기타,안전운전 의무 불이행,기타불명,불명,불명,기타불명,남,31-40세,승용차,경상,불명,불명,불명,비사업용,승용차,승용차,고속국도,단일로,기타단일로,맑음,포장,건조,0,0,1,0
20181130,00시,전북,익산시,금,경상,차대차,기타,기타,안전운전 의무 불이행,남,31-40세,특수차,상해없음,남,41-50세,화물차,경상,사업용,화물차,화물차,사업용,화물차,화물차,고속국도,기타,기타,맑음,포장,건조,0,0,1,0
20181130,04시,경기,용인시,금,경상,차대차,기타,기타,안전운전 의무 불이행,남,21-30세,승용차,상해없음,남,65세이상,화물차,경상,비사업용,승용차,승용차,사업용,화물차,화물차,고속국도,단일로,기타단일로,맑음,포장,건조,0,0,1,0
20181130,05시,경기,평택시,금,사망,차대차,추돌,추돌,안전거리 미확보,남,51-60세,화물차,부상신고,남,51-60세,화물차,부상신고,사업용,화물차,화물차,비사업용,화물차,화물차,고속국도,단일로,기타단일로,맑음,포장,건조,1,0,0,4
20181130,06시,경기,군포시,금,경상,차대차,기타,기타,안전거리 미확보,남,31-40세,승용차,기타불명,남,61-64세,승용차,경상,비사업용,승용차,승용차,비사업용,승용차,승용차,고속국도,단일로,기타단일로,맑음,포장,건조,0,0,1,0
20181130,06시,경남,김해시,금,경상,차대차,측면충돌,측면충돌,안전운전 의무 불이행,기타불명,불명,불명,기타불명,여,61-64세,승용차,경상,불명,불명,불명,비사업용,승용차,승용차,고속국도,단일로,기타단일로,맑음,포장,건조,0,0,1,0
20181130,09시,경기,고양시,금,경상,차대차,측면충돌,측면충돌,안전운전 의무 불이행,남,65세이상,승용차,상해없음,여,41-50세,승용차,경상,비사업용,승용차,승용차,비사업용,승용차,승용차,고속국도,단일로,기타단일로,맑음,포장,건조,0,0,1,0
20181130,09시,대구,동구,금,경상,차대차,측면충돌,측면충돌,안전운전 의무 불이행,남,21-30세,화물차,상해없음,여,41-50세,승용차,경상,비사업용,화물차,화물차,비사업용,승용차,승용차,고속국도,단일로,기타단일로,맑음,포장,건조,0,0,1,0
20181130,11시,경기,양평군,금,중상,차대차,추돌,추돌,안전거리 미확보,남,41-50세,승용차,경상,남,41-50세,승용차,상해없음,비사업용,승용차,승용차,사업용,렌터카,렌터카,고속국도,단일로,터널안,맑음,포장,건조,0,1,4,0
20181130,14시,충북,청주시,금,중상,차대차,추돌,추돌,안전거리 미확보,남,41-50세,승용차,경상,남,21-30세,승용차,경상,비사업용,승용차,승용차,비사업용,승용차,승용차,고속국도,단일로,기타단일로,맑음,포장,건조,0,2,5,0
20181130,17시,경기,구리시,금,부상신고,차대차,기타,기타,기타,남,41-50세,승용차,부상신고,남,21-30세,승용차,상해없음,비사업용,승용차,승용차,비사업용,승용차,승용차,고속국도,단일로,기타단일로,맑음,포장,건조,0,0,0,1
20181130,17시,경기,평택시,금,중상,차대차,추돌,추돌,안전거리 미확보,남,51-60세,승용차,상해없음,남,41-50세,승용차,중상,비사업용,승용차,승용차,비사업용,승용차,승용차,고속국도,단일로,기타단일로,맑음,포장,건조,0,1,0,0
20181130,17시,경기,포천시,금,경상,차대차,추돌,추돌,안전거리 미확보,남,21-30세,승용차,상해없음,남,61-64세,승합차,경상,비사업용,승용차,승용차,비사업용,기타/건설기계,기타/건설기계,고속국도,단일로,기타단일로,맑음,포장,건조,0,0,1,0
20181130,18시,경기,용인시,금,경상,차대차,기타,기타,안전거리 미확보,남,31-40세,승용차,상해없음,남,41-50세,승용차,경상,비사업용,승용차,승용차,비사업용,승용차,승용차,고속국도,단일로,기타단일로,맑음,포장,건조,0,0,1,0
20181130,19시,경기,오산시,금,중상,차대차,추돌,추돌,안전운전 의무 불이행,여,21-30세,승용차,상해없음,여,31-40세,승용차,중상,비사업용,승용차,승용차,비사업용,승용차,승용차,고속국도,단일로,기타단일로,맑음,포장,건조,0,1,0,0
20181130,19시,경기,화성시,금,중상,차대차,추돌,추돌,안전운전 의무 불이행,남,61-64세,화물차,중상,남,31-40세,승용차,중상,비사업용,화물차,화물차,비사업용,승용차,승용차,고속국도,단일로,기타단일로,맑음,포장,건조,0,2,1,0
20181130,20시,경기,화성시,금,경상,차대차,기타,기타,안전운전 의무 불이행,남,41-50세,화물차,상해없음,남,41-50세,승용차,경상,비사업용,화물차,화물차,비사업용,승용차,승용차,고속국도,단일로,기타단일로,맑음,포장,건조,0,0,1,0
20181130,20시,충남,서천군,금,경상,차대차,추돌,추돌,안전운전 의무 불이행,남,41-50세,승용차,상해없음,남,41-50세,승용차,경상,비사업용,승용차,승용차,비사업용,승용차,승용차,고속국도,단일로,기타단일로,맑음,포장,건조,0,0,5,0
20181130,23시,경기,양주시,금,경상,차대차,추돌,추돌,안전운전 의무 불이행,남,51-60세,승용차,상해없음,남,51-60세,승용차,경상,비사업용,승용차,승용차,비사업용,승용차,승용차,고속국도,단일로,기타단일로,맑음,포장,건조,0,0,2,0
20181130,23시,인천,계양구,금,중상,차대차,측면충돌,측면충돌,기타,남,51-60세,승용차,상해없음,남,51-60세,승용차,중상,비사업용,승용차,승용차,비사업용,승용차,승용차,고속국도,단일로,교량위,맑음,포장,건조,0,1,0,0
20181201,02시,경기,용인시,토,경상,차대차,기타,기타,안전운전 의무 불이행,남,21-30세,승용차,상해없음,남,51-60세,승용차,경상,사업용,렌터카,렌터카,비사업용,승용차,승용차,고속국도,단일로,기타단일로,맑음,포장,건조,0,0,2,0
20181201,04시,경기,고양시,토,중상,차대차,추돌,추돌,안전거리 미확보,남,31-40세,승용차,상해없음,남,41-50세,승용차,중상,비사업용,승용차,승용차,비사업용,승용차,승용차,고속국도,단일로,교량위,맑음,포장,건조,0,2,0,0
20181201,07시,경기,용인시,토,경상,차대차,추돌,추돌,안전운전 의무 불이행,남,31-40세,승용차,상해없음,남,41-50세,화물차,경상,비사업용,승용차,승용차,비사업용,화물차,화물차,고속국도,단일로,기타단일로,맑음,포장,건조,0,0,1,0
20181201,11시,경기,평택시,토,경상,차대차,추돌,추돌,안전운전 의무 불이행,남,21-30세,승용차,상해없음,남,51-60세,승용차,부상신고,비사업용,승용차,승용차,비사업용,승용차,승용차,고속국도,단일로,기타단일로,맑음,포장,건조,0,0,1,1
20181201,12시,경기,구리시,토,경상,차대차,측면충돌,측면충돌,안전거리 미확보,남,21-30세,화물차,상해없음,남,61-64세,승용차,경상,사업용,화물차,화물차,비사업용,승용차,승용차,고속국도,단일로,기타단일로,맑음,포장,건조,0,0,1,0
20181201,13시,경기,오산시,토,경상,차대차,측면충돌,측면충돌,안전거리 미확보,남,31-40세,화물차,상해없음,남,21-30세,승용차,경상,사업용,화물차,화물차,비사업용,승용차,승용차,고속국도,단일로,기타단일로,맑음,포장,건조,0,0,1,0
20181201,14시,경기,오산시,토,중상,차대차,측면충돌,측면충돌,안전운전 의무 불이행,남,31-40세,승용차,상해없음,남,51-60세,승용차,중상,비사업용,승용차,승용차,비사업용,승용차,승용차,고속국도,단일로,기타단일로,맑음,포장,건조,0,3,0,0
20181201,14시,경기,화성시,토,경상,차대차,추돌,추돌,안전운전 의무 불이행,남,41-50세,승용차,상해없음,여,31-40세,승용차,경상,비사업용,승용차,승용차,비사업용,승용차,승용차,고속국도,단일로,기타단일로,맑음,포장,건조,0,0,4,0
20181201,14시,경남,김해시,토,중상,차대차,추돌,추돌,안전운전 의무 불이행,남,21-30세,승용차,경상,여,31-40세,승용차,경상,비사업용,승용차,승용차,사업용,렌터카,렌터카,고속국도,단일로,기타단일로,맑음,포장,건조,0,1,4,0
20181201,15시,경기,부천시,토,경상,차대차,측면충돌,측면충돌,안전운전 의무 불이행,남,41-50세,승용차,상해없음,여,31-40세,승용차,경상,비사업용,승용차,승용차,비사업용,승용차,승용차,고속국도,단일로,기타단일로,맑음,포장,건조,0,0,1,0
20181201,16시,대구,서구,토,중상,차대차,기타,기타,안전운전 의무 불이행,남,61-64세,승용차,상해없음,남,41-50세,승용차,중상,사업용,택시,법인택시,비사업용,승용차,승용차,고속국도,단일로,기타단일로,맑음,포장,건조,0,1,2,0
20181201,18시,인천,부평구,토,경상,차대차,추돌,추돌,안전운전 의무 불이행,여,51-60세,승용차,상해없음,남,21-30세,승용차,경상,비사업용,승용차,승용차,비사업용,승용차,승용차,고속국도,단일로,기타단일로,맑음,포장,건조,0,0,3,0
20181201,19시,경기,용인시,토,경상,차대차,측면충돌,측면충돌,안전거리 미확보,여,21-30세,승용차,상해없음,여,41-50세,승용차,경상,비사업용,승용차,승용차,비사업용,승용차,승용차,고속국도,단일로,기타단일로,맑음,포장,건조,0,0,2,0
20181201,20시,대구,달성군,토,경상,차대차,기타,기타,안전운전 의무 불이행,남,65세이상,화물차,상해없음,여,61-64세,승용차,경상,비사업용,화물차,화물차,비사업용,승용차,승용차,고속국도,단일로,기타단일로,맑음,포장,건조,0,0,2,0
20181201,23시,충북,영동군,토,경상,차대차,추돌,추돌,안전운전 의무 불이행,남,21-30세,승용차,상해없음,여,41-50세,승용차,경상,비사업용,승용차,승용차,비사업용,승용차,승용차,고속국도,단일로,기타단일로,맑음,포장,건조,0,0,2,0
20181202,02시,대구,동구,일,중상,차대차,추돌,추돌,안전운전 의무 불이행,남,41-50세,화물차,상해없음,여,51-60세,승용차,중상,사업용,화물차,화물차,비사업용,승용차,승용차,고속국도,단일로,기타단일로,맑음,포장,건조,0,1,0,0
20181202,11시,경기,화성시,일,경상,차대차,추돌,추돌,안전운전 의무 불이행,남,41-50세,승용차,상해없음,여,51-60세,승용차,경상,비사업용,승용차,승용차,비사업용,승용차,승용차,고속국도,단일로,기타단일로,맑음,포장,건조,0,0,4,0
20181202,12시,경기,화성시,일,경상,차대사람,기타,기타,안전운전 의무 불이행,남,31-40세,승용차,기타불명,남,51-60세,보행자,경상,비사업용,승용차,승용차,보행자,보행자,보행자,고속국도,기타,기타,맑음,포장,건조,0,0,1,0
20181202,13시,서울,강동구,일,경상,차대차,추돌,추돌,안전운전 의무 불이행,여,41-50세,승용차,기타불명,여,51-60세,승용차,부상신고,비사업용,승용차,승용차,비사업용,승용차,승용차,고속국도,단일로,기타단일로,맑음,포장,건조,0,0,4,2
20181202,15시,경기,남양주시,일,경상,차대차,측면충돌,측면충돌,신호위반,여,31-40세,승용차,상해없음,남,31-40세,승용차,경상,비사업용,승용차,승용차,비사업용,승용차,승용차,고속국도,교차로,교차로내,맑음,포장,건조,0,0,4,0
20181202,15시,경기,하남시,일,경상,차대차,추돌,추돌,안전운전 의무 불이행,남,51-60세,승용차,상해없음,남,41-50세,승용차,경상,비사업용,승용차,승용차,비사업용,승용차,승용차,고속국도,단일로,기타단일로,맑음,포장,건조,0,0,5,0
20181202,16시,충북,진천군,일,경상,차대차,추돌,추돌,안전거리 미확보,남,41-50세,승용차,상해없음,남,21-30세,승용차,경상,비사업용,승용차,승용차,비사업용,승용차,승용차,고속국도,단일로,기타단일로,맑음,포장,건조,0,0,4,0
20181202,18시,경북,칠곡군,일,경상,차대차,추돌,추돌,안전운전 의무 불이행,여,61-64세,승용차,상해없음,남,21-30세,승용차,경상,비사업용,승용차,승용차,비사업용,승용차,승용차,고속국도,단일로,기타단일로,맑음,포장,건조,0,0,2,0
20181202,22시,경기,구리시,일,중상,차대차,추돌,추돌,안전운전 의무 불이행,남,21-30세,승용차,상해없음,남,41-50세,승용차,중상,비사업용,승용차,승용차,사업용,렌터카,렌터카,고속국도,단일로,기타단일로,맑음,포장,건조,0,2,1,0
20181202,22시,인천,계양구,일,경상,차대차,기타,기타,기타,남,65세이상,승용차,상해없음,남,21-30세,승용차,경상,사업용,택시,개인택시,비사업용,승용차,승용차,고속국도,단일로,교량위,맑음,포장,건조,0,0,2,0
20181203,01시,충남,천안시,월,사망,차대차,추돌,추돌,안전운전 의무 불이행,남,31-40세,승용차,사망,남,51-60세,승용차,경상,비사업용,승용차,승용차,비사업용,승용차,승용차,고속국도,단일로,기타단일로,흐림,포장,건조,1,0,3,0
20181203,05시,경기,시흥시,월,부상신고,차대차,추돌,추돌,안전운전 의무 불이행,남,41-50세,승합차,부상신고,여,51-60세,승합차,부상신고,사업용,노선버스,시내버스,사업용,노선버스,고속버스,고속국도,단일로,교량위,비,포장,젖음/습기,0,0,0,4
20181203,05시,경북,칠곡군,월,중상,차대차,추돌,추돌,안전운전 의무 불이행,남,41-50세,화물차,상해없음,여,21-30세,승용차,경상,사업용,화물차,화물차,비사업용,승용차,승용차,고속국도,단일로,기타단일로,맑음,포장,건조,0,2,2,0
20181203,10시,충남,보령시,월,중상,차대차,추돌,추돌,안전운전 의무 불이행,남,51-60세,특수차,중상,남,51-60세,특수차,중상,사업용,화물차,화물차,사업용,화물차,화물차,고속국도,단일로,기타단일로,비,포장,젖음/습기,0,2,0,0
20181203,14시,경기,용인시,월,경상,차대차,기타,기타,안전운전 의무 불이행,남,41-50세,화물차,기타불명,남,61-64세,화물차,경상,비사업용,화물차,화물차,사업용,화물차,화물차,고속국도,단일로,기타단일로,비,포장,젖음/습기,0,0,1,0
20181203,15시,경기,시흥시,월,경상,차대차,측면충돌,측면충돌,기타,남,51-60세,특수차,상해없음,남,31-40세,특수차,경상,사업용,화물차,화물차,비사업용,화물차,화물차,고속국도,단일로,기타단일로,비,포장,젖음/습기,0,0,1,0
20181204,00시,경기,성남시,화,중상,차량단독,공작물충돌,공작물충돌,과속,남,41-50세,승용차,상해없음,없음,불명,없음,없음,사업용,택시,법인택시,없음,없음,없음,고속국도,단일로,기타단일로,흐림,포장,젖음/습기,0,1,0,0
20181204,03시,경북,칠곡군,화,사망,차대차,기타,기타,안전운전 의무 불이행,남,51-60세,특수차,상해없음,남,31-40세,화물차,사망,사업용,위험물운송,위험물운송,사업용,화물차,화물차,고속국도,단일로,기타단일로,비,포장,젖음/습기,1,0,0,0
20181204,06시,경기,시흥시,화,중상,차대차,추돌,추돌,안전운전 의무 불이행,남,41-50세,화물차,상해없음,여,31-40세,승용차,중상,비사업용,화물차,화물차,비사업용,승용차,승용차,고속국도,단일로,기타단일로,비,포장,젖음/습기,0,1,0,0
20181204,06시,충북,옥천군,화,중상,차대차,추돌,추돌,안전운전 의무 불이행,남,41-50세,승용차,상해없음,남,51-60세,화물차,중상,비사업용,승용차,승용차,비사업용,화물차,화물차,고속국도,단일로,기타단일로,비,포장,젖음/습기,0,2,3,0
20181204,08시,부산,기장군,화,경상,차대차,측면충돌,측면충돌,안전운전 의무 불이행,남,41-50세,승용차,상해없음,남,41-50세,승용차,경상,사업용,택시,법인택시,비사업용,승용차,승용차,고속국도,단일로,기타단일로,비,포장,젖음/습기,0,0,2,0
20181204,08시,인천,부평구,화,경상,차대차,추돌,추돌,안전운전 의무 불이행,여,31-40세,승용차,상해없음,남,21-30세,승용차,경상,비사업용,승용차,승용차,비사업용,승용차,승용차,고속국도,단일로,교량위,맑음,포장,건조,0,0,1,0
20181204,08시,충북,청주시,화,경상,차대차,기타,기타,안전운전 의무 불이행,남,51-60세,화물차,경상,남,21-30세,화물차,경상,사업용,화물차,화물차,비사업용,화물차,화물차,고속국도,단일로,기타단일로,비,포장,젖음/습기,0,0,3,0
20181204,08시,충북,충주시,화,중상,차대차,기타,기타,안전거리 미확보,남,21-30세,승합차,상해없음,여,41-50세,승용차,경상,비사업용,버스,버스,비사업용,승용차,승용차,고속국도,단일로,기타단일로,비,포장,젖음/습기,0,1,2,0
20181204,09시,경기,성남시,화,경상,차대차,측면충돌,측면충돌,안전거리 미확보,남,51-60세,건설기계,상해없음,남,31-40세,승용차,경상,사업용,기타/건설기계,기타/건설기계,비사업용,승용차,승용차,고속국도,단일로,기타단일로,비,포장,젖음/습기,0,0,2,0
20181204,10시,경기,용인시,화,부상신고,차대차,추돌,추돌,안전운전 의무 불이행,남,21-30세,승용차,상해없음,남,65세이상,승용차,부상신고,비사업용,승용차,승용차,비사업용,승용차,승용차,고속국도,단일로,기타단일로,흐림,포장,젖음/습기,0,0,0,3
20181204,15시,경기,평택시,화,중상,차대차,추돌,추돌,안전운전 의무 불이행,남,41-50세,화물차,상해없음,여,51-60세,승용차,경상,비사업용,화물차,화물차,비사업용,승용차,승용차,고속국도,단일로,기타단일로,흐림,포장,건조,0,1,2,0
20181204,19시,경기,시흥시,화,경상,차대차,측면충돌,측면충돌,안전거리 미확보,남,41-50세,승합차,상해없음,남,51-60세,승용차,상해없음,사업용,노선버스,시외버스,비사업용,승용차,승용차,고속국도,단일로,기타단일로,맑음,포장,건조,0,0,2,0
20181204,21시,경기,의정부시,화,부상신고,차대차,측면충돌,측면충돌,안전운전 의무 불이행,남,41-50세,화물차,상해없음,남,65세이상,화물차,상해없음,비사업용,화물차,화물차,사업용,화물차,화물차,고속국도,단일로,기타단일로,맑음,포장,건조,0,0,0,3
20181205,02시,경기,용인시,수,경상,차대차,측면충돌,측면충돌,안전운전 의무 불이행,남,21-30세,승용차,상해없음,남,31-40세,화물차,경상,비사업용,승용차,승용차,사업용,화물차,화물차,고속국도,단일로,기타단일로,맑음,포장,건조,0,0,1,0
20181205,03시,경기,구리시,수,경상,차대차,측면충돌,측면충돌,안전거리 미확보,남,51-60세,승용차,상해없음,남,41-50세,승용차,경상,비사업용,승용차,승용차,사업용,택시,법인택시,고속국도,단일로,기타단일로,맑음,포장,건조,0,0,2,0
20181205,05시,경기,군포시,수,경상,차대차,추돌,추돌,안전운전 의무 불이행,남,31-40세,승용차,상해없음,남,31-40세,승용차,경상,비사업용,승용차,승용차,비사업용,승용차,승용차,고속국도,단일로,기타단일로,맑음,포장,건조,0,0,1,0
20181205,17시,강원,강릉시,수,경상,차대차,추돌,추돌,안전운전 의무 불이행,남,65세이상,승용차,상해없음,남,31-40세,화물차,경상,비사업용,승용차,승용차,비사업용,화물차,화물차,고속국도,단일로,기타단일로,맑음,포장,건조,0,0,1,0
20181205,18시,경남,김해시,수,경상,차대차,추돌,추돌,안전운전 의무 불이행,여,51-60세,승용차,상해없음,여,51-60세,승용차,경상,비사업용,승용차,승용차,비사업용,승용차,승용차,고속국도,단일로,기타단일로,맑음,포장,건조,0,0,1,0
20181205,18시,광주,광산구,수,경상,차대차,추돌,추돌,안전운전 의무 불이행,남,20세이하,승용차,상해없음,여,41-50세,승용차,경상,사업용,렌터카,렌터카,비사업용,승용차,승용차,고속국도,단일로,기타단일로,맑음,포장,건조,0,0,2,0