발생일,발생시간,발생지_시도,발생지_시군구,요일,사고내용,사고유형_대분류,사고유형_중분류,사고유형,가해자법규위반,가해자성별,가해자연령,가해당사자종별,가해자신체상해정도,피해자성별,피해자연령,피해당사자종별,피해자신체상해정도,가해차량용도_대분류,가해차량용도_중분류,가해차량용도,피해차량용도_대분류,피해차량용도_중분류,피해차량용도,도로종류,도로형태_대분류,도로형태,기상상태,노면상태_대분류,노면상태,사망자수,중상자수,경상자수,부상신고자수
20190117,09시,경기,용인시,목,중상,차대차,측면충돌,측면충돌,안전거리 미확보,남,41-50세,승용차,상해없음,여,21-30세,승용차,중상,사업용,렌터카,렌터카,비사업용,승용차,승용차,고속국도,단일로,기타단일로,눈,포장,서리/결빙,0,1,0,0
20190117,10시,경남,김해시,목,경상,차대차,추돌,추돌,안전운전 의무 불이행,남,21-30세,승용차,경상,여,41-50세,승용차,경상,비사업용,승용차,승용차,비사업용,승용차,승용차,고속국도,단일로,기타단일로,맑음,포장,건조,0,0,2,1
20190117,13시,경기,하남시,목,경상,차대차,추돌,추돌,안전거리 미확보,남,41-50세,승용차,경상,남,51-60세,승용차,상해없음,비사업용,승용차,승용차,비사업용,승용차,승용차,고속국도,단일로,터널안,맑음,포장,건조,0,0,3,0
20190117,18시,부산,강서구,목,중상,차대차,추돌,추돌,안전운전 의무 불이행,남,65세이상,승용차,상해없음,남,21-30세,승용차,중상,비사업용,승용차,승용차,비사업용,승용차,승용차,고속국도,단일로,기타단일로,맑음,포장,건조,0,1,0,0
20190117,22시,경기,안산시,목,경상,차대차,기타,기타,안전운전 의무 불이행,남,31-40세,승합차,상해없음,남,31-40세,승용차,경상,비사업용,버스,버스,비사업용,승용차,승용차,고속국도,단일로,기타단일로,맑음,포장,건조,0,0,1,0
20190118,00시,서울,서초구,금,중상,차대차,기타,기타,안전운전 의무 불이행,남,31-40세,승용차,상해없음,남,65세이상,승용차,중상,사업용,렌터카,렌터카,사업용,택시,개인택시,고속국도,단일로,기타단일로,맑음,포장,건조,0,1,0,0
20190118,01시,경남,창녕군,금,경상,차대차,기타,기타,안전운전 의무 불이행,남,31-40세,화물차,상해없음,남,31-40세,승용차,기타불명,비사업용,화물차,화물차,비사업용,승용차,승용차,고속국도,단일로,교량위,맑음,포장,건조,0,0,1,0
20190118,08시,경기,시흥시,금,부상신고,차대차,기타,기타,안전운전 의무 불이행,남,31-40세,승용차,상해없음,남,21-30세,승용차,부상신고,비사업용,승용차,승용차,비사업용,승용차,승용차,고속국도,단일로,기타단일로,맑음,포장,건조,0,0,0,2
20190118,08시,서울,강동구,금,경상,차대차,기타,기타,안전운전 의무 불이행,남,51-60세,특수차,상해없음,남,31-40세,승용차,경상,사업용,화물차,화물차,사업용,렌터카,렌터카,고속국도,단일로,기타단일로,맑음,포장,건조,0,0,1,0
20190118,10시,인천,서구,금,중상,차대차,추돌,추돌,안전운전 의무 불이행,남,21-30세,화물차,상해없음,여,31-40세,승용차,중상,비사업용,화물차,화물차,비사업용,승용차,승용차,고속국도,단일로,교량위,맑음,포장,건조,0,1,2,1
20190118,13시,인천,부평구,금,경상,차대차,측면충돌,측면충돌,안전거리 미확보,남,31-40세,화물차,기타불명,여,51-60세,승용차,경상,비사업용,화물차,화물차,비사업용,승용차,승용차,고속국도,단일로,교량위,맑음,포장,건조,0,0,1,0
20190118,15시,경북,영천시,금,중상,차대차,추돌,추돌,안전거리 미확보,남,51-60세,승용차,상해없음,남,31-40세,화물차,중상,비사업용,승용차,승용차,비사업용,화물차,화물차,고속국도,단일로,기타단일로,맑음,포장,건조,0,1,0,0
20190118,19시,경기,부천시,금,경상,차대차,기타,기타,기타,기타불명,불명,불명,기타불명,남,21-30세,승용차,경상,불명,불명,불명,비사업용,승용차,승용차,고속국도,단일로,교량위,맑음,포장,건조,0,0,2,0
20190118,19시,경기,화성시,금,경상,차대차,측면충돌,측면충돌,기타,남,20세이하,승용차,상해없음,남,31-40세,승용차,경상,비사업용,승용차,승용차,비사업용,승용차,승용차,고속국도,단일로,교량위,맑음,포장,건조,0,0,1,0
20190118,21시,충남,예산군,금,경상,차대차,측면충돌,측면충돌,안전운전 의무 불이행,남,21-30세,승용차,상해없음,남,51-60세,화물차,경상,비사업용,승용차,승용차,사업용,화물차,화물차,고속국도,단일로,기타단일로,맑음,포장,건조,0,0,1,0
20190119,03시,경기,안산시,토,중상,차량단독,공작물충돌,공작물충돌,안전운전 의무 불이행,남,21-30세,승용차,상해없음,없음,없음,없음,없음,비사업용,승용차,승용차,없음,없음,없음,고속국도,단일로,터널안,맑음,포장,건조,0,1,0,0
20190119,08시,충북,청주시,토,중상,차대차,기타,기타,안전운전 의무 불이행,남,51-60세,화물차,상해없음,여,41-50세,승용차,중상,비사업용,화물차,화물차,비사업용,승용차,승용차,고속국도,단일로,기타단일로,맑음,포장,건조,0,1,2,0
20190119,09시,경기,남양주시,토,중상,차대차,기타,기타,안전운전 의무 불이행,기타불명,불명,불명,기타불명,기타불명,불명,불명,기타불명,불명,불명,불명,불명,불명,불명,고속국도,기타,기타,맑음,포장,건조,0,1,0,0
20190119,12시,경남,창원시,토,경상,차대차,측면충돌,측면충돌,기타,남,51-60세,승용차,상해없음,남,21-30세,승용차,경상,비사업용,승용차,승용차,비사업용,승용차,승용차,고속국도,단일로,기타단일로,맑음,포장,건조,0,0,2,0
20190119,13시,광주,북구,토,경상,차대차,측면충돌,측면충돌,안전운전 의무 불이행,남,31-40세,승용차,상해없음,남,31-40세,승용차,경상,비사업용,승용차,승용차,비사업용,승용차,승용차,고속국도,단일로,기타단일로,맑음,포장,건조,0,0,3,0
20190119,15시,경기,성남시,토,경상,차대차,추돌,추돌,안전운전 의무 불이행,남,31-40세,승용차,상해없음,남,61-64세,화물차,경상,비사업용,승용차,승용차,비사업용,화물차,화물차,고속국도,단일로,기타단일로,맑음,포장,건조,0,0,1,0
20190119,19시,서울,강동구,토,경상,차대차,추돌,추돌,안전운전 의무 불이행,남,21-30세,승합차,상해없음,남,31-40세,승용차,경상,비사업용,기타/건설기계,기타/건설기계,비사업용,승용차,승용차,고속국도,단일로,기타단일로,맑음,포장,건조,0,0,2,0
20190119,20시,경기,오산시,토,경상,차대차,측면충돌,측면충돌,안전운전 의무 불이행,남,51-60세,화물차,상해없음,남,41-50세,승용차,경상,사업용,화물차,화물차,비사업용,승용차,승용차,고속국도,단일로,기타단일로,맑음,포장,건조,0,0,1,0
20190119,21시,경기,부천시,토,경상,차대차,추돌,추돌,안전거리 미확보,남,65세이상,승용차,상해없음,남,21-30세,승용차,상해없음,사업용,택시,법인택시,비사업용,승용차,승용차,고속국도,단일로,교량위,맑음,포장,건조,0,0,1,0
20190120,01시,인천,부평구,일,부상신고,차대차,기타,기타,안전거리 미확보,남,41-50세,승용차,기타불명,남,41-50세,승용차,부상신고,비사업용,승용차,승용차,사업용,택시,법인택시,고속국도,단일로,교량위,맑음,포장,건조,0,0,0,1
20190120,06시,서울,양천구,일,경상,차대차,측면충돌,측면충돌,안전운전 의무 불이행,남,21-30세,승용차,상해없음,남,51-60세,화물차,경상,비사업용,승용차,승용차,사업용,화물차,화물차,고속국도,단일로,교량위,맑음,포장,건조,0,0,1,0
20190120,10시,강원,횡성군,일,경상,차대차,기타,기타,안전운전 의무 불이행,여,51-60세,승용차,상해없음,여,31-40세,승용차,경상,비사업용,승용차,승용차,비사업용,승용차,승용차,고속국도,기타,기타,맑음,포장,건조,0,0,2,0
20190120,12시,경기,의왕시,일,경상,차대차,기타,기타,안전운전 의무 불이행,남,21-30세,승용차,상해없음,남,31-40세,승용차,경상,비사업용,승용차,승용차,비사업용,승용차,승용차,고속국도,단일로,기타단일로,맑음,포장,건조,0,0,1,0
20190120,14시,경기,안성시,일,경상,차대차,측면충돌,측면충돌,안전거리 미확보,남,51-60세,화물차,상해없음,남,31-40세,승용차,경상,비사업용,화물차,화물차,비사업용,승용차,승용차,고속국도,단일로,기타단일로,맑음,포장,건조,0,0,1,0
20190120,17시,경기,시흥시,일,중상,차대차,추돌,추돌,안전거리 미확보,여,41-50세,승용차,기타불명,남,41-50세,승용차,중상,비사업용,승용차,승용차,비사업용,승용차,승용차,고속국도,단일로,기타단일로,맑음,포장,건조,0,1,0,0
20190120,20시,충북,음성군,일,경상,차대차,기타,기타,안전거리 미확보,남,21-30세,승용차,경상,여,41-50세,승용차,경상,비사업용,승용차,승용차,비사업용,승용차,승용차,고속국도,단일로,기타단일로,맑음,포장,건조,0,0,5,0
20190120,20시,충북,충주시,일,경상,차대차,기타,기타,안전운전 의무 불이행,남,51-60세,승합차,상해없음,남,21-30세,승용차,경상,사업용,전세버스,전세버스,비사업용,승용차,승용차,고속국도,기타,기타,맑음,포장,건조,0,0,2,0
20190120,23시,경남,함양군,일,사망,차대차,기타,기타,안전운전 의무 불이행,여,31-40세,승용차,경상,남,51-60세,화물차,상해없음,비사업용,승용차,승용차,사업용,화물차,화물차,고속국도,단일로,기타단일로,맑음,포장,건조,1,1,6,0
20190121,01시,인천,부평구,월,중상,차대차,측면충돌,측면충돌,기타,남,31-40세,승용차,상해없음,남,61-64세,승용차,중상,비사업용,승용차,승용차,비사업용,승용차,승용차,고속국도,단일로,교량위,맑음,포장,건조,0,1,0,0
20190121,02시,경기,안양시,월,경상,차대차,측면충돌,측면충돌,기타,남,21-30세,특수차,상해없음,남,51-60세,승용차,경상,사업용,화물차,화물차,비사업용,승용차,승용차,고속국도,단일로,교량위,맑음,포장,건조,0,0,1,0
20190121,07시,충남,공주시,월,중상,차대차,기타,기타,안전거리 미확보,남,61-64세,승용차,상해없음,남,31-40세,승용차,상해없음,비사업용,승용차,승용차,비사업용,승용차,승용차,고속국도,단일로,기타단일로,흐림,포장,건조,0,1,0,0
20190121,08시,경기,안산시,월,경상,차대차,추돌,추돌,안전운전 의무 불이행,남,21-30세,승용차,상해없음,남,51-60세,승용차,경상,비사업용,승용차,승용차,사업용,렌터카,렌터카,고속국도,단일로,교량위,맑음,포장,건조,0,0,1,0
20190121,08시,서울,송파구,월,경상,차대차,추돌,추돌,안전거리 미확보,여,31-40세,승용차,상해없음,여,41-50세,승용차,경상,비사업용,승용차,승용차,비사업용,승용차,승용차,고속국도,단일로,기타단일로,맑음,포장,건조,0,0,2,0
20190121,15시,경남,함양군,월,중상,차대차,측면충돌,측면충돌,과속,남,65세이상,승용차,중상,남,51-60세,승용차,상해없음,비사업용,승용차,승용차,비사업용,승용차,승용차,고속국도,단일로,기타단일로,맑음,포장,건조,0,3,1,0
20190121,18시,경북,칠곡군,월,경상,차대차,추돌,추돌,안전운전 의무 불이행,남,51-60세,화물차,상해없음,남,51-60세,화물차,상해없음,사업용,화물차,화물차,사업용,화물차,화물차,고속국도,단일로,기타단일로,맑음,포장,건조,0,0,2,0
20190121,19시,전남,광양시,월,중상,차대차,기타,기타,안전거리 미확보,여,51-60세,승용차,상해없음,남,31-40세,특수차,중상,비사업용,승용차,승용차,사업용,화물차,화물차,고속국도,교차로,교차로내,맑음,포장,건조,0,1,0,0
20190121,22시,경기,하남시,월,경상,차대차,측면충돌,측면충돌,신호위반,남,51-60세,화물차,상해없음,남,21-30세,승용차,경상,비사업용,화물차,화물차,비사업용,승용차,승용차,고속국도,단일로,기타단일로,맑음,포장,건조,0,0,1,0
20190122,00시,인천,계양구,화,중상,차대차,추돌,추돌,안전거리 미확보,남,41-50세,승용차,상해없음,남,31-40세,화물차,중상,사업용,렌터카,렌터카,비사업용,화물차,화물차,고속국도,단일로,교량위,맑음,포장,건조,0,1,0,0
20190122,04시,경기,남양주시,화,경상,차대차,추돌,추돌,안전운전 의무 불이행,남,31-40세,화물차,경상,남,51-60세,화물차,상해없음,비사업용,화물차,화물차,비사업용,화물차,화물차,고속국도,단일로,기타단일로,맑음,포장,건조,0,0,1,0
20190122,05시,경기,성남시,화,경상,차대차,추돌,추돌,안전운전 의무 불이행,남,41-50세,화물차,상해없음,남,41-50세,화물차,상해없음,사업용,화물차,화물차,사업용,화물차,화물차,고속국도,단일로,기타단일로,안개,포장,젖음/습기,0,0,2,0
20190122,06시,광주,광산구,화,경상,차대차,추돌,추돌,안전운전 의무 불이행,남,31-40세,특수차,상해없음,남,61-64세,화물차,경상,사업용,화물차,화물차,비사업용,화물차,화물차,고속국도,단일로,기타단일로,맑음,포장,건조,0,0,1,0
20190122,10시,경기,성남시,화,부상신고,차대차,기타,기타,안전운전 의무 불이행,남,41-50세,승용차,상해없음,남,31-40세,승용차,부상신고,비사업용,승용차,승용차,비사업용,승용차,승용차,고속국도,단일로,기타단일로,맑음,포장,건조,0,0,0,1
20190122,12시,경기,양평군,화,중상,차대차,기타,기타,안전운전 의무 불이행,남,31-40세,승용차,상해없음,여,41-50세,승용차,중상,비사업용,승용차,승용차,비사업용,승용차,승용차,고속국도,단일로,기타단일로,맑음,포장,건조,0,1,0,0
20190122,12시,경기,용인시,화,경상,차대차,기타,기타,안전운전 의무 불이행,남,41-50세,화물차,상해없음,여,31-40세,화물차,경상,사업용,화물차,화물차,비사업용,화물차,화물차,고속국도,단일로,기타단일로,맑음,포장,건조,0,0,1,0
20190122,13시,경기,남양주시,화,부상신고,차대차,측면충돌,측면충돌,안전거리 미확보,기타불명,불명,불명,기타불명,남,65세이상,승용차,부상신고,불명,불명,불명,비사업용,승용차,승용차,고속국도,단일로,기타단일로,맑음,포장,건조,0,0,0,3
20190122,14시,경기,하남시,화,경상,차대차,추돌,추돌,안전운전 의무 불이행,여,31-40세,승용차,상해없음,여,41-50세,승용차,경상,비사업용,승용차,승용차,비사업용,승용차,승용차,고속국도,단일로,기타단일로,맑음,포장,건조,0,0,4,0
20190122,16시,경기,부천시,화,경상,차대차,측면충돌,측면충돌,안전운전 의무 불이행,남,21-30세,승용차,상해없음,남,31-40세,승용차,경상,비사업용,승용차,승용차,사업용,렌터카,렌터카,고속국도,단일로,기타단일로,맑음,포장,건조,0,0,1,0
20190123,03시,경기,안성시,수,경상,차대차,추돌,추돌,안전운전 의무 불이행,남,31-40세,화물차,부상신고,남,65세이상,화물차,경상,사업용,화물차,화물차,사업용,화물차,화물차,고속국도,단일로,기타단일로,맑음,포장,건조,0,0,1,1
20190123,07시,경기,안성시,수,경상,차대차,측면충돌,측면충돌,안전운전 의무 불이행,남,21-30세,특수차,상해없음,남,21-30세,승용차,경상,사업용,화물차,화물차,비사업용,승용차,승용차,고속국도,단일로,기타단일로,맑음,포장,건조,0,0,1,0
20190123,08시,경기,구리시,수,경상,차대차,기타,기타,안전운전 의무 불이행,여,41-50세,승용차,경상,남,65세이상,화물차,상해없음,비사업용,승용차,승용차,사업용,화물차,화물차,고속국도,단일로,기타단일로,맑음,포장,서리/결빙,0,0,1,0
20190123,08시,경기,용인시,수,경상,차대차,측면충돌,측면충돌,안전운전 의무 불이행,남,65세이상,승용차,상해없음,남,51-60세,승용차,부상신고,비사업용,승용차,승용차,비사업용,승용차,승용차,고속국도,단일로,기타단일로,맑음,포장,건조,0,0,3,5
20190123,08시,경북,칠곡군,수,중상,차량단독,전도,전도,안전운전 의무 불이행,남,41-50세,화물차,상해없음,없음,없음,없음,없음,사업용,화물차,화물차,없음,없음,없음,고속국도,단일로,기타단일로,맑음,포장,건조,0,1,0,0
20190123,08시,서울,송파구,수,경상,차대차,측면충돌,측면충돌,안전운전 의무 불이행,남,31-40세,승용차,상해없음,남,21-30세,승용차,상해없음,사업용,렌터카,렌터카,비사업용,승용차,승용차,고속국도,단일로,기타단일로,맑음,포장,건조,0,0,1,0
20190123,09시,경기,수원시,수,경상,차대차,기타,기타,안전운전 의무 불이행,남,31-40세,승용차,상해없음,남,31-40세,승용차,경상,비사업용,승용차,승용차,비사업용,승용차,승용차,고속국도,단일로,기타단일로,맑음,포장,젖음/습기,0,0,1,0
20190123,18시,경기,성남시,수,경상,차대차,기타,기타,안전운전 의무 불이행,남,41-50세,승용차,상해없음,남,51-60세,승용차,경상,비사업용,승용차,승용차,비사업용,승용차,승용차,고속국도,단일로,기타단일로,맑음,포장,건조,0,0,1,0
20190123,22시,경기,안성시,수,경상,차대차,측면충돌,측면충돌,안전거리 미확보,남,51-60세,화물차,상해없음,남,65세이상,승용차,경상,사업용,화물차,화물차,사업용,렌터카,렌터카,고속국도,단일로,기타단일로,맑음,포장,건조,0,0,1,0
20190123,23시,경기,부천시,수,경상,차대차,추돌,추돌,안전운전 의무 불이행,남,21-30세,승용차,상해없음,남,31-40세,승용차,경상,비사업용,승용차,승용차,비사업용,승용차,승용차,고속국도,단일로,교량위,맑음,포장,건조,0,0,2,0
20190124,01시,경북,문경시,목,중상,차대차,추돌,추돌,안전운전 의무 불이행,남,51-60세,화물차,상해없음,남,51-60세,화물차,경상,사업용,화물차,화물차,사업용,화물차,화물차,고속국도,단일로,기타단일로,맑음,포장,건조,0,1,1,0
20190124,07시,경기,오산시,목,경상,차대차,측면충돌,측면충돌,안전거리 미확보,남,65세이상,승용차,상해없음,남,31-40세,승용차,경상,비사업용,승용차,승용차,비사업용,승용차,승용차,고속국도,교차로,교차로부근,맑음,포장,건조,0,0,1,0
20190124,12시,경기,의왕시,목,경상,차대차,기타,기타,안전운전 의무 불이행,남,51-60세,승용차,상해없음,남,21-30세,승용차,경상,비사업용,승용차,승용차,비사업용,승용차,승용차,고속국도,단일로,기타단일로,맑음,포장,건조,0,0,2,0
20190124,20시,경기,부천시,목,경상,차대차,측면충돌,측면충돌,안전거리 미확보,여,21-30세,승용차,경상,남,51-60세,화물차,상해없음,비사업용,승용차,승용차,사업용,화물차,화물차,고속국도,단일로,교량위,맑음,포장,건조,0,0,1,0
20190124,20시,경기,이천시,목,경상,차대차,기타,기타,안전거리 미확보,남,51-60세,승용차,상해없음,남,51-60세,승용차,경상,비사업용,승용차,승용차,비사업용,승용차,승용차,고속국도,단일로,기타단일로,맑음,포장,건조,0,0,1,0
20190125,02시,경북,영천시,금,사망,차량단독,공작물충돌,공작물충돌,안전운전 의무 불이행,남,41-50세,승용차,사망,없음,없음,없음,없음,사업용,렌터카,렌터카,없음,없음,없음,고속국도,단일로,기타단일로,맑음,포장,건조,1,0,0,0
20190125,02시,대구,달성군,금,사망,차대차,추돌,추돌,안전운전 의무 불이행,여,41-50세,승용차,경상,남,65세이상,화물차,상해없음,비사업용,승용차,승용차,사업용,화물차,화물차,고속국도,단일로,기타단일로,맑음,포장,건조,1,1,2,0
20190125,04시,경기,여주시,금,중상,차대차,추돌,추돌,안전운전 의무 불이행,남,51-60세,승합차,상해없음,남,61-64세,화물차,중상,비사업용,버스,버스,사업용,화물차,화물차,고속국도,기타,기타,맑음,포장,건조,0,5,4,8
20190125,06시,경기,용인시,금,경상,차대차,추돌,추돌,안전운전 의무 불이행,남,21-30세,승용차,상해없음,남,21-30세,화물차,경상,비사업용,승용차,승용차,비사업용,화물차,화물차,고속국도,단일로,기타단일로,맑음,포장,건조,0,0,1,0
20190125,13시,경기,성남시,금,경상,차대차,기타,기타,안전운전 의무 불이행,여,21-30세,승용차,상해없음,남,65세이상,승용차,경상,사업용,렌터카,렌터카,비사업용,승용차,승용차,고속국도,단일로,기타단일로,맑음,포장,건조,0,0,1,1
20190125,14시,경남,양산시,금,중상,차대차,측면충돌,측면충돌,안전거리 미확보,남,41-50세,화물차,상해없음,여,61-64세,승용차,중상,사업용,화물차,화물차,비사업용,승용차,승용차,고속국도,단일로,기타단일로,맑음,포장,건조,0,1,0,0
20190125,16시,경기,수원시,금,중상,차대차,추돌,추돌,안전운전 의무 불이행,남,41-50세,승용차,상해없음,남,61-64세,승용차,중상,비사업용,승용차,승용차,비사업용,승용차,승용차,고속국도,단일로,기타단일로,맑음,포장,건조,0,1,0,0
20190125,16시,경기,평택시,금,중상,차대차,추돌,추돌,안전운전 의무 불이행,남,41-50세,화물차,상해없음,남,31-40세,화물차,중상,사업용,화물차,화물차,비사업용,화물차,화물차,고속국도,단일로,기타단일로,맑음,포장,건조,0,1,7,1
20190125,17시,경기,화성시,금,경상,차대차,기타,기타,안전운전 의무 불이행,남,51-60세,화물차,경상,남,41-50세,승용차,부상신고,사업용,화물차,화물차,비사업용,승용차,승용차,고속국도,단일로,기타단일로,맑음,포장,건조,0,0,1,1
20190125,20시,경기,하남시,금,중상,차대차,추돌,추돌,안전운전 의무 불이행,여,61-64세,승용차,중상,남,21-30세,승용차,경상,비사업용,승용차,승용차,사업용,렌터카,렌터카,고속국도,단일로,기타단일로,맑음,포장,건조,0,2,1,0
20190125,20시,충북,진천군,금,경상,차대차,추돌,추돌,안전운전 의무 불이행,남,21-30세,승용차,상해없음,남,41-50세,승용차,경상,비사업용,승용차,승용차,비사업용,승용차,승용차,고속국도,단일로,기타단일로,맑음,포장,건조,0,0,1,0
20190125,23시,충북,괴산군,금,경상,차대차,기타,기타,안전운전 의무 불이행,남,41-50세,특수차,상해없음,남,51-60세,화물차,경상,사업용,화물차,화물차,사업용,화물차,화물차,고속국도,기타,기타,맑음,포장,건조,0,0,1,0
20190126,00시,경기,시흥시,토,경상,차대차,추돌,추돌,안전거리 미확보,여,31-40세,승용차,상해없음,기타불명,불명,불명,기타불명,비사업용,승용차,승용차,불명,불명,불명,고속국도,단일로,기타단일로,맑음,포장,건조,0,0,1,0
20190126,03시,대전,대덕구,토,경상,차대차,추돌,추돌,안전운전 의무 불이행,남,21-30세,승용차,상해없음,기타불명,불명,불명,기타불명,비사업용,승용차,승용차,불명,불명,불명,고속국도,단일로,기타단일로,맑음,포장,건조,0,0,2,0
20190126,10시,경남,창원시,토,경상,차대차,추돌,추돌,안전운전 의무 불이행,남,21-30세,승용차,상해없음,여,21-30세,승용차,경상,비사업용,승용차,승용차,비사업용,승용차,승용차,고속국도,단일로,터널안,맑음,포장,건조,0,0,4,0
20190126,10시,서울,서초구,토,중상,차대차,추돌,추돌,안전운전 의무 불이행,남,61-64세,승합차,상해없음,남,41-50세,승합차,상해없음,사업용,노선버스,시외버스,사업용,전세버스,전세버스,고속국도,단일로,기타단일로,맑음,포장,건조,0,3,13,0
20190126,11시,경기,성남시,토,경상,차대차,추돌,추돌,안전운전 의무 불이행,여,21-30세,승용차,상해없음,남,41-50세,승용차,경상,비사업용,승용차,승용차,비사업용,승용차,승용차,고속국도,단일로,기타단일로,맑음,포장,건조,0,0,4,0
20190126,14시,경기,용인시,토,경상,차대차,기타,기타,안전운전 의무 불이행,남,41-50세,승용차,상해없음,남,31-40세,승용차,경상,비사업용,승용차,승용차,비사업용,승용차,승용차,고속국도,단일로,기타단일로,맑음,포장,건조,0,0,2,0
20190126,14시,광주,북구,토,경상,차대차,기타,기타,기타,남,21-30세,승용차,상해없음,여,61-64세,승용차,상해없음,비사업용,승용차,승용차,비사업용,승용차,승용차,고속국도,단일로,기타단일로,맑음,포장,건조,0,0,2,0
20190126,16시,경기,용인시,토,중상,차대차,기타,기타,안전운전 의무 불이행,남,31-40세,승합차,상해없음,남,51-60세,승합차,상해없음,비사업용,기타/건설기계,기타/건설기계,사업용,전세버스,전세버스,고속국도,단일로,기타단일로,맑음,포장,건조,0,5,17,0
20190126,16시,경기,이천시,토,중상,차대차,추돌,추돌,안전거리 미확보,여,31-40세,승용차,상해없음,남,21-30세,승용차,중상,비사업용,승용차,승용차,비사업용,승용차,승용차,고속국도,단일로,기타단일로,맑음,포장,건조,0,1,1,0
20190126,17시,경북,영천시,토,중상,차대차,추돌,추돌,안전운전 의무 불이행,여,51-60세,승용차,상해없음,남,65세이상,승용차,경상,비사업용,승용차,승용차,비사업용,승용차,승용차,고속국도,단일로,기타단일로,맑음,포장,건조,0,3,2,0
20190126,18시,전남,순천시,토,경상,차대차,기타,기타,안전거리 미확보,남,65세이상,승용차,상해없음,여,41-50세,승용차,경상,사업용,택시,개인택시,비사업용,승용차,승용차,고속국도,단일로,기타단일로,맑음,포장,건조,0,0,2,0
20190126,20시,강원,춘천시,토,경상,차대차,추돌,추돌,안전거리 미확보,남,51-60세,승용차,상해없음,남,41-50세,승용차,경상,사업용,렌터카,렌터카,비사업용,승용차,승용차,고속국도,단일로,기타단일로,맑음,포장,건조,0,0,4,0
20190126,20시,충남,천안시,토,경상,차대차,측면충돌,측면충돌,기타,남,65세이상,승용차,기타불명,남,41-50세,승용차,경상,비사업용,승용차,승용차,비사업용,승용차,승용차,고속국도,단일로,기타단일로,맑음,포장,건조,0,0,1,0
20190127,00시,경기,안양시,일,경상,차대차,기타,기타,안전운전 의무 불이행,남,31-40세,승용차,상해없음,남,41-50세,승용차,경상,비사업용,승용차,승용차,비사업용,승용차,승용차,고속국도,단일로,기타단일로,맑음,포장,건조,0,0,3,1
20190127,01시,강원,평창군,일,경상,차대차,측면충돌,측면충돌,안전운전 의무 불이행,남,41-50세,승용차,상해없음,여,41-50세,승용차,경상,비사업용,승용차,승용차,비사업용,승용차,승용차,고속국도,단일로,기타단일로,맑음,포장,건조,0,0,2,0
20190127,11시,인천,부평구,일,경상,차대차,추돌,추돌,안전거리 미확보,남,21-30세,승용차,상해없음,남,61-64세,승용차,경상,비사업용,승용차,승용차,비사업용,승용차,승용차,고속국도,단일로,교량위,맑음,포장,건조,0,0,9,1
20190127,13시,경기,남양주시,일,경상,차대차,측면충돌,측면충돌,안전거리 미확보,남,51-60세,승용차,상해없음,남,31-40세,승합차,경상,비사업용,승용차,승용차,사업용,노선버스,고속버스,고속국도,단일로,기타단일로,맑음,포장,건조,0,0,4,1
20190127,13시,경기,안성시,일,중상,차대차,추돌,추돌,안전운전 의무 불이행,남,51-60세,승용차,상해없음,여,41-50세,승용차,중상,비사업용,승용차,승용차,비사업용,승용차,승용차,고속국도,단일로,기타단일로,맑음,포장,건조,0,1,0,0
20190127,16시,경기,용인시,일,경상,차대차,추돌,추돌,안전거리 미확보,남,31-40세,승용차,상해없음,남,41-50세,화물차,경상,비사업용,승용차,승용차,비사업용,화물차,화물차,고속국도,단일로,기타단일로,맑음,포장,건조,0,0,2,0
20190127,18시,경남,김해시,일,경상,차대차,추돌,추돌,안전운전 의무 불이행,남,31-40세,승용차,상해없음,남,31-40세,승용차,경상,비사업용,승용차,승용차,비사업용,승용차,승용차,고속국도,단일로,기타단일로,맑음,포장,건조,0,0,2,0
20190127,19시,경기,성남시,일,경상,차대차,측면충돌,측면충돌,안전거리 미확보,남,41-50세,화물차,기타불명,남,21-30세,승용차,경상,사업용,화물차,화물차,비사업용,승용차,승용차,고속국도,단일로,기타단일로,맑음,포장,건조,0,0,2,0
20190127,20시,충남,논산시,일,중상,차대차,기타,기타,안전운전 의무 불이행,남,31-40세,화물차,상해없음,남,21-30세,승용차,경상,비사업용,화물차,화물차,비사업용,승용차,승용차,고속국도,단일로,기타단일로,맑음,포장,건조,0,1,5,0
20190127,21시,인천,남동구,일,경상,차대차,측면충돌,측면충돌,기타,남,51-60세,승용차,상해없음,남,31-40세,승용차,경상,사업용,택시,법인택시,비사업용,승용차,승용차,고속국도,단일로,교량위,맑음,포장,건조,0,0,1,0
20190127,23시,경북,경산시,일,경상,차대사람,기타,기타,안전운전 의무 불이행,남,51-60세,승용차,상해없음,여,41-50세,보행자,경상,비사업용,승용차,승용차,보행자,보행자,보행자,고속국도,기타,기타,맑음,포장,건조,0,0,1,0
20190128,06시,충북,영동군,월,중상,차대차,기타,기타,안전운전 의무 불이행,남,41-50세,화물차,상해없음,남,41-50세,승용차,중상,사업용,화물차,화물차,비사업용,승용차,승용차,고속국도,단일로,기타단일로,맑음,포장,건조,0,3,0,0
20190128,09시,경남,김해시,월,중상,차대차,추돌,추돌,안전운전 의무 불이행,남,65세이상,특수차,중상,남,51-60세,화물차,경상,사업용,화물차,화물차,사업용,화물차,화물차,고속국도,단일로,기타단일로,맑음,포장,건조,0,1,5,0