발생일,발생시간,발생지_시도,발생지_시군구,요일,사고내용,사고유형_대분류,사고유형_중분류,사고유형,가해자법규위반,가해자성별,가해자연령,가해당사자종별,가해자신체상해정도,피해자성별,피해자연령,피해당사자종별,피해자신체상해정도,가해차량용도_대분류,가해차량용도_중분류,가해차량용도,피해차량용도_대분류,피해차량용도_중분류,피해차량용도,도로종류,도로형태_대분류,도로형태,기상상태,노면상태_대분류,노면상태,사망자수,중상자수,경상자수,부상신고자수
20190303,06시,전남,나주시,일,중상,차대차,추돌,추돌,안전운전 의무 불이행,남,21-30세,승용차,상해없음,남,41-50세,화물차,중상,사업용,렌터카,렌터카,사업용,화물차,화물차,고속국도,단일로,터널안,맑음,포장,건조,0,1,0,0
20190303,09시,경남,김해시,일,중상,차대차,추돌,추돌,안전운전 의무 불이행,남,51-60세,승용차,상해없음,남,51-60세,승용차,경상,비사업용,승용차,승용차,비사업용,승용차,승용차,고속국도,단일로,기타단일로,맑음,포장,건조,0,1,1,0
20190303,13시,경기,하남시,일,경상,차대차,측면충돌,측면충돌,안전거리 미확보,남,21-30세,승용차,상해없음,남,31-40세,승용차,경상,비사업용,승용차,승용차,비사업용,승용차,승용차,고속국도,단일로,기타단일로,맑음,포장,건조,0,0,2,0
20190303,13시,대전,대덕구,일,경상,차대차,측면충돌,측면충돌,안전거리 미확보,남,51-60세,승용차,상해없음,남,41-50세,승용차,상해없음,비사업용,승용차,승용차,비사업용,승용차,승용차,고속국도,단일로,기타단일로,맑음,포장,건조,0,0,1,0
20190303,14시,충남,천안시,일,경상,차대차,기타,기타,신호위반,여,41-50세,승용차,상해없음,남,31-40세,승용차,상해없음,비사업용,승용차,승용차,비사업용,승용차,승용차,고속국도,단일로,기타단일로,맑음,포장,건조,0,0,1,0
20190303,17시,경기,오산시,일,부상신고,차대차,측면충돌,측면충돌,안전거리 미확보,남,31-40세,승용차,상해없음,여,51-60세,승용차,부상신고,사업용,렌터카,렌터카,비사업용,승용차,승용차,고속국도,단일로,기타단일로,맑음,포장,건조,0,0,0,1
20190303,19시,경기,여주시,일,경상,차대차,추돌,추돌,안전거리 미확보,남,41-50세,승용차,상해없음,남,21-30세,승용차,경상,사업용,택시,법인택시,비사업용,승용차,승용차,고속국도,단일로,기타단일로,맑음,포장,건조,0,0,2,0
20190304,03시,인천,부평구,월,경상,차대차,측면충돌,측면충돌,안전운전 의무 불이행,남,41-50세,승용차,상해없음,남,21-30세,화물차,경상,비사업용,승용차,승용차,비사업용,화물차,화물차,고속국도,단일로,교량위,맑음,포장,건조,0,0,1,0
20190304,05시,충남,공주시,월,중상,차대차,추돌,추돌,안전운전 의무 불이행,남,41-50세,화물차,중상,남,51-60세,화물차,경상,비사업용,화물차,화물차,비사업용,화물차,화물차,고속국도,단일로,기타단일로,맑음,포장,건조,0,2,1,0
20190304,05시,충북,영동군,월,중상,차대차,추돌,추돌,안전운전 의무 불이행,남,41-50세,승용차,상해없음,남,21-30세,승용차,기타불명,비사업용,승용차,승용차,비사업용,승용차,승용차,고속국도,단일로,기타단일로,맑음,포장,건조,0,2,0,0
20190304,08시,경기,용인시,월,경상,차대차,기타,기타,안전운전 의무 불이행,남,65세이상,승합차,상해없음,남,51-60세,승용차,경상,사업용,전세버스,전세버스,비사업용,승용차,승용차,고속국도,단일로,기타단일로,맑음,포장,건조,0,0,1,0
20190304,08시,경남,김해시,월,경상,차대차,추돌,추돌,안전운전 의무 불이행,남,41-50세,승용차,상해없음,여,31-40세,승용차,경상,비사업용,승용차,승용차,비사업용,승용차,승용차,고속국도,단일로,기타단일로,맑음,포장,건조,0,0,1,0
20190304,11시,경남,함안군,월,부상신고,차대차,기타,기타,안전운전 의무 불이행,기타불명,불명,불명,기타불명,여,41-50세,승용차,부상신고,불명,불명,불명,비사업용,승용차,승용차,고속국도,단일로,기타단일로,맑음,포장,건조,0,0,0,1
20190304,15시,경기,용인시,월,중상,차대차,추돌,추돌,안전거리 미확보,남,61-64세,화물차,상해없음,남,51-60세,승용차,중상,사업용,화물차,화물차,비사업용,승용차,승용차,고속국도,단일로,기타단일로,맑음,포장,건조,0,2,0,0
20190304,17시,경남,양산시,월,경상,차대차,측면충돌,측면충돌,안전거리 미확보,남,31-40세,화물차,상해없음,여,31-40세,승용차,경상,사업용,화물차,화물차,비사업용,승용차,승용차,고속국도,단일로,기타단일로,맑음,포장,건조,0,0,1,0
20190304,18시,경남,김해시,월,경상,차대차,기타,기타,안전거리 미확보,남,41-50세,승용차,상해없음,남,21-30세,승용차,경상,비사업용,승용차,승용차,비사업용,승용차,승용차,고속국도,단일로,기타단일로,맑음,포장,건조,0,0,1,0
20190304,20시,경북,김천시,월,경상,차대차,추돌,추돌,안전운전 의무 불이행,남,41-50세,승용차,상해없음,남,41-50세,승용차,경상,비사업용,승용차,승용차,비사업용,승용차,승용차,고속국도,단일로,기타단일로,맑음,포장,건조,0,0,2,0
20190304,20시,경북,김천시,월,중상,차대차,기타,기타,신호위반,남,65세이상,화물차,상해없음,여,41-50세,승용차,중상,사업용,화물차,화물차,비사업용,승용차,승용차,고속국도,단일로,기타단일로,맑음,포장,건조,0,1,0,0
20190304,23시,강원,원주시,월,중상,차대차,측면충돌,측면충돌,과속,남,51-60세,승용차,경상,남,51-60세,승용차,경상,사업용,택시,법인택시,비사업용,승용차,승용차,고속국도,단일로,기타단일로,맑음,포장,건조,0,1,3,0
20190304,23시,충남,당진시,월,중상,차대차,추돌,추돌,안전운전 의무 불이행,남,21-30세,승용차,상해없음,여,51-60세,승용차,중상,사업용,렌터카,렌터카,사업용,렌터카,렌터카,고속국도,단일로,기타단일로,흐림,포장,건조,0,1,0,0
20190304,23시,충북,보은군,월,중상,차대차,추돌,추돌,안전운전 의무 불이행,남,21-30세,승용차,중상,남,51-60세,화물차,경상,비사업용,승용차,승용차,사업용,화물차,화물차,고속국도,단일로,기타단일로,맑음,포장,건조,0,1,1,0
20190305,00시,충북,보은군,화,경상,차대차,추돌,추돌,안전운전 의무 불이행,남,51-60세,화물차,상해없음,남,31-40세,화물차,경상,사업용,화물차,화물차,사업용,화물차,화물차,고속국도,단일로,기타단일로,맑음,포장,건조,0,0,2,0
20190305,05시,전북,정읍시,화,사망,차대차,기타,기타,안전운전 의무 불이행,남,31-40세,화물차,사망,남,51-60세,화물차,상해없음,비사업용,화물차,화물차,사업용,화물차,화물차,고속국도,단일로,기타단일로,맑음,포장,건조,1,0,1,0
20190305,09시,경남,김해시,화,중상,차대차,추돌,추돌,안전거리 미확보,남,51-60세,화물차,상해없음,여,31-40세,승용차,경상,비사업용,화물차,화물차,비사업용,승용차,승용차,고속국도,단일로,기타단일로,맑음,포장,건조,0,1,2,0
20190305,10시,경남,밀양시,화,경상,차대차,추돌,추돌,신호위반,남,61-64세,화물차,상해없음,여,21-30세,승용차,경상,사업용,화물차,화물차,비사업용,승용차,승용차,고속국도,단일로,교량위,맑음,포장,건조,0,0,2,0
20190305,16시,경기,용인시,화,경상,차대차,기타,기타,안전운전 의무 불이행,남,21-30세,승용차,상해없음,남,41-50세,화물차,경상,사업용,렌터카,렌터카,사업용,화물차,화물차,고속국도,단일로,기타단일로,맑음,포장,건조,0,0,1,0
20190305,18시,경기,화성시,화,중상,차대차,추돌,추돌,안전운전 의무 불이행,남,65세이상,화물차,상해없음,남,51-60세,화물차,중상,사업용,화물차,화물차,비사업용,화물차,화물차,고속국도,단일로,교량위,맑음,포장,건조,0,3,0,1
20190305,18시,인천,부평구,화,경상,차대차,측면충돌,측면충돌,안전거리 미확보,남,51-60세,승합차,상해없음,남,51-60세,승용차,경상,사업용,노선버스,시내버스,비사업용,승용차,승용차,고속국도,단일로,교량위,맑음,포장,건조,0,0,1,0
20190305,20시,경기,하남시,화,경상,차대차,추돌,추돌,안전운전 의무 불이행,여,31-40세,승용차,상해없음,남,31-40세,승용차,경상,비사업용,승용차,승용차,사업용,렌터카,렌터카,고속국도,단일로,기타단일로,맑음,포장,건조,0,0,2,0
20190305,21시,충남,공주시,화,중상,차대차,후진중충돌,후진중충돌,안전운전 의무 불이행,남,41-50세,화물차,상해없음,남,65세이상,화물차,중상,사업용,화물차,화물차,사업용,화물차,화물차,고속국도,기타,기타,맑음,포장,건조,0,1,0,0
20190306,06시,인천,계양구,수,경상,차대차,추돌,추돌,안전거리 미확보,남,41-50세,승용차,상해없음,남,41-50세,승용차,경상,비사업용,승용차,승용차,비사업용,승용차,승용차,고속국도,단일로,기타단일로,흐림,포장,건조,0,0,1,0
20190306,10시,경남,김해시,수,경상,차대차,추돌,추돌,안전거리 미확보,남,41-50세,화물차,상해없음,남,31-40세,승용차,경상,비사업용,화물차,화물차,비사업용,승용차,승용차,고속국도,단일로,기타단일로,맑음,포장,건조,0,0,1,0
20190306,12시,경남,김해시,수,경상,차대차,측면충돌,측면충돌,안전거리 미확보,남,51-60세,승용차,상해없음,남,61-64세,화물차,경상,비사업용,승용차,승용차,비사업용,화물차,화물차,고속국도,단일로,기타단일로,비,포장,젖음/습기,0,0,2,0
20190306,12시,전남,장성군,수,경상,차대차,추돌,추돌,기타,여,41-50세,승용차,경상,남,51-60세,화물차,경상,비사업용,승용차,승용차,비사업용,화물차,화물차,고속국도,단일로,기타단일로,맑음,포장,건조,0,0,2,0
20190306,14시,경기,안성시,수,부상신고,차대차,기타,기타,안전운전 의무 불이행,남,31-40세,승용차,부상신고,남,65세이상,승용차,상해없음,비사업용,승용차,승용차,비사업용,승용차,승용차,고속국도,단일로,기타단일로,맑음,포장,건조,0,0,0,1
20190306,16시,울산,울주군,수,사망,차대차,추돌,추돌,안전거리 미확보,남,21-30세,승용차,사망,남,65세이상,특수차,중상,비사업용,승용차,승용차,사업용,화물차,화물차,고속국도,단일로,기타단일로,맑음,포장,건조,1,1,0,0
20190306,18시,경기,수원시,수,중상,차대차,추돌,추돌,안전운전 의무 불이행,여,21-30세,승용차,상해없음,남,51-60세,승용차,경상,사업용,렌터카,렌터카,비사업용,승용차,승용차,고속국도,단일로,기타단일로,맑음,포장,건조,0,2,1,0
20190306,21시,경기,여주시,수,중상,차대차,기타,기타,안전운전 의무 불이행,여,61-64세,승용차,경상,여,51-60세,승용차,상해없음,사업용,렌터카,렌터카,비사업용,승용차,승용차,고속국도,단일로,기타단일로,맑음,포장,건조,0,1,3,0
20190306,23시,충북,청주시,수,경상,차대차,측면충돌,측면충돌,중앙선 침범,남,21-30세,승용차,상해없음,남,31-40세,승용차,경상,비사업용,승용차,승용차,비사업용,승용차,승용차,고속국도,단일로,기타단일로,맑음,포장,건조,0,0,1,0
20190307,00시,경북,경주시,목,중상,차대차,추돌,추돌,안전운전 의무 불이행,남,41-50세,승용차,상해없음,남,41-50세,승용차,중상,비사업용,승용차,승용차,비사업용,승용차,승용차,고속국도,단일로,기타단일로,비,포장,서리/결빙,0,1,0,0
20190307,05시,경기,군포시,목,중상,차대차,추돌,추돌,안전운전 의무 불이행,남,21-30세,승용차,상해없음,여,31-40세,승용차,중상,비사업용,승용차,승용차,비사업용,승용차,승용차,고속국도,단일로,기타단일로,맑음,포장,건조,0,1,0,0
20190307,05시,경기,김포시,목,경상,차대차,추돌,추돌,안전운전 의무 불이행,남,41-50세,화물차,상해없음,남,51-60세,화물차,경상,사업용,화물차,화물차,사업용,화물차,화물차,고속국도,단일로,교량위,흐림,포장,건조,0,0,1,0
20190307,08시,경기,광명시,목,경상,차대차,측면충돌,측면충돌,안전거리 미확보,남,31-40세,승용차,상해없음,남,41-50세,승합차,경상,비사업용,승용차,승용차,비사업용,버스,버스,고속국도,단일로,교량위,맑음,포장,건조,0,0,1,0
20190307,12시,경기,화성시,목,중상,차대차,추돌,추돌,안전거리 미확보,여,31-40세,승용차,중상,남,65세이상,승용차,경상,비사업용,승용차,승용차,비사업용,승용차,승용차,고속국도,단일로,기타단일로,맑음,포장,건조,0,1,2,0
20190307,12시,경남,김해시,목,경상,차대차,측면충돌,측면충돌,안전거리 미확보,남,65세이상,특수차,상해없음,여,41-50세,승용차,경상,사업용,화물차,화물차,비사업용,승용차,승용차,고속국도,단일로,기타단일로,맑음,포장,건조,0,0,1,0
20190307,14시,경기,화성시,목,중상,차대차,추돌,추돌,안전거리 미확보,남,41-50세,승용차,상해없음,여,51-60세,승용차,경상,비사업용,승용차,승용차,비사업용,승용차,승용차,고속국도,단일로,기타단일로,맑음,포장,건조,0,1,5,0
20190307,16시,서울,서초구,목,중상,차대차,측면충돌,측면충돌,안전거리 미확보,남,51-60세,승용차,상해없음,남,65세이상,승용차,중상,비사업용,승용차,승용차,비사업용,승용차,승용차,고속국도,단일로,기타단일로,맑음,포장,건조,0,1,0,0
20190307,18시,경남,양산시,목,중상,차대차,추돌,추돌,안전거리 미확보,남,31-40세,화물차,상해없음,여,31-40세,승용차,중상,사업용,화물차,화물차,비사업용,승용차,승용차,고속국도,단일로,기타단일로,맑음,포장,건조,0,1,0,0
20190307,23시,경기,구리시,목,경상,차대차,추돌,추돌,안전운전 의무 불이행,남,41-50세,화물차,상해없음,남,41-50세,화물차,상해없음,비사업용,화물차,화물차,비사업용,화물차,화물차,고속국도,단일로,기타단일로,맑음,포장,건조,0,0,2,0
20190307,23시,경기,평택시,목,중상,차대차,추돌,추돌,안전거리 미확보,남,21-30세,화물차,상해없음,남,51-60세,승용차,중상,사업용,화물차,화물차,사업용,렌터카,렌터카,고속국도,단일로,기타단일로,맑음,포장,건조,0,2,0,0
20190308,01시,충북,청주시,금,중상,차대차,추돌,추돌,안전운전 의무 불이행,남,31-40세,화물차,경상,남,51-60세,화물차,중상,사업용,화물차,화물차,사업용,화물차,화물차,고속국도,단일로,기타단일로,맑음,포장,건조,0,1,1,0
20190308,06시,경기,용인시,금,경상,차대차,추돌,추돌,안전운전 의무 불이행,남,31-40세,승용차,상해없음,남,31-40세,승용차,경상,사업용,택시,법인택시,비사업용,승용차,승용차,고속국도,단일로,기타단일로,맑음,포장,건조,0,0,1,0
20190308,07시,경기,시흥시,금,중상,차대차,추돌,추돌,안전거리 미확보,남,41-50세,승용차,상해없음,남,41-50세,화물차,경상,비사업용,승용차,승용차,사업용,화물차,화물차,고속국도,단일로,교량위,맑음,포장,건조,0,2,2,0
20190308,08시,경기,평택시,금,경상,차대차,기타,기타,안전거리 미확보,남,51-60세,승합차,상해없음,남,41-50세,승용차,경상,사업용,노선버스,고속버스,사업용,렌터카,렌터카,고속국도,단일로,기타단일로,맑음,포장,건조,0,0,2,0
20190308,09시,충남,당진시,금,경상,차대차,추돌,추돌,안전운전 의무 불이행,남,31-40세,화물차,상해없음,남,51-60세,승용차,상해없음,비사업용,화물차,화물차,비사업용,승용차,승용차,고속국도,단일로,기타단일로,맑음,포장,건조,0,0,3,0
20190308,10시,경기,용인시,금,중상,차대차,기타,기타,안전운전 의무 불이행,남,51-60세,화물차,상해없음,남,31-40세,승용차,중상,사업용,화물차,화물차,사업용,렌터카,렌터카,고속국도,단일로,기타단일로,맑음,포장,건조,0,1,0,0
20190308,11시,강원,홍천군,금,경상,차대차,추돌,추돌,안전운전 의무 불이행,여,51-60세,승용차,경상,남,61-64세,승용차,경상,비사업용,승용차,승용차,비사업용,승용차,승용차,고속국도,단일로,기타단일로,맑음,포장,건조,0,0,2,0
20190308,11시,경남,양산시,금,경상,차대차,측면충돌,측면충돌,안전거리 미확보,남,41-50세,화물차,상해없음,여,51-60세,승용차,경상,사업용,화물차,화물차,비사업용,승용차,승용차,고속국도,단일로,기타단일로,맑음,포장,건조,0,0,1,0
20190308,12시,경기,시흥시,금,경상,차대차,측면충돌,측면충돌,기타,남,51-60세,화물차,상해없음,남,41-50세,승용차,경상,사업용,화물차,화물차,비사업용,승용차,승용차,고속국도,단일로,교량위,맑음,포장,건조,0,0,1,0
20190308,13시,경기,김포시,금,경상,차대차,측면충돌,측면충돌,안전거리 미확보,여,51-60세,승용차,상해없음,남,51-60세,승용차,상해없음,사업용,렌터카,렌터카,비사업용,승용차,승용차,고속국도,단일로,교량위,맑음,포장,건조,0,0,1,0
20190308,15시,경기,성남시,금,경상,차대차,추돌,추돌,안전운전 의무 불이행,남,51-60세,승용차,상해없음,남,31-40세,승용차,경상,비사업용,승용차,승용차,비사업용,승용차,승용차,고속국도,단일로,기타단일로,맑음,포장,건조,0,0,3,0
20190308,15시,충남,천안시,금,경상,차대차,기타,기타,안전운전 의무 불이행,여,31-40세,승용차,상해없음,남,31-40세,승용차,경상,비사업용,승용차,승용차,비사업용,승용차,승용차,고속국도,단일로,터널안,맑음,포장,건조,0,0,4,1
20190308,15시,충북,진천군,금,경상,차대차,추돌,추돌,안전운전 의무 불이행,남,41-50세,화물차,상해없음,여,41-50세,승용차,경상,비사업용,화물차,화물차,비사업용,승용차,승용차,고속국도,단일로,기타단일로,맑음,포장,건조,0,0,3,0
20190308,16시,경기,안양시,금,부상신고,차대차,추돌,추돌,안전운전 의무 불이행,남,51-60세,화물차,상해없음,남,41-50세,승용차,부상신고,사업용,화물차,화물차,사업용,렌터카,렌터카,고속국도,단일로,기타단일로,맑음,포장,건조,0,0,0,3
20190308,16시,경기,용인시,금,중상,차대차,추돌,추돌,안전운전 의무 불이행,남,21-30세,승용차,부상신고,남,65세이상,승용차,중상,비사업용,승용차,승용차,비사업용,승용차,승용차,고속국도,단일로,기타단일로,맑음,포장,건조,0,2,0,1
20190308,16시,서울,강동구,금,경상,차대차,측면충돌,측면충돌,안전운전 의무 불이행,남,51-60세,화물차,상해없음,남,31-40세,승용차,경상,비사업용,화물차,화물차,비사업용,승용차,승용차,고속국도,단일로,기타단일로,맑음,포장,건조,0,0,1,0
20190308,17시,경기,용인시,금,경상,차대차,추돌,추돌,안전운전 의무 불이행,여,41-50세,승용차,상해없음,남,31-40세,승용차,경상,비사업용,승용차,승용차,비사업용,승용차,승용차,고속국도,단일로,기타단일로,맑음,포장,건조,0,0,1,0
20190308,18시,경기,수원시,금,경상,차대차,측면충돌,측면충돌,안전운전 의무 불이행,남,51-60세,화물차,상해없음,남,41-50세,승용차,경상,사업용,화물차,화물차,비사업용,승용차,승용차,고속국도,단일로,기타단일로,맑음,포장,건조,0,0,2,0
20190308,19시,광주,광산구,금,경상,차대차,추돌,추돌,안전운전 의무 불이행,남,31-40세,승용차,상해없음,남,21-30세,승용차,경상,비사업용,승용차,승용차,비사업용,승용차,승용차,고속국도,단일로,기타단일로,맑음,포장,건조,0,0,2,0
20190308,19시,인천,부평구,금,경상,차대차,측면충돌,측면충돌,안전거리 미확보,남,65세이상,화물차,상해없음,여,51-60세,승용차,경상,사업용,화물차,화물차,비사업용,승용차,승용차,고속국도,단일로,고가도로위,맑음,포장,건조,0,0,1,0
20190308,20시,경기,군포시,금,부상신고,차대차,측면충돌,측면충돌,안전운전 의무 불이행,기타불명,불명,불명,기타불명,여,41-50세,승용차,부상신고,불명,불명,불명,비사업용,승용차,승용차,고속국도,단일로,기타단일로,맑음,포장,건조,0,0,0,1
20190308,20시,경남,김해시,금,중상,차대차,측면충돌,측면충돌,안전운전 의무 불이행,남,31-40세,승용차,경상,남,41-50세,승용차,경상,비사업용,승용차,승용차,비사업용,승용차,승용차,고속국도,단일로,기타단일로,맑음,포장,건조,0,1,2,0
20190309,05시,충북,청주시,토,중상,차대차,추돌,추돌,안전운전 의무 불이행,남,41-50세,화물차,상해없음,남,31-40세,승용차,중상,사업용,화물차,화물차,비사업용,승용차,승용차,고속국도,단일로,기타단일로,맑음,포장,건조,0,1,0,0
20190309,10시,경기,용인시,토,경상,차대차,추돌,추돌,안전운전 의무 불이행,남,21-30세,승용차,부상신고,남,31-40세,특수차,경상,비사업용,승용차,승용차,사업용,화물차,화물차,고속국도,단일로,기타단일로,맑음,포장,건조,0,0,1,2
20190309,10시,광주,북구,토,중상,차대차,측면충돌,측면충돌,안전운전 의무 불이행,남,41-50세,승합차,상해없음,남,41-50세,승용차,상해없음,사업용,렌터카,렌터카,비사업용,승용차,승용차,고속국도,기타,기타,맑음,포장,건조,0,1,0,0
20190309,11시,경기,안성시,토,경상,차대차,추돌,추돌,안전거리 미확보,기타불명,불명,승용차,기타불명,남,21-30세,승용차,상해없음,비사업용,승용차,승용차,비사업용,승용차,승용차,고속국도,단일로,터널안,맑음,포장,건조,0,0,3,1
20190309,12시,경기,안양시,토,경상,차대차,추돌,추돌,안전운전 의무 불이행,여,21-30세,승용차,상해없음,남,41-50세,승용차,경상,비사업용,승용차,승용차,비사업용,승용차,승용차,고속국도,단일로,교량위,맑음,포장,건조,0,0,1,0
20190309,12시,경기,하남시,토,경상,차대차,기타,기타,기타,기타불명,불명,불명,기타불명,남,51-60세,승용차,경상,불명,불명,불명,비사업용,승용차,승용차,고속국도,단일로,기타단일로,맑음,포장,건조,0,0,1,0
20190309,13시,경기,하남시,토,경상,차대차,측면충돌,측면충돌,신호위반,남,51-60세,승용차,상해없음,여,31-40세,승용차,경상,비사업용,승용차,승용차,비사업용,승용차,승용차,고속국도,단일로,교량위,맑음,포장,건조,0,0,2,0
20190309,16시,대전,대덕구,토,경상,차대차,추돌,추돌,안전운전 의무 불이행,남,51-60세,승용차,상해없음,남,61-64세,승용차,경상,비사업용,승용차,승용차,비사업용,승용차,승용차,고속국도,단일로,기타단일로,맑음,포장,건조,0,0,3,0
20190309,18시,경기,의왕시,토,경상,차대차,추돌,추돌,안전거리 미확보,남,31-40세,승용차,상해없음,남,41-50세,승용차,경상,비사업용,승용차,승용차,비사업용,승용차,승용차,고속국도,단일로,기타단일로,맑음,포장,건조,0,0,4,0
20190309,19시,대구,서구,토,경상,차대차,기타,기타,안전운전 의무 불이행,남,41-50세,승용차,상해없음,남,41-50세,승용차,경상,비사업용,승용차,승용차,비사업용,승용차,승용차,고속국도,단일로,기타단일로,맑음,포장,건조,0,0,2,0
20190309,19시,충남,천안시,토,중상,차대사람,기타,기타,안전운전 의무 불이행,남,65세이상,승용차,상해없음,남,51-60세,보행자,중상,비사업용,승용차,승용차,보행자,보행자,보행자,고속국도,단일로,기타단일로,맑음,포장,건조,0,1,0,0
20190309,19시,충북,진천군,토,경상,차대차,측면충돌,측면충돌,안전운전 의무 불이행,기타불명,불명,불명,기타불명,남,31-40세,승용차,경상,불명,불명,불명,비사업용,승용차,승용차,고속국도,단일로,기타단일로,맑음,포장,건조,0,0,2,0
20190309,20시,서울,송파구,토,경상,차대차,추돌,추돌,안전운전 의무 불이행,남,41-50세,승용차,상해없음,여,41-50세,승용차,경상,비사업용,승용차,승용차,비사업용,승용차,승용차,고속국도,단일로,기타단일로,맑음,포장,건조,0,0,1,0
20190309,21시,충북,충주시,토,중상,차대차,측면충돌,측면충돌,신호위반,여,61-64세,승용차,상해없음,여,21-30세,승용차,중상,비사업용,승용차,승용차,비사업용,승용차,승용차,고속국도,단일로,기타단일로,맑음,포장,건조,0,1,0,0
20190310,06시,전남,담양군,일,중상,차량단독,전복,전복,안전운전 의무 불이행,남,61-64세,승용차,경상,없음,없음,없음,없음,비사업용,승용차,승용차,없음,없음,없음,고속국도,단일로,기타단일로,맑음,포장,건조,0,1,1,0
20190310,08시,경기,남양주시,일,중상,차대차,기타,기타,과속,남,31-40세,승용차,경상,여,51-60세,승용차,중상,비사업용,승용차,승용차,비사업용,승용차,승용차,고속국도,단일로,기타단일로,맑음,포장,건조,0,2,1,0
20190310,11시,충북,충주시,일,경상,차대차,기타,기타,안전운전 의무 불이행,남,31-40세,승용차,경상,남,31-40세,승용차,경상,비사업용,승용차,승용차,비사업용,승용차,승용차,고속국도,단일로,기타단일로,맑음,포장,건조,0,0,3,0
20190310,15시,경기,용인시,일,경상,차대차,기타,기타,안전거리 미확보,남,65세이상,승용차,상해없음,남,21-30세,승용차,경상,비사업용,승용차,승용차,비사업용,승용차,승용차,고속국도,단일로,기타단일로,맑음,포장,건조,0,0,2,0
20190310,16시,경기,하남시,일,중상,차대차,기타,기타,안전거리 미확보,남,51-60세,화물차,상해없음,여,51-60세,승용차,중상,비사업용,화물차,화물차,비사업용,승용차,승용차,고속국도,단일로,기타단일로,맑음,포장,건조,0,1,0,0
20190310,17시,강원,춘천시,일,중상,차대차,추돌,추돌,안전거리 미확보,남,51-60세,승합차,상해없음,남,41-50세,승합차,경상,사업용,렌터카,렌터카,비사업용,버스,버스,고속국도,단일로,기타단일로,맑음,포장,건조,0,3,6,0
20190310,17시,경기,군포시,일,경상,차대차,측면충돌,측면충돌,안전거리 미확보,남,21-30세,승용차,상해없음,여,51-60세,승용차,경상,비사업용,승용차,승용차,비사업용,승용차,승용차,고속국도,단일로,기타단일로,맑음,포장,건조,0,0,1,0
20190310,17시,경기,안산시,일,중상,차대차,측면충돌,측면충돌,기타,남,21-30세,승용차,상해없음,남,51-60세,승용차,중상,비사업용,승용차,승용차,사업용,택시,개인택시,고속국도,단일로,교량위,맑음,포장,건조,0,1,0,0
20190310,18시,경남,김해시,일,중상,차량단독,기타,기타,안전운전 의무 불이행,남,51-60세,화물차,상해없음,없음,없음,없음,없음,비사업용,화물차,화물차,없음,없음,없음,고속국도,단일로,기타단일로,비,포장,젖음/습기,0,2,0,0
20190310,18시,충북,충주시,일,중상,차대차,기타,기타,안전거리 미확보,남,21-30세,승용차,상해없음,남,51-60세,화물차,경상,비사업용,승용차,승용차,비사업용,화물차,화물차,고속국도,단일로,기타단일로,맑음,포장,건조,0,1,2,0
20190310,20시,경기,하남시,일,경상,차대차,기타,기타,안전거리 미확보,남,51-60세,승용차,경상,남,31-40세,화물차,경상,비사업용,승용차,승용차,비사업용,화물차,화물차,고속국도,단일로,기타단일로,맑음,포장,건조,0,0,3,0
20190310,23시,경기,화성시,일,경상,차대차,기타,기타,안전거리 미확보,남,31-40세,승용차,상해없음,여,21-30세,승용차,경상,비사업용,승용차,승용차,비사업용,승용차,승용차,고속국도,단일로,기타단일로,맑음,포장,건조,0,0,1,0
20190310,23시,충북,청주시,일,중상,차대차,측면충돌,측면충돌,안전거리 미확보,남,61-64세,화물차,상해없음,여,51-60세,승용차,중상,사업용,화물차,화물차,비사업용,승용차,승용차,고속국도,단일로,기타단일로,맑음,포장,건조,0,1,0,0
20190311,00시,경기,용인시,월,중상,차대차,추돌,추돌,안전거리 미확보,남,51-60세,승용차,상해없음,남,31-40세,승용차,중상,비사업용,승용차,승용차,비사업용,승용차,승용차,고속국도,단일로,기타단일로,맑음,포장,건조,0,1,0,0
20190311,01시,경기,화성시,월,경상,차대차,추돌,추돌,안전운전 의무 불이행,남,31-40세,승용차,상해없음,남,31-40세,승용차,경상,비사업용,승용차,승용차,비사업용,승용차,승용차,고속국도,단일로,기타단일로,맑음,포장,건조,0,0,1,0
20190311,13시,경남,김해시,월,중상,차대차,측면충돌,측면충돌,안전운전 의무 불이행,남,51-60세,화물차,상해없음,여,51-60세,승용차,중상,사업용,화물차,화물차,비사업용,승용차,승용차,고속국도,단일로,기타단일로,맑음,포장,건조,0,1,0,0
20190311,16시,경북,고령군,월,경상,차대차,추돌,추돌,안전운전 의무 불이행,남,41-50세,승용차,상해없음,남,41-50세,특수차,상해없음,비사업용,승용차,승용차,사업용,화물차,화물차,고속국도,단일로,기타단일로,맑음,포장,건조,0,0,1,0
20190311,18시,경기,평택시,월,경상,차대차,측면충돌,측면충돌,안전운전 의무 불이행,여,41-50세,승용차,부상신고,남,51-60세,승용차,경상,비사업용,승용차,승용차,비사업용,승용차,승용차,고속국도,단일로,기타단일로,비,포장,젖음/습기,0,0,2,1
20190311,19시,경기,양평군,월,경상,차대차,추돌,추돌,안전운전 의무 불이행,남,51-60세,승용차,상해없음,남,51-60세,화물차,경상,사업용,렌터카,렌터카,비사업용,화물차,화물차,고속국도,단일로,기타단일로,맑음,포장,건조,0,0,2,0
20190311,21시,경기,안양시,월,경상,차대차,추돌,추돌,안전거리 미확보,남,51-60세,승용차,상해없음,남,51-60세,승용차,경상,사업용,렌터카,렌터카,비사업용,승용차,승용차,고속국도,단일로,교량위,흐림,포장,젖음/습기,0,0,2,0