발생일,발생시간,발생지_시도,발생지_시군구,요일,사고내용,사고유형_대분류,사고유형_중분류,사고유형,가해자법규위반,가해자성별,가해자연령,가해당사자종별,가해자신체상해정도,피해자성별,피해자연령,피해당사자종별,피해자신체상해정도,가해차량용도_대분류,가해차량용도_중분류,가해차량용도,피해차량용도_대분류,피해차량용도_중분류,피해차량용도,도로종류,도로형태_대분류,도로형태,기상상태,노면상태_대분류,노면상태,사망자수,중상자수,경상자수,부상신고자수
20190321,21시,충남,공주시,목,사망,차대차,추돌,추돌,안전운전 의무 불이행,남,31-40세,승용차,사망,남,41-50세,화물차,상해없음,비사업용,승용차,승용차,사업용,화물차,화물차,고속국도,단일로,터널안,맑음,포장,건조,1,0,0,0
20190321,22시,경기,시흥시,목,경상,차대차,추돌,추돌,안전운전 의무 불이행,남,31-40세,승용차,상해없음,남,51-60세,승용차,경상,비사업용,승용차,승용차,사업용,택시,법인택시,고속국도,단일로,교량위,맑음,포장,건조,0,0,2,0
20190321,22시,대구,동구,목,경상,차대차,측면충돌,측면충돌,안전운전 의무 불이행,남,31-40세,승용차,상해없음,남,51-60세,승용차,상해없음,비사업용,승용차,승용차,비사업용,승용차,승용차,고속국도,단일로,기타단일로,맑음,포장,건조,0,0,3,0
20190321,23시,충북,충주시,목,경상,차대차,기타,기타,안전운전 의무 불이행,남,61-64세,승용차,경상,남,41-50세,화물차,경상,비사업용,승용차,승용차,사업용,화물차,화물차,고속국도,단일로,기타단일로,맑음,포장,건조,0,0,2,0
20190322,07시,경북,경산시,금,경상,차대차,측면충돌,측면충돌,안전운전 의무 불이행,남,31-40세,승용차,경상,남,31-40세,승용차,경상,비사업용,승용차,승용차,비사업용,승용차,승용차,고속국도,단일로,기타단일로,맑음,포장,건조,0,0,2,0
20190322,08시,경기,성남시,금,경상,차대차,추돌,추돌,안전운전 의무 불이행,남,51-60세,승용차,상해없음,남,31-40세,승용차,경상,비사업용,승용차,승용차,비사업용,승용차,승용차,고속국도,단일로,기타단일로,맑음,포장,건조,0,0,2,0
20190322,09시,충남,천안시,금,경상,차대차,후진중충돌,후진중충돌,기타,남,41-50세,특수차,상해없음,남,41-50세,승용차,경상,사업용,화물차,화물차,비사업용,승용차,승용차,고속국도,단일로,기타단일로,맑음,포장,건조,0,0,1,0
20190322,14시,경기,수원시,금,중상,차대차,추돌,추돌,안전운전 의무 불이행,남,51-60세,화물차,상해없음,남,41-50세,화물차,경상,사업용,화물차,화물차,비사업용,화물차,화물차,고속국도,단일로,기타단일로,맑음,포장,건조,0,1,3,0
20190322,21시,충남,논산시,금,중상,차대차,기타,기타,안전운전 의무 불이행,남,51-60세,화물차,상해없음,남,41-50세,승용차,중상,사업용,화물차,화물차,비사업용,승용차,승용차,고속국도,단일로,기타단일로,맑음,포장,건조,0,1,0,0
20190322,22시,충북,영동군,금,사망,차대차,기타,기타,안전운전 의무 불이행,남,31-40세,승용차,중상,여,41-50세,승용차,사망,비사업용,승용차,승용차,비사업용,승용차,승용차,고속국도,단일로,기타단일로,맑음,포장,건조,1,2,0,0
20190323,01시,전북,군산시,토,경상,차대차,측면충돌,측면충돌,과속,남,31-40세,승용차,경상,남,51-60세,승합차,상해없음,비사업용,승용차,승용차,사업용,전세버스,전세버스,고속국도,단일로,기타단일로,흐림,포장,건조,0,0,2,0
20190323,08시,인천,남동구,토,경상,차대차,추돌,추돌,안전운전 의무 불이행,남,51-60세,승용차,상해없음,남,65세이상,승용차,경상,비사업용,승용차,승용차,비사업용,승용차,승용차,고속국도,단일로,기타단일로,맑음,포장,건조,0,0,5,0
20190323,09시,강원,평창군,토,중상,차대차,기타,기타,안전거리 미확보,남,51-60세,승합차,상해없음,남,41-50세,승용차,중상,사업용,전세버스,전세버스,비사업용,승용차,승용차,고속국도,단일로,기타단일로,맑음,포장,건조,0,2,0,0
20190323,10시,경기,화성시,토,경상,차대차,추돌,추돌,안전운전 의무 불이행,여,21-30세,승용차,상해없음,남,51-60세,승용차,경상,비사업용,승용차,승용차,비사업용,승용차,승용차,고속국도,단일로,기타단일로,맑음,포장,건조,0,0,2,0
20190323,12시,경기,안성시,토,경상,차대차,기타,기타,안전운전 의무 불이행,남,41-50세,승용차,상해없음,여,31-40세,승용차,경상,비사업용,승용차,승용차,비사업용,승용차,승용차,고속국도,단일로,기타단일로,비,포장,젖음/습기,0,0,1,0
20190323,13시,경남,함안군,토,경상,차대차,추돌,추돌,안전거리 미확보,남,20세이하,승용차,상해없음,남,31-40세,승용차,기타불명,비사업용,승용차,승용차,비사업용,승용차,승용차,고속국도,단일로,기타단일로,맑음,포장,건조,0,0,1,0
20190323,13시,전남,장성군,토,경상,차대차,기타,기타,안전운전 의무 불이행,남,61-64세,승용차,상해없음,남,31-40세,승용차,경상,비사업용,승용차,승용차,비사업용,승용차,승용차,고속국도,단일로,기타단일로,비,포장,젖음/습기,0,0,2,0
20190323,14시,인천,부평구,토,경상,차대차,측면충돌,측면충돌,안전거리 미확보,남,51-60세,화물차,상해없음,남,31-40세,승용차,경상,사업용,화물차,화물차,비사업용,승용차,승용차,고속국도,기타,기타,맑음,포장,건조,0,0,3,0
20190323,16시,인천,계양구,토,경상,차대차,측면충돌,측면충돌,안전거리 미확보,남,41-50세,승용차,경상,남,51-60세,승용차,경상,비사업용,승용차,승용차,비사업용,승용차,승용차,고속국도,단일로,기타단일로,맑음,포장,건조,0,0,2,0
20190323,17시,경기,용인시,토,사망,차대차,추돌,추돌,안전운전 의무 불이행,남,41-50세,승합차,상해없음,남,41-50세,승용차,사망,사업용,전세버스,전세버스,비사업용,승용차,승용차,고속국도,단일로,기타단일로,맑음,포장,건조,1,0,7,7
20190324,02시,울산,울주군,일,중상,차대차,추돌,추돌,과속,남,21-30세,승용차,상해없음,여,31-40세,승용차,경상,비사업용,승용차,승용차,비사업용,승용차,승용차,고속국도,단일로,기타단일로,맑음,포장,건조,0,1,2,0
20190324,06시,경기,김포시,일,경상,차대차,기타,기타,기타,남,21-30세,승용차,상해없음,남,31-40세,승합차,상해없음,비사업용,승용차,승용차,사업용,노선버스,고속버스,고속국도,단일로,기타단일로,맑음,포장,건조,0,0,2,0
20190324,10시,경기,김포시,일,중상,차대차,측면충돌,측면충돌,안전거리 미확보,남,51-60세,승용차,상해없음,남,31-40세,승용차,경상,사업용,렌터카,렌터카,비사업용,승용차,승용차,고속국도,단일로,기타단일로,맑음,포장,건조,0,1,2,0
20190324,13시,경기,고양시,일,경상,차대차,추돌,추돌,안전거리 미확보,기타불명,불명,불명,기타불명,남,65세이상,승용차,상해없음,불명,불명,불명,사업용,택시,개인택시,고속국도,단일로,교량위,맑음,포장,건조,0,0,1,0
20190324,15시,충남,논산시,일,경상,차대차,기타,기타,안전운전 의무 불이행,남,31-40세,승용차,경상,남,51-60세,승용차,경상,비사업용,승용차,승용차,비사업용,승용차,승용차,고속국도,단일로,기타단일로,맑음,포장,건조,0,0,8,0
20190324,15시,충북,청주시,일,경상,차대차,추돌,추돌,안전운전 의무 불이행,남,51-60세,승용차,상해없음,남,21-30세,승용차,경상,비사업용,승용차,승용차,비사업용,승용차,승용차,고속국도,단일로,기타단일로,맑음,포장,건조,0,0,5,0
20190324,21시,울산,울주군,일,경상,차대차,측면충돌,측면충돌,안전거리 미확보,남,41-50세,승합차,상해없음,여,51-60세,승용차,경상,사업용,전세버스,전세버스,비사업용,승용차,승용차,고속국도,단일로,기타단일로,맑음,포장,건조,0,0,2,0
20190325,00시,경기,이천시,월,중상,차량단독,기타,기타,기타,남,61-64세,승용차,상해없음,없음,없음,없음,없음,사업용,택시,법인택시,없음,없음,없음,고속국도,단일로,기타단일로,맑음,포장,건조,0,1,0,0
20190325,08시,경기,이천시,월,중상,차대차,측면충돌,측면충돌,안전거리 미확보,여,51-60세,승용차,상해없음,여,31-40세,승용차,중상,사업용,렌터카,렌터카,사업용,렌터카,렌터카,고속국도,단일로,기타단일로,맑음,포장,건조,0,1,0,0
20190325,08시,부산,강서구,월,경상,차대차,추돌,추돌,안전운전 의무 불이행,남,51-60세,승용차,상해없음,남,31-40세,승용차,경상,비사업용,승용차,승용차,비사업용,승용차,승용차,고속국도,단일로,기타단일로,맑음,포장,건조,0,0,2,0
20190325,14시,경북,구미시,월,경상,차대차,측면충돌,측면충돌,안전운전 의무 불이행,여,21-30세,승용차,상해없음,남,61-64세,승용차,경상,사업용,렌터카,렌터카,비사업용,승용차,승용차,고속국도,단일로,기타단일로,맑음,포장,건조,0,0,4,0
20190325,16시,경기,구리시,월,경상,차대차,측면충돌,측면충돌,안전운전 의무 불이행,여,65세이상,승용차,상해없음,남,61-64세,승용차,경상,비사업용,승용차,승용차,사업용,렌터카,렌터카,고속국도,단일로,기타단일로,맑음,포장,건조,0,0,1,0
20190325,16시,인천,부평구,월,경상,차대차,측면충돌,측면충돌,안전거리 미확보,남,31-40세,화물차,상해없음,남,21-30세,승용차,경상,비사업용,화물차,화물차,비사업용,승용차,승용차,고속국도,단일로,기타단일로,맑음,포장,건조,0,0,1,0
20190325,17시,경기,화성시,월,경상,차대차,추돌,추돌,안전운전 의무 불이행,남,51-60세,승용차,상해없음,남,41-50세,승용차,경상,사업용,렌터카,렌터카,비사업용,승용차,승용차,고속국도,단일로,기타단일로,맑음,포장,건조,0,0,1,0
20190325,17시,경남,합천군,월,사망,차대차,추돌,추돌,안전운전 의무 불이행,남,65세이상,승용차,사망,남,41-50세,화물차,상해없음,비사업용,승용차,승용차,사업용,화물차,화물차,고속국도,단일로,터널안,맑음,포장,건조,1,0,1,0
20190325,19시,충남,천안시,월,경상,차대차,측면충돌,측면충돌,신호위반,남,41-50세,화물차,상해없음,여,31-40세,승용차,경상,사업용,화물차,화물차,비사업용,승용차,승용차,고속국도,기타,기타,맑음,포장,건조,0,0,1,0
20190325,22시,경기,성남시,월,경상,차대차,추돌,추돌,안전운전 의무 불이행,기타불명,불명,승용차,기타불명,여,51-60세,승용차,경상,비사업용,승용차,승용차,비사업용,승용차,승용차,고속국도,단일로,기타단일로,맑음,포장,건조,0,0,1,0
20190326,01시,경기,성남시,화,중상,차대차,추돌,추돌,안전운전 의무 불이행,남,51-60세,화물차,상해없음,남,21-30세,화물차,경상,사업용,화물차,화물차,비사업용,화물차,화물차,고속국도,단일로,기타단일로,맑음,포장,건조,0,1,2,0
20190326,06시,울산,울주군,화,중상,차대차,기타,기타,안전거리 미확보,기타불명,불명,불명,기타불명,남,65세이상,화물차,상해없음,불명,불명,불명,비사업용,화물차,화물차,고속국도,단일로,기타단일로,맑음,포장,건조,0,1,0,0
20190326,09시,충북,옥천군,화,중상,차대차,기타,기타,안전운전 의무 불이행,남,41-50세,승용차,경상,남,31-40세,화물차,중상,비사업용,승용차,승용차,비사업용,화물차,화물차,고속국도,단일로,기타단일로,맑음,포장,건조,0,1,1,0
20190326,13시,광주,북구,화,경상,차대차,추돌,추돌,안전운전 의무 불이행,여,31-40세,승용차,상해없음,여,51-60세,승용차,경상,비사업용,승용차,승용차,비사업용,승용차,승용차,고속국도,단일로,기타단일로,맑음,포장,건조,0,0,1,0
20190326,16시,인천,부평구,화,경상,차대차,측면충돌,측면충돌,안전거리 미확보,남,21-30세,승용차,경상,여,41-50세,승용차,경상,비사업용,승용차,승용차,비사업용,승용차,승용차,고속국도,단일로,기타단일로,맑음,포장,건조,0,0,3,0
20190326,20시,경기,화성시,화,경상,차대차,기타,기타,안전운전 의무 불이행,남,51-60세,승용차,경상,남,31-40세,승용차,부상신고,비사업용,승용차,승용차,비사업용,승용차,승용차,고속국도,기타,기타,맑음,포장,건조,0,0,1,1
20190326,20시,대구,달성군,화,경상,차대차,측면충돌,측면충돌,중앙선 침범,남,41-50세,승용차,경상,남,51-60세,화물차,경상,비사업용,승용차,승용차,비사업용,화물차,화물차,고속국도,단일로,기타단일로,맑음,포장,건조,0,0,2,0
20190326,22시,경남,하동군,화,중상,차대차,추돌,추돌,안전운전 의무 불이행,남,41-50세,화물차,중상,남,41-50세,화물차,경상,사업용,화물차,화물차,사업용,화물차,화물차,고속국도,단일로,기타단일로,맑음,포장,건조,0,1,1,0
20190327,02시,경기,용인시,수,부상신고,차대차,추돌,추돌,안전운전 의무 불이행,남,41-50세,화물차,부상신고,남,31-40세,승용차,상해없음,사업용,화물차,화물차,비사업용,승용차,승용차,고속국도,단일로,기타단일로,맑음,포장,건조,0,0,0,1
20190327,03시,경기,안양시,수,중상,차대차,기타,기타,안전운전 의무 불이행,남,20세이하,승용차,상해없음,남,41-50세,승용차,상해없음,비사업용,승용차,승용차,비사업용,승용차,승용차,고속국도,단일로,기타단일로,맑음,포장,건조,0,1,0,0
20190327,03시,경남,창원시,수,중상,차대사람,차도통행중,차도통행중,안전운전 의무 불이행,남,41-50세,승용차,상해없음,남,65세이상,보행자,중상,비사업용,승용차,승용차,보행자,보행자,보행자,고속국도,단일로,기타단일로,맑음,포장,건조,0,1,0,0
20190327,09시,경기,수원시,수,중상,차대차,측면충돌,측면충돌,안전운전 의무 불이행,남,65세이상,건설기계,상해없음,남,51-60세,승용차,중상,사업용,기타/건설기계,기타/건설기계,비사업용,승용차,승용차,고속국도,단일로,기타단일로,맑음,포장,건조,0,1,0,0
20190327,09시,대구,서구,수,경상,차대차,측면충돌,측면충돌,안전운전 의무 불이행,남,51-60세,승용차,경상,남,61-64세,화물차,상해없음,비사업용,승용차,승용차,비사업용,화물차,화물차,고속국도,단일로,기타단일로,맑음,포장,건조,0,0,1,0
20190327,10시,강원,원주시,수,경상,차대차,기타,기타,안전거리 미확보,남,51-60세,승용차,상해없음,남,61-64세,승용차,경상,비사업용,승용차,승용차,비사업용,승용차,승용차,고속국도,단일로,기타단일로,맑음,포장,건조,0,0,1,0
20190327,10시,울산,울주군,수,경상,차대차,추돌,추돌,안전운전 의무 불이행,남,65세이상,특수차,경상,남,51-60세,화물차,경상,사업용,화물차,화물차,비사업용,화물차,화물차,고속국도,단일로,기타단일로,맑음,포장,건조,0,0,2,0
20190327,16시,충북,음성군,수,경상,차대차,기타,기타,안전거리 미확보,남,61-64세,승용차,상해없음,남,61-64세,승용차,상해없음,비사업용,승용차,승용차,비사업용,승용차,승용차,고속국도,단일로,기타단일로,맑음,포장,건조,0,0,1,0
20190327,19시,경기,평택시,수,경상,차대차,기타,기타,안전거리 미확보,남,61-64세,승용차,상해없음,남,31-40세,화물차,경상,비사업용,승용차,승용차,사업용,화물차,화물차,고속국도,단일로,기타단일로,맑음,포장,건조,0,0,1,0
20190327,19시,경남,김해시,수,경상,차대차,기타,기타,기타,남,41-50세,화물차,상해없음,남,51-60세,승용차,상해없음,비사업용,화물차,화물차,비사업용,승용차,승용차,고속국도,단일로,기타단일로,맑음,포장,건조,0,0,1,0
20190328,08시,경기,하남시,목,경상,차대차,기타,기타,안전운전 의무 불이행,남,51-60세,화물차,상해없음,여,21-30세,승용차,경상,사업용,화물차,화물차,비사업용,승용차,승용차,고속국도,단일로,기타단일로,맑음,포장,건조,0,0,1,0
20190328,11시,대전,서구,목,경상,차대차,추돌,추돌,안전운전 의무 불이행,여,21-30세,승용차,상해없음,남,21-30세,승용차,경상,사업용,렌터카,렌터카,비사업용,승용차,승용차,고속국도,단일로,터널안,맑음,포장,건조,0,0,4,0
20190328,11시,인천,남동구,목,경상,차대차,측면충돌,측면충돌,안전거리 미확보,남,65세이상,승용차,상해없음,여,21-30세,승용차,경상,비사업용,승용차,승용차,비사업용,승용차,승용차,고속국도,단일로,교량위,맑음,포장,건조,0,0,1,0
20190328,11시,충북,음성군,목,경상,차대차,추돌,추돌,안전거리 미확보,남,65세이상,승용차,경상,남,41-50세,승용차,경상,비사업용,승용차,승용차,비사업용,승용차,승용차,고속국도,단일로,기타단일로,맑음,포장,건조,0,0,3,0
20190328,12시,경기,하남시,목,경상,차대차,기타,기타,안전운전 의무 불이행,남,51-60세,특수차,상해없음,여,41-50세,승용차,경상,사업용,화물차,화물차,비사업용,승용차,승용차,고속국도,단일로,기타단일로,맑음,포장,건조,0,0,2,0
20190328,12시,충북,음성군,목,경상,차대차,기타,기타,안전운전 의무 불이행,남,51-60세,화물차,상해없음,남,51-60세,승용차,경상,사업용,화물차,화물차,사업용,택시,개인택시,고속국도,단일로,기타단일로,맑음,포장,건조,0,0,1,0
20190328,13시,경기,화성시,목,중상,차대차,추돌,추돌,안전운전 의무 불이행,남,31-40세,승합차,중상,남,51-60세,화물차,경상,사업용,노선버스,고속버스,비사업용,화물차,화물차,고속국도,단일로,기타단일로,맑음,포장,건조,0,8,5,0
20190328,13시,경북,경산시,목,중상,차대차,기타,기타,안전거리 미확보,남,51-60세,화물차,상해없음,여,31-40세,승용차,중상,사업용,화물차,화물차,비사업용,승용차,승용차,고속국도,단일로,기타단일로,맑음,포장,건조,0,2,0,0
20190328,16시,경기,하남시,목,경상,차대차,추돌,추돌,안전거리 미확보,남,41-50세,승용차,상해없음,남,31-40세,승용차,경상,사업용,택시,개인택시,비사업용,승용차,승용차,고속국도,단일로,기타단일로,맑음,포장,건조,0,0,1,0
20190328,18시,전남,장성군,목,중상,차대차,기타,기타,안전운전 의무 불이행,남,51-60세,승용차,상해없음,남,31-40세,승용차,중상,비사업용,승용차,승용차,비사업용,승용차,승용차,고속국도,단일로,터널안,맑음,포장,건조,0,1,0,0
20190328,19시,경기,시흥시,목,경상,차대차,추돌,추돌,안전운전 의무 불이행,여,20세이하,승용차,상해없음,여,61-64세,승용차,경상,비사업용,승용차,승용차,비사업용,승용차,승용차,고속국도,단일로,기타단일로,맑음,포장,건조,0,0,1,0
20190328,19시,경기,여주시,목,중상,차대사람,기타,기타,안전운전 의무 불이행,기타불명,불명,불명,기타불명,남,31-40세,보행자,중상,불명,불명,불명,보행자,보행자,보행자,고속국도,단일로,기타단일로,맑음,포장,건조,0,1,0,0
20190328,22시,충남,천안시,목,경상,차대차,기타,기타,안전거리 미확보,남,51-60세,화물차,상해없음,남,31-40세,승용차,경상,사업용,화물차,화물차,비사업용,승용차,승용차,고속국도,단일로,기타단일로,맑음,포장,건조,0,0,2,0
20190329,10시,경기,용인시,금,중상,차대차,추돌,추돌,안전운전 의무 불이행,남,21-30세,승용차,상해없음,남,41-50세,승용차,중상,비사업용,승용차,승용차,비사업용,승용차,승용차,고속국도,단일로,기타단일로,맑음,포장,건조,0,1,2,0
20190329,10시,경북,포항시,금,사망,차대차,추돌,추돌,안전운전 의무 불이행,남,51-60세,특수차,사망,남,51-60세,특수차,경상,사업용,화물차,화물차,사업용,화물차,화물차,고속국도,단일로,터널안,맑음,포장,건조,1,0,1,0
20190329,15시,대구,동구,금,경상,차대차,측면충돌,측면충돌,안전운전 의무 불이행,남,31-40세,승용차,상해없음,여,41-50세,승용차,경상,비사업용,승용차,승용차,비사업용,승용차,승용차,고속국도,교차로,교차로내,맑음,포장,건조,0,0,1,0
20190329,18시,경기,고양시,금,경상,차대차,추돌,추돌,안전운전 의무 불이행,남,41-50세,승용차,상해없음,남,21-30세,승용차,경상,비사업용,승용차,승용차,비사업용,승용차,승용차,고속국도,단일로,기타단일로,맑음,포장,건조,0,0,2,0
20190329,22시,경기,용인시,금,사망,차대차,기타,기타,신호위반,남,21-30세,승용차,사망,남,61-64세,승합차,상해없음,비사업용,승용차,승용차,사업용,전세버스,전세버스,고속국도,단일로,기타단일로,맑음,포장,건조,1,1,4,3
20190330,03시,대구,달성군,토,중상,차대차,측면충돌,측면충돌,안전운전 의무 불이행,여,31-40세,승용차,경상,남,41-50세,승용차,경상,비사업용,승용차,승용차,비사업용,승용차,승용차,고속국도,단일로,기타단일로,비,포장,젖음/습기,0,1,3,0
20190330,03시,충남,서산시,토,경상,차량단독,전복,전복,안전운전 의무 불이행,여,31-40세,승용차,경상,없음,없음,없음,없음,비사업용,승용차,승용차,없음,없음,없음,고속국도,단일로,기타단일로,맑음,포장,건조,0,0,1,0
20190330,08시,경남,김해시,토,경상,차대차,측면충돌,측면충돌,신호위반,남,41-50세,화물차,상해없음,남,41-50세,승용차,상해없음,비사업용,화물차,화물차,비사업용,승용차,승용차,고속국도,단일로,기타단일로,맑음,포장,건조,0,0,2,0
20190330,10시,경기,안성시,토,중상,차대차,추돌,추돌,안전운전 의무 불이행,남,51-60세,화물차,중상,남,31-40세,승용차,경상,사업용,화물차,화물차,비사업용,승용차,승용차,고속국도,단일로,기타단일로,맑음,포장,건조,0,1,1,0
20190330,11시,경기,성남시,토,중상,차대차,기타,기타,안전운전 의무 불이행,남,51-60세,승용차,상해없음,남,41-50세,승합차,경상,사업용,렌터카,렌터카,사업용,노선버스,시외버스,고속국도,단일로,기타단일로,맑음,포장,건조,0,2,6,0
20190330,11시,경기,평택시,토,중상,차대차,추돌,추돌,안전운전 의무 불이행,남,51-60세,화물차,상해없음,남,51-60세,승용차,중상,사업용,화물차,화물차,비사업용,승용차,승용차,고속국도,단일로,기타단일로,맑음,포장,건조,0,1,3,3
20190330,12시,경기,화성시,토,경상,차대차,추돌,추돌,안전운전 의무 불이행,남,21-30세,승용차,상해없음,남,41-50세,승용차,경상,비사업용,승용차,승용차,비사업용,승용차,승용차,고속국도,단일로,기타단일로,맑음,포장,건조,0,0,2,0
20190330,15시,강원,평창군,토,경상,차대차,측면충돌,측면충돌,기타,여,31-40세,승용차,상해없음,여,41-50세,승용차,경상,비사업용,승용차,승용차,비사업용,승용차,승용차,고속국도,단일로,기타단일로,맑음,포장,건조,0,0,2,0
20190330,15시,경기,안성시,토,사망,차대차,기타,기타,안전운전 의무 불이행,남,51-60세,화물차,사망,남,51-60세,승합차,경상,비사업용,화물차,화물차,사업용,전세버스,전세버스,고속국도,단일로,기타단일로,흐림,포장,건조,1,0,5,0
20190330,15시,경기,여주시,토,경상,차대차,추돌,추돌,안전운전 의무 불이행,남,51-60세,승용차,상해없음,여,31-40세,승용차,경상,비사업용,승용차,승용차,비사업용,승용차,승용차,고속국도,단일로,기타단일로,맑음,포장,젖음/습기,0,0,3,0
20190330,20시,강원,홍천군,토,중상,차대차,추돌,추돌,안전운전 의무 불이행,남,21-30세,승용차,중상,남,21-30세,승용차,상해없음,비사업용,승용차,승용차,사업용,렌터카,렌터카,고속국도,단일로,기타단일로,비,포장,젖음/습기,0,2,1,0
20190331,03시,전남,보성군,일,경상,차대차,추돌,추돌,안전운전 의무 불이행,여,21-30세,승용차,상해없음,남,31-40세,특수차,경상,비사업용,승용차,승용차,사업용,화물차,화물차,고속국도,단일로,기타단일로,맑음,포장,건조,0,0,2,0
20190331,04시,경기,여주시,일,중상,차대차,기타,기타,중앙선 침범,남,21-30세,승용차,경상,남,61-64세,승용차,경상,비사업용,승용차,승용차,비사업용,승용차,승용차,고속국도,단일로,기타단일로,맑음,포장,건조,0,1,2,0
20190331,14시,경남,밀양시,일,경상,차대차,측면충돌,측면충돌,중앙선 침범,남,31-40세,승용차,상해없음,남,51-60세,승용차,경상,비사업용,승용차,승용차,비사업용,승용차,승용차,고속국도,단일로,기타단일로,맑음,포장,건조,0,0,2,0
20190331,15시,경남,김해시,일,경상,차대차,추돌,추돌,안전운전 의무 불이행,남,20세이하,승용차,경상,남,31-40세,승용차,경상,비사업용,승용차,승용차,비사업용,승용차,승용차,고속국도,단일로,기타단일로,맑음,포장,건조,0,0,5,0
20190331,16시,경남,김해시,일,경상,차대차,기타,기타,안전운전 의무 불이행,남,51-60세,승용차,상해없음,남,21-30세,승용차,경상,사업용,렌터카,렌터카,비사업용,승용차,승용차,고속국도,단일로,기타단일로,맑음,포장,건조,0,0,2,0
20190331,16시,전북,완주군,일,중상,차대차,추돌,추돌,안전운전 의무 불이행,남,31-40세,승용차,상해없음,남,41-50세,승용차,경상,비사업용,승용차,승용차,비사업용,승용차,승용차,고속국도,단일로,기타단일로,맑음,포장,건조,0,1,3,0
20190331,17시,인천,남동구,일,중상,차대차,측면충돌,측면충돌,안전거리 미확보,남,31-40세,승합차,상해없음,남,61-64세,승용차,중상,비사업용,기타/건설기계,기타/건설기계,사업용,택시,개인택시,고속국도,단일로,기타단일로,맑음,포장,건조,0,1,0,0
20190331,17시,전남,곡성군,일,경상,차대차,기타,기타,안전거리 미확보,여,21-30세,승용차,상해없음,여,41-50세,승용차,경상,비사업용,승용차,승용차,비사업용,승용차,승용차,고속국도,단일로,기타단일로,맑음,포장,건조,0,0,3,0
20190331,19시,경기,용인시,일,경상,차대차,추돌,추돌,안전운전 의무 불이행,남,51-60세,승용차,상해없음,남,51-60세,승용차,상해없음,비사업용,승용차,승용차,비사업용,승용차,승용차,고속국도,단일로,기타단일로,맑음,포장,건조,0,0,1,0
20190331,20시,경기,안성시,일,경상,차대차,측면충돌,측면충돌,안전거리 미확보,여,41-50세,승용차,상해없음,남,41-50세,승용차,경상,비사업용,승용차,승용차,비사업용,승용차,승용차,고속국도,단일로,기타단일로,맑음,포장,건조,0,0,1,0
20190331,20시,경남,창원시,일,경상,차대차,측면충돌,측면충돌,안전운전 의무 불이행,남,61-64세,화물차,상해없음,여,51-60세,승용차,경상,사업용,화물차,화물차,비사업용,승용차,승용차,고속국도,단일로,기타단일로,맑음,포장,건조,0,0,2,0
20190401,00시,충남,천안시,월,경상,차대차,측면충돌,측면충돌,신호위반,남,21-30세,승용차,상해없음,여,21-30세,승용차,경상,사업용,렌터카,렌터카,비사업용,승용차,승용차,고속국도,단일로,기타단일로,맑음,포장,건조,0,0,1,0
20190401,07시,경북,칠곡군,월,중상,차대차,추돌,추돌,안전거리 미확보,여,31-40세,승용차,중상,남,31-40세,승용차,경상,비사업용,승용차,승용차,비사업용,승용차,승용차,고속국도,단일로,기타단일로,맑음,포장,건조,0,1,5,0
20190401,08시,경기,하남시,월,중상,차대차,추돌,추돌,안전운전 의무 불이행,남,41-50세,화물차,상해없음,남,21-30세,승용차,부상신고,비사업용,화물차,화물차,비사업용,승용차,승용차,고속국도,단일로,기타단일로,맑음,포장,건조,0,1,1,3
20190401,10시,인천,계양구,월,경상,차대차,추돌,추돌,안전운전 의무 불이행,남,21-30세,승용차,상해없음,남,21-30세,승용차,경상,비사업용,승용차,승용차,비사업용,승용차,승용차,고속국도,단일로,교량위,맑음,포장,건조,0,0,1,0
20190401,12시,경남,함안군,월,경상,차대차,측면충돌,측면충돌,안전거리 미확보,남,61-64세,승용차,기타불명,여,31-40세,승용차,경상,비사업용,승용차,승용차,비사업용,승용차,승용차,고속국도,단일로,기타단일로,맑음,포장,건조,0,0,1,0
20190401,13시,부산,기장군,월,경상,차대차,추돌,추돌,안전운전 의무 불이행,남,31-40세,승용차,상해없음,남,21-30세,승용차,경상,비사업용,승용차,승용차,사업용,렌터카,렌터카,고속국도,단일로,기타단일로,맑음,포장,건조,0,0,1,0
20190401,14시,강원,원주시,월,사망,차량단독,도로이탈,도로이탈 추락,안전운전 의무 불이행,남,21-30세,건설기계,사망,없음,없음,없음,없음,사업용,기타/건설기계,기타/건설기계,없음,없음,없음,고속국도,단일로,교량위,맑음,포장,건조,1,0,0,0
20190401,23시,광주,광산구,월,경상,차대차,추돌,추돌,안전운전 의무 불이행,여,31-40세,승용차,상해없음,남,21-30세,승용차,경상,사업용,렌터카,렌터카,사업용,렌터카,렌터카,고속국도,단일로,기타단일로,맑음,포장,건조,0,0,1,0
20190402,07시,대구,달성군,화,경상,차대차,추돌,추돌,안전거리 미확보,남,31-40세,화물차,경상,남,41-50세,승용차,경상,비사업용,화물차,화물차,비사업용,승용차,승용차,고속국도,단일로,기타단일로,맑음,포장,건조,0,0,5,0
20190402,08시,충남,공주시,화,중상,차대차,추돌,추돌,안전운전 의무 불이행,남,31-40세,화물차,상해없음,남,41-50세,승합차,경상,사업용,화물차,화물차,사업용,전세버스,전세버스,고속국도,단일로,기타단일로,맑음,포장,건조,0,3,6,0