발생일,발생시간,발생지_시도,발생지_시군구,요일,사고내용,사고유형_대분류,사고유형_중분류,사고유형,가해자법규위반,가해자성별,가해자연령,가해당사자종별,가해자신체상해정도,피해자성별,피해자연령,피해당사자종별,피해자신체상해정도,가해차량용도_대분류,가해차량용도_중분류,가해차량용도,피해차량용도_대분류,피해차량용도_중분류,피해차량용도,도로종류,도로형태_대분류,도로형태,기상상태,노면상태_대분류,노면상태,사망자수,중상자수,경상자수,부상신고자수
20190412,15시,인천,서구,금,경상,차대차,측면충돌,측면충돌,안전운전 의무 불이행,남,31-40세,화물차,상해없음,남,51-60세,화물차,경상,비사업용,화물차,화물차,사업용,화물차,화물차,고속국도,단일로,기타단일로,맑음,포장,건조,0,0,1,0
20190412,15시,충남,천안시,금,경상,차대차,추돌,추돌,안전운전 의무 불이행,여,31-40세,승용차,경상,남,65세이상,승용차,상해없음,비사업용,승용차,승용차,비사업용,승용차,승용차,고속국도,단일로,기타단일로,맑음,포장,건조,0,0,2,0
20190412,16시,경북,경주시,금,중상,차대차,측면충돌,측면충돌,안전운전 의무 불이행,여,61-64세,승용차,경상,남,31-40세,화물차,상해없음,비사업용,승용차,승용차,사업용,화물차,화물차,고속국도,단일로,기타단일로,맑음,포장,건조,0,1,3,0
20190412,18시,대구,북구,금,경상,차대차,추돌,추돌,안전운전 의무 불이행,남,51-60세,화물차,상해없음,남,61-64세,화물차,상해없음,비사업용,화물차,화물차,비사업용,화물차,화물차,고속국도,단일로,기타단일로,맑음,포장,건조,0,0,1,0
20190412,19시,경기,부천시,금,경상,차대차,측면충돌,측면충돌,안전거리 미확보,남,31-40세,승용차,상해없음,남,51-60세,승합차,상해없음,사업용,렌터카,렌터카,사업용,노선버스,시외버스,고속국도,단일로,기타단일로,맑음,포장,건조,0,0,7,0
20190412,22시,강원,양양군,금,경상,차대차,추돌,추돌,안전운전 의무 불이행,남,31-40세,승용차,상해없음,남,31-40세,승용차,경상,비사업용,승용차,승용차,비사업용,승용차,승용차,고속국도,단일로,기타단일로,맑음,포장,건조,0,0,3,0
20190412,22시,경기,이천시,금,사망,차대차,추돌,추돌,안전운전 의무 불이행,남,41-50세,승용차,경상,여,21-30세,승용차,사망,비사업용,승용차,승용차,비사업용,승용차,승용차,고속국도,단일로,기타단일로,맑음,포장,건조,1,1,2,0
20190412,23시,경기,시흥시,금,중상,차대차,추돌,추돌,과속,남,31-40세,승용차,경상,남,31-40세,승용차,경상,사업용,택시,법인택시,비사업용,승용차,승용차,고속국도,단일로,기타단일로,맑음,포장,건조,0,1,2,0
20190413,06시,경남,양산시,토,경상,차대차,측면충돌,측면충돌,안전운전 의무 불이행,남,51-60세,승용차,상해없음,남,41-50세,승용차,경상,비사업용,승용차,승용차,비사업용,승용차,승용차,고속국도,단일로,기타단일로,맑음,포장,건조,0,0,1,0
20190413,07시,경기,시흥시,토,경상,차대차,추돌,추돌,안전운전 의무 불이행,남,21-30세,화물차,상해없음,남,41-50세,화물차,경상,비사업용,화물차,화물차,비사업용,화물차,화물차,고속국도,단일로,기타단일로,맑음,포장,건조,0,0,2,0
20190413,10시,대전,대덕구,토,경상,차대차,기타,기타,안전운전 의무 불이행,남,21-30세,화물차,상해없음,남,41-50세,승용차,경상,사업용,화물차,화물차,비사업용,승용차,승용차,고속국도,단일로,기타단일로,맑음,포장,건조,0,0,1,0
20190413,11시,경북,경주시,토,경상,차대차,추돌,추돌,안전운전 의무 불이행,남,31-40세,특수차,상해없음,여,61-64세,승용차,경상,사업용,화물차,화물차,비사업용,승용차,승용차,고속국도,단일로,기타단일로,맑음,포장,건조,0,0,3,0
20190413,12시,경북,경주시,토,경상,차대차,추돌,추돌,안전운전 의무 불이행,남,31-40세,승용차,상해없음,남,21-30세,승용차,경상,비사업용,승용차,승용차,비사업용,승용차,승용차,고속국도,단일로,기타단일로,맑음,포장,건조,0,0,2,2
20190413,12시,경북,경주시,토,경상,차대차,추돌,추돌,안전운전 의무 불이행,남,65세이상,승용차,상해없음,남,51-60세,승용차,경상,비사업용,승용차,승용차,비사업용,승용차,승용차,고속국도,단일로,기타단일로,맑음,포장,건조,0,0,4,0
20190413,12시,경북,안동시,토,경상,차대차,기타,기타,안전운전 의무 불이행,여,41-50세,승용차,경상,남,41-50세,승용차,상해없음,비사업용,승용차,승용차,비사업용,승용차,승용차,고속국도,단일로,기타단일로,맑음,포장,건조,0,0,6,0
20190413,14시,서울,강동구,토,경상,차대차,추돌,추돌,안전운전 의무 불이행,남,51-60세,화물차,상해없음,남,41-50세,승용차,경상,사업용,화물차,화물차,비사업용,승용차,승용차,고속국도,단일로,기타단일로,맑음,포장,건조,0,0,1,0
20190413,14시,충남,천안시,토,경상,차대차,기타,기타,안전운전 의무 불이행,남,31-40세,승용차,상해없음,남,31-40세,승용차,경상,비사업용,승용차,승용차,비사업용,승용차,승용차,고속국도,단일로,기타단일로,맑음,포장,건조,0,0,1,0
20190413,15시,경기,안산시,토,중상,차대차,기타,기타,안전거리 미확보,기타불명,불명,불명,기타불명,남,61-64세,승합차,상해없음,불명,불명,불명,사업용,노선버스,고속버스,고속국도,단일로,기타단일로,맑음,포장,건조,0,1,0,0
20190413,15시,충북,청주시,토,경상,차대차,기타,기타,안전운전 의무 불이행,남,41-50세,승용차,상해없음,여,21-30세,승용차,경상,비사업용,승용차,승용차,비사업용,승용차,승용차,고속국도,단일로,기타단일로,맑음,포장,건조,0,0,2,0
20190413,18시,경기,용인시,토,중상,차대차,추돌,추돌,안전거리 미확보,남,65세이상,승합차,상해없음,남,65세이상,승합차,상해없음,비사업용,기타/건설기계,기타/건설기계,사업용,전세버스,전세버스,고속국도,단일로,기타단일로,맑음,포장,건조,0,1,4,3
20190413,21시,경기,남양주시,토,경상,차대차,기타,기타,안전거리 미확보,여,21-30세,승용차,상해없음,남,61-64세,승용차,경상,비사업용,승용차,승용차,사업용,렌터카,렌터카,고속국도,단일로,기타단일로,맑음,포장,건조,0,0,1,0
20190413,23시,경기,화성시,토,경상,차대차,기타,기타,기타,기타불명,불명,불명,기타불명,남,41-50세,승용차,경상,불명,불명,불명,비사업용,승용차,승용차,고속국도,단일로,기타단일로,맑음,포장,건조,0,0,3,0
20190413,23시,경남,합천군,토,중상,차대차,추돌,추돌,안전운전 의무 불이행,남,31-40세,승용차,중상,여,21-30세,승용차,경상,비사업용,승용차,승용차,비사업용,승용차,승용차,고속국도,단일로,터널안,맑음,포장,건조,0,1,2,0
20190414,00시,경기,성남시,일,경상,차대차,기타,기타,안전운전 의무 불이행,남,31-40세,승용차,상해없음,남,41-50세,화물차,경상,비사업용,승용차,승용차,비사업용,화물차,화물차,고속국도,단일로,기타단일로,맑음,포장,건조,0,0,1,0
20190414,00시,경기,안성시,일,경상,차대차,기타,기타,안전운전 의무 불이행,여,41-50세,승용차,상해없음,남,31-40세,승용차,경상,비사업용,승용차,승용차,사업용,렌터카,렌터카,고속국도,단일로,기타단일로,맑음,포장,건조,0,0,2,0
20190414,01시,대구,북구,일,경상,차대차,추돌,추돌,안전운전 의무 불이행,남,31-40세,승용차,상해없음,남,51-60세,승용차,경상,비사업용,승용차,승용차,비사업용,승용차,승용차,고속국도,단일로,기타단일로,맑음,포장,건조,0,0,1,0
20190414,07시,경기,군포시,일,중상,차대차,추돌,추돌,신호위반,남,31-40세,승용차,상해없음,남,41-50세,승용차,중상,비사업용,승용차,승용차,사업용,렌터카,렌터카,고속국도,단일로,터널안,맑음,포장,건조,0,1,0,0
20190414,09시,경기,하남시,일,경상,차대차,측면충돌,측면충돌,안전거리 미확보,남,21-30세,승용차,상해없음,남,65세이상,승용차,경상,비사업용,승용차,승용차,비사업용,승용차,승용차,고속국도,단일로,기타단일로,맑음,포장,건조,0,0,1,0
20190414,11시,경기,용인시,일,중상,차대차,추돌,추돌,신호위반,남,41-50세,승용차,상해없음,남,21-30세,승용차,중상,비사업용,승용차,승용차,비사업용,승용차,승용차,고속국도,단일로,기타단일로,흐림,포장,젖음/습기,0,1,3,0
20190414,12시,광주,광산구,일,중상,차대차,측면충돌,측면충돌,안전운전 의무 불이행,남,41-50세,화물차,상해없음,여,41-50세,승용차,중상,사업용,화물차,화물차,비사업용,승용차,승용차,고속국도,단일로,기타단일로,비,포장,젖음/습기,0,1,1,0
20190414,13시,경기,안성시,일,경상,차대차,추돌,추돌,안전운전 의무 불이행,남,51-60세,승용차,상해없음,남,41-50세,승용차,경상,비사업용,승용차,승용차,비사업용,승용차,승용차,고속국도,단일로,기타단일로,흐림,포장,젖음/습기,0,0,2,0
20190414,14시,경기,여주시,일,사망,차대차,추돌,추돌,안전운전 의무 불이행,남,61-64세,승용차,경상,남,51-60세,승용차,사망,비사업용,승용차,승용차,사업용,렌터카,렌터카,고속국도,단일로,기타단일로,맑음,포장,건조,1,1,1,0
20190414,15시,경기,광주시,일,경상,차대차,측면충돌,측면충돌,기타,남,65세이상,승용차,상해없음,남,41-50세,승용차,경상,비사업용,승용차,승용차,비사업용,승용차,승용차,고속국도,단일로,터널안,맑음,포장,건조,0,0,1,0
20190414,17시,인천,남동구,일,중상,차대차,추돌,추돌,안전거리 미확보,남,51-60세,승합차,상해없음,남,41-50세,승용차,중상,비사업용,버스,버스,비사업용,승용차,승용차,고속국도,단일로,기타단일로,맑음,포장,건조,0,2,4,0
20190414,19시,경북,상주시,일,경상,차대차,측면충돌,측면충돌,안전운전 의무 불이행,남,21-30세,승용차,상해없음,여,41-50세,승용차,경상,비사업용,승용차,승용차,비사업용,승용차,승용차,고속국도,단일로,터널안,맑음,포장,건조,0,0,1,0
20190415,01시,인천,남동구,월,경상,차대차,정면충돌,정면충돌,중앙선 침범,남,61-64세,승용차,상해없음,남,31-40세,승용차,경상,사업용,택시,법인택시,비사업용,승용차,승용차,고속국도,단일로,기타단일로,맑음,포장,건조,0,0,3,0
20190415,07시,경기,하남시,월,경상,차대차,기타,기타,안전운전 의무 불이행,여,51-60세,승용차,상해없음,여,31-40세,승용차,경상,비사업용,승용차,승용차,비사업용,승용차,승용차,고속국도,단일로,기타단일로,맑음,포장,건조,0,0,1,0
20190415,07시,인천,서구,월,사망,차대차,추돌,추돌,안전운전 의무 불이행,남,21-30세,화물차,상해없음,남,51-60세,승용차,사망,비사업용,화물차,화물차,비사업용,승용차,승용차,고속국도,단일로,기타단일로,맑음,포장,건조,1,0,0,0
20190415,08시,경기,구리시,월,경상,차대차,기타,기타,안전거리 미확보,여,61-64세,승용차,상해없음,여,21-30세,승용차,경상,비사업용,승용차,승용차,비사업용,승용차,승용차,고속국도,단일로,기타단일로,맑음,포장,건조,0,0,1,1
20190415,09시,인천,남동구,월,경상,차대차,측면충돌,측면충돌,안전거리 미확보,남,51-60세,화물차,상해없음,남,31-40세,승용차,경상,사업용,화물차,화물차,비사업용,승용차,승용차,고속국도,단일로,기타단일로,맑음,포장,건조,0,0,1,0
20190415,10시,인천,부평구,월,경상,차대차,측면충돌,측면충돌,안전거리 미확보,여,21-30세,승용차,상해없음,남,31-40세,화물차,경상,사업용,렌터카,렌터카,비사업용,화물차,화물차,고속국도,단일로,기타단일로,맑음,포장,건조,0,0,1,0
20190415,14시,경기,수원시,월,중상,차대차,추돌,추돌,안전운전 의무 불이행,남,41-50세,승용차,상해없음,여,51-60세,건설기계,기타불명,사업용,렌터카,렌터카,사업용,기타/건설기계,기타/건설기계,고속국도,단일로,기타단일로,맑음,포장,건조,0,1,0,0
20190415,14시,경북,경주시,월,경상,차대차,기타,기타,안전거리 미확보,남,20세이하,승용차,상해없음,남,61-64세,승용차,경상,사업용,렌터카,렌터카,비사업용,승용차,승용차,고속국도,단일로,기타단일로,맑음,포장,건조,0,0,1,0
20190415,17시,경기,의정부시,월,경상,차대차,추돌,추돌,안전운전 의무 불이행,남,65세이상,화물차,상해없음,여,51-60세,승용차,경상,사업용,화물차,화물차,비사업용,승용차,승용차,고속국도,단일로,기타단일로,맑음,포장,건조,0,0,4,0
20190415,17시,전북,전주시,월,경상,차대차,기타,기타,안전운전 의무 불이행,남,65세이상,화물차,상해없음,남,31-40세,승용차,경상,사업용,화물차,화물차,비사업용,승용차,승용차,고속국도,단일로,기타단일로,맑음,포장,건조,0,0,1,0
20190415,17시,충북,청주시,월,경상,차대차,추돌,추돌,안전거리 미확보,여,41-50세,승용차,상해없음,남,21-30세,승용차,경상,비사업용,승용차,승용차,비사업용,승용차,승용차,고속국도,단일로,기타단일로,맑음,포장,건조,0,0,1,0
20190415,18시,광주,북구,월,경상,차대차,추돌,추돌,안전운전 의무 불이행,남,41-50세,승용차,경상,남,31-40세,승용차,경상,비사업용,승용차,승용차,사업용,렌터카,렌터카,고속국도,기타,기타,맑음,포장,건조,0,0,6,0
20190415,21시,인천,부평구,월,경상,차대차,측면충돌,측면충돌,안전거리 미확보,남,31-40세,승용차,상해없음,여,51-60세,승용차,경상,비사업용,승용차,승용차,사업용,렌터카,렌터카,고속국도,단일로,기타단일로,맑음,포장,건조,0,0,1,0
20190415,22시,경기,용인시,월,중상,차량단독,공작물충돌,공작물충돌,안전운전 의무 불이행,남,31-40세,화물차,상해없음,없음,없음,없음,없음,비사업용,화물차,화물차,없음,없음,없음,고속국도,단일로,기타단일로,맑음,포장,건조,0,1,0,0
20190416,00시,강원,춘천시,화,경상,차대차,추돌,추돌,안전거리 미확보,남,21-30세,화물차,상해없음,여,41-50세,승용차,경상,사업용,화물차,화물차,사업용,렌터카,렌터카,고속국도,단일로,기타단일로,맑음,포장,건조,0,0,1,0
20190416,06시,경기,의왕시,화,경상,차대차,추돌,추돌,안전거리 미확보,남,41-50세,승용차,상해없음,남,41-50세,승용차,경상,비사업용,승용차,승용차,비사업용,승용차,승용차,고속국도,단일로,기타단일로,맑음,포장,건조,0,0,2,0
20190416,09시,경기,수원시,화,중상,차대차,기타,기타,안전운전 의무 불이행,남,65세이상,승용차,상해없음,남,51-60세,승용차,경상,비사업용,승용차,승용차,비사업용,승용차,승용차,고속국도,단일로,기타단일로,맑음,포장,건조,0,2,3,2
20190416,09시,경북,칠곡군,화,중상,차대차,추돌,추돌,안전거리 미확보,남,21-30세,승용차,상해없음,남,41-50세,승용차,중상,비사업용,승용차,승용차,비사업용,승용차,승용차,고속국도,단일로,터널안,맑음,포장,건조,0,1,2,0
20190416,11시,경기,하남시,화,경상,차대차,기타,기타,안전운전 의무 불이행,남,61-64세,승용차,상해없음,남,41-50세,화물차,경상,비사업용,승용차,승용차,비사업용,화물차,화물차,고속국도,단일로,기타단일로,맑음,포장,건조,0,0,1,0
20190416,11시,충남,천안시,화,경상,차대차,추돌,추돌,안전거리 미확보,남,51-60세,승합차,상해없음,남,41-50세,화물차,경상,사업용,전세버스,전세버스,비사업용,화물차,화물차,고속국도,단일로,기타단일로,맑음,포장,건조,0,0,5,0
20190416,12시,서울,강동구,화,부상신고,차대차,기타,기타,안전운전 의무 불이행,남,51-60세,승합차,상해없음,남,20세이하,건설기계,상해없음,사업용,노선버스,시외버스,비사업용,기타/건설기계,기타/건설기계,고속국도,단일로,기타단일로,맑음,포장,건조,0,0,0,1
20190416,14시,경남,김해시,화,경상,차대차,측면충돌,측면충돌,안전운전 의무 불이행,여,21-30세,승용차,경상,여,31-40세,승용차,경상,비사업용,승용차,승용차,비사업용,승용차,승용차,고속국도,단일로,기타단일로,맑음,포장,건조,0,0,2,0
20190416,19시,경기,부천시,화,경상,차대차,측면충돌,측면충돌,안전거리 미확보,남,51-60세,승용차,상해없음,남,31-40세,화물차,경상,비사업용,승용차,승용차,사업용,화물차,화물차,고속국도,단일로,기타단일로,맑음,포장,건조,0,0,1,0
20190416,19시,인천,연수구,화,경상,차대차,기타,기타,안전거리 미확보,남,21-30세,승용차,기타불명,남,31-40세,화물차,경상,비사업용,승용차,승용차,사업용,화물차,화물차,고속국도,단일로,교량위,맑음,포장,건조,0,0,1,0
20190416,22시,경기,안성시,화,사망,차대사람,기타,기타,안전운전 의무 불이행,남,31-40세,승용차,상해없음,남,65세이상,보행자,사망,비사업용,승용차,승용차,보행자,보행자,보행자,고속국도,단일로,기타단일로,맑음,포장,건조,1,0,0,0
20190416,22시,경기,용인시,화,경상,차대차,추돌,추돌,안전운전 의무 불이행,남,41-50세,승용차,상해없음,남,31-40세,승용차,경상,비사업용,승용차,승용차,비사업용,승용차,승용차,고속국도,단일로,기타단일로,맑음,포장,건조,0,0,2,0
20190417,01시,전북,남원시,수,중상,차대차,추돌,추돌,안전운전 의무 불이행,남,31-40세,화물차,상해없음,남,51-60세,승용차,중상,사업용,화물차,화물차,비사업용,승용차,승용차,고속국도,단일로,기타단일로,맑음,포장,건조,0,1,1,0
20190417,02시,경기,안양시,수,경상,차대차,측면충돌,측면충돌,안전거리 미확보,남,51-60세,화물차,상해없음,남,31-40세,화물차,경상,비사업용,화물차,화물차,비사업용,화물차,화물차,고속국도,단일로,교량위,맑음,포장,건조,0,0,3,0
20190417,08시,경기,화성시,수,경상,차대차,측면충돌,측면충돌,안전거리 미확보,남,51-60세,승용차,상해없음,남,41-50세,승용차,경상,비사업용,승용차,승용차,비사업용,승용차,승용차,고속국도,단일로,기타단일로,맑음,포장,건조,0,0,1,0
20190417,09시,경기,하남시,수,경상,차대차,측면충돌,측면충돌,안전거리 미확보,남,31-40세,승용차,상해없음,여,31-40세,승용차,경상,비사업용,승용차,승용차,비사업용,승용차,승용차,고속국도,단일로,기타단일로,맑음,포장,건조,0,0,1,0
20190417,10시,경기,성남시,수,경상,차량단독,기타,기타,안전운전 의무 불이행,남,31-40세,승합차,상해없음,없음,없음,없음,없음,사업용,노선버스,시외버스,없음,없음,없음,고속국도,단일로,기타단일로,맑음,포장,건조,0,0,2,0
20190417,13시,경기,광주시,수,경상,차대차,추돌,추돌,안전운전 의무 불이행,남,41-50세,화물차,상해없음,남,65세이상,승용차,경상,비사업용,화물차,화물차,비사업용,승용차,승용차,고속국도,단일로,기타단일로,맑음,포장,건조,0,0,1,0
20190417,16시,경기,안성시,수,경상,차대차,기타,기타,안전거리 미확보,남,31-40세,화물차,상해없음,남,41-50세,특수차,상해없음,사업용,화물차,화물차,사업용,화물차,화물차,고속국도,단일로,기타단일로,맑음,포장,건조,0,0,1,0
20190417,19시,경기,용인시,수,중상,차대차,추돌,추돌,안전운전 의무 불이행,남,51-60세,화물차,부상신고,여,31-40세,승용차,경상,비사업용,화물차,화물차,비사업용,승용차,승용차,고속국도,단일로,기타단일로,맑음,포장,건조,0,1,3,6
20190418,05시,경북,예천군,목,중상,차대차,추돌,추돌,안전운전 의무 불이행,남,51-60세,승용차,중상,남,41-50세,건설기계,중상,비사업용,승용차,승용차,사업용,기타/건설기계,기타/건설기계,고속국도,단일로,기타단일로,맑음,포장,건조,0,2,0,0
20190418,06시,대구,동구,목,경상,차대차,추돌,추돌,안전거리 미확보,여,51-60세,화물차,상해없음,남,51-60세,승용차,경상,비사업용,화물차,화물차,비사업용,승용차,승용차,고속국도,교차로,교차로부근,맑음,포장,건조,0,0,2,0
20190418,09시,경기,용인시,목,중상,차대차,추돌,추돌,안전운전 의무 불이행,남,31-40세,승용차,상해없음,여,31-40세,승용차,중상,비사업용,승용차,승용차,비사업용,승용차,승용차,고속국도,단일로,기타단일로,맑음,포장,건조,0,1,0,0
20190418,12시,경남,함안군,목,중상,차대차,추돌,추돌,안전운전 의무 불이행,남,61-64세,승합차,중상,남,21-30세,화물차,경상,사업용,노선버스,시외버스,비사업용,화물차,화물차,고속국도,단일로,기타단일로,맑음,포장,건조,0,3,7,0
20190418,12시,경북,영천시,목,경상,차대차,측면충돌,측면충돌,안전운전 의무 불이행,남,21-30세,화물차,경상,여,21-30세,승용차,경상,비사업용,화물차,화물차,비사업용,승용차,승용차,고속국도,단일로,기타단일로,맑음,포장,건조,0,0,3,0
20190418,13시,경기,용인시,목,중상,차대차,추돌,추돌,안전운전 의무 불이행,여,21-30세,승용차,경상,남,31-40세,승용차,상해없음,비사업용,승용차,승용차,사업용,렌터카,렌터카,고속국도,단일로,기타단일로,맑음,포장,건조,0,1,7,0
20190418,18시,충남,천안시,목,경상,차대차,추돌,추돌,안전거리 미확보,남,21-30세,승용차,상해없음,남,51-60세,승용차,경상,비사업용,승용차,승용차,비사업용,승용차,승용차,고속국도,단일로,기타단일로,맑음,포장,건조,0,0,4,0
20190418,19시,경기,시흥시,목,중상,차대차,추돌,추돌,안전운전 의무 불이행,남,51-60세,화물차,상해없음,남,31-40세,승용차,중상,비사업용,화물차,화물차,비사업용,승용차,승용차,고속국도,단일로,기타단일로,맑음,포장,건조,0,1,0,0
20190419,02시,경북,영천시,금,경상,차대차,측면충돌,측면충돌,안전운전 의무 불이행,남,65세이상,화물차,상해없음,남,41-50세,승용차,경상,비사업용,화물차,화물차,비사업용,승용차,승용차,고속국도,단일로,기타단일로,맑음,포장,건조,0,0,1,0
20190419,03시,경북,구미시,금,경상,차대차,추돌,추돌,안전운전 의무 불이행,남,31-40세,특수차,상해없음,남,21-30세,승용차,경상,사업용,위험물운송,위험물운송,비사업용,승용차,승용차,고속국도,단일로,기타단일로,맑음,포장,건조,0,0,1,0
20190419,05시,경기,부천시,금,사망,차대차,추돌,추돌,안전거리 미확보,남,65세이상,화물차,사망,남,51-60세,화물차,경상,사업용,화물차,화물차,비사업용,화물차,화물차,고속국도,단일로,기타단일로,맑음,포장,건조,1,0,2,0
20190419,10시,경북,칠곡군,금,경상,차대차,측면충돌,측면충돌,안전운전 의무 불이행,남,31-40세,승용차,상해없음,남,65세이상,승용차,경상,비사업용,승용차,승용차,비사업용,승용차,승용차,고속국도,단일로,기타단일로,맑음,포장,건조,0,0,2,0
20190419,12시,대구,달서구,금,경상,차대차,추돌,추돌,안전운전 의무 불이행,남,41-50세,화물차,경상,남,41-50세,화물차,경상,사업용,화물차,화물차,사업용,화물차,화물차,고속국도,단일로,기타단일로,맑음,포장,건조,0,0,2,0
20190419,16시,경기,용인시,금,중상,차대차,기타,기타,안전운전 의무 불이행,남,51-60세,승용차,상해없음,여,61-64세,승용차,중상,비사업용,승용차,승용차,비사업용,승용차,승용차,고속국도,단일로,기타단일로,맑음,포장,건조,0,2,0,0
20190419,16시,경기,포천시,금,경상,차대차,추돌,추돌,안전운전 의무 불이행,남,61-64세,화물차,상해없음,남,21-30세,특수차,경상,비사업용,화물차,화물차,사업용,화물차,화물차,고속국도,단일로,기타단일로,맑음,포장,건조,0,0,1,0
20190419,16시,대구,서구,금,경상,차대차,측면충돌,측면충돌,안전거리 미확보,남,51-60세,승합차,상해없음,남,21-30세,승용차,경상,사업용,노선버스,고속버스,비사업용,승용차,승용차,고속국도,단일로,기타단일로,맑음,포장,건조,0,0,2,0
20190419,17시,전남,담양군,금,경상,차대차,기타,기타,과속,여,31-40세,승용차,경상,남,41-50세,승용차,상해없음,비사업용,승용차,승용차,비사업용,승용차,승용차,고속국도,단일로,기타단일로,맑음,포장,건조,0,0,3,0
20190419,20시,충북,괴산군,금,중상,차대차,추돌,추돌,안전거리 미확보,여,41-50세,승용차,경상,기타불명,불명,승용차,기타불명,비사업용,승용차,승용차,비사업용,승용차,승용차,고속국도,단일로,기타단일로,맑음,포장,건조,0,2,2,0
20190419,23시,경기,시흥시,금,경상,차대차,기타,기타,안전운전 의무 불이행,남,21-30세,승용차,상해없음,남,21-30세,승용차,상해없음,사업용,렌터카,렌터카,비사업용,승용차,승용차,고속국도,단일로,기타단일로,맑음,포장,건조,0,0,1,0
20190420,05시,충북,진천군,토,중상,차대차,추돌,추돌,안전거리 미확보,남,21-30세,승용차,상해없음,남,51-60세,화물차,경상,사업용,렌터카,렌터카,비사업용,화물차,화물차,고속국도,단일로,기타단일로,맑음,포장,건조,0,1,3,0
20190420,11시,경기,안산시,토,경상,차대차,측면충돌,측면충돌,안전운전 의무 불이행,남,61-64세,특수차,상해없음,남,21-30세,승용차,경상,사업용,화물차,화물차,비사업용,승용차,승용차,고속국도,단일로,기타단일로,맑음,포장,건조,0,0,3,0
20190420,15시,대구,서구,토,경상,차대차,측면충돌,측면충돌,안전운전 의무 불이행,남,51-60세,화물차,상해없음,여,51-60세,승용차,경상,비사업용,화물차,화물차,비사업용,승용차,승용차,고속국도,단일로,기타단일로,맑음,포장,건조,0,0,2,0
20190420,15시,충남,공주시,토,중상,차대차,추돌,추돌,안전운전 의무 불이행,남,51-60세,승용차,중상,남,21-30세,승용차,경상,비사업용,승용차,승용차,비사업용,승용차,승용차,고속국도,단일로,기타단일로,맑음,포장,건조,0,2,2,0
20190420,15시,충남,논산시,토,경상,차대차,추돌,추돌,안전운전 의무 불이행,남,51-60세,승용차,경상,남,51-60세,승합차,상해없음,비사업용,승용차,승용차,사업용,노선버스,고속버스,고속국도,단일로,기타단일로,맑음,포장,건조,0,0,5,0
20190420,15시,충북,청주시,토,경상,차대차,추돌,추돌,신호위반,남,41-50세,승용차,상해없음,여,21-30세,승용차,경상,비사업용,승용차,승용차,비사업용,승용차,승용차,고속국도,단일로,기타단일로,맑음,포장,건조,0,0,3,0
20190420,15시,충북,청주시,토,경상,차대차,측면충돌,측면충돌,안전운전 의무 불이행,여,21-30세,승용차,상해없음,남,21-30세,승용차,경상,비사업용,승용차,승용차,비사업용,승용차,승용차,고속국도,단일로,기타단일로,맑음,포장,건조,0,0,2,0
20190420,18시,경북,상주시,토,경상,차량단독,전도,전도,안전운전 의무 불이행,남,51-60세,화물차,상해없음,없음,없음,없음,없음,비사업용,화물차,화물차,없음,없음,없음,고속국도,단일로,기타단일로,맑음,포장,건조,0,0,1,0
20190420,18시,대구,달성군,토,중상,차대차,측면충돌,측면충돌,안전운전 의무 불이행,남,51-60세,승용차,중상,여,21-30세,승용차,중상,사업용,렌터카,렌터카,비사업용,승용차,승용차,고속국도,단일로,기타단일로,맑음,포장,건조,0,2,0,0
20190420,23시,강원,평창군,토,경상,차대차,측면충돌,측면충돌,안전운전 의무 불이행,남,51-60세,승용차,상해없음,여,51-60세,승용차,경상,비사업용,승용차,승용차,비사업용,승용차,승용차,고속국도,단일로,기타단일로,맑음,포장,건조,0,0,2,0
20190420,23시,서울,서초구,토,부상신고,차대차,기타,기타,안전거리 미확보,남,31-40세,승용차,부상신고,남,31-40세,승용차,상해없음,비사업용,승용차,승용차,비사업용,승용차,승용차,고속국도,단일로,기타단일로,맑음,포장,건조,0,0,0,1
20190421,07시,경기,용인시,일,경상,차대차,기타,기타,안전거리 미확보,여,21-30세,승용차,상해없음,남,31-40세,승용차,경상,비사업용,승용차,승용차,비사업용,승용차,승용차,고속국도,단일로,기타단일로,맑음,포장,건조,0,0,6,0
20190421,10시,대전,대덕구,일,경상,차대차,기타,기타,안전운전 의무 불이행,여,61-64세,승용차,상해없음,여,21-30세,승용차,경상,비사업용,승용차,승용차,비사업용,승용차,승용차,고속국도,단일로,기타단일로,맑음,포장,건조,0,0,1,0
20190421,10시,충남,당진시,일,중상,차대차,기타,기타,안전거리 미확보,남,65세이상,승용차,상해없음,남,51-60세,승용차,상해없음,비사업용,승용차,승용차,비사업용,승용차,승용차,고속국도,단일로,기타단일로,맑음,포장,건조,0,1,4,0
20190421,11시,경기,양주시,일,중상,차대차,추돌,추돌,안전운전 의무 불이행,남,21-30세,승용차,상해없음,여,31-40세,승용차,중상,사업용,렌터카,렌터카,비사업용,승용차,승용차,고속국도,단일로,터널안,맑음,포장,건조,0,2,0,0
20190421,12시,광주,북구,일,경상,차대차,기타,기타,안전운전 의무 불이행,남,31-40세,승합차,상해없음,남,20세이하,승용차,경상,비사업용,버스,버스,사업용,렌터카,렌터카,고속국도,단일로,기타단일로,맑음,포장,건조,0,0,1,0
20190421,12시,충북,청주시,일,경상,차대차,기타,기타,안전운전 의무 불이행,남,21-30세,승용차,상해없음,남,65세이상,승용차,경상,비사업용,승용차,승용차,비사업용,승용차,승용차,고속국도,단일로,기타단일로,맑음,포장,건조,0,0,2,0