발생일,발생시간,발생지_시도,발생지_시군구,요일,사고내용,사고유형_대분류,사고유형_중분류,사고유형,가해자법규위반,가해자성별,가해자연령,가해당사자종별,가해자신체상해정도,피해자성별,피해자연령,피해당사자종별,피해자신체상해정도,가해차량용도_대분류,가해차량용도_중분류,가해차량용도,피해차량용도_대분류,피해차량용도_중분류,피해차량용도,도로종류,도로형태_대분류,도로형태,기상상태,노면상태_대분류,노면상태,사망자수,중상자수,경상자수,부상신고자수
20190421,15시,경남,양산시,일,경상,차대차,기타,기타,기타,남,31-40세,화물차,상해없음,남,31-40세,승용차,경상,비사업용,화물차,화물차,비사업용,승용차,승용차,고속국도,단일로,기타단일로,맑음,포장,건조,0,0,2,0
20190421,18시,경북,구미시,일,경상,차대차,추돌,추돌,안전거리 미확보,남,51-60세,화물차,상해없음,남,51-60세,화물차,경상,비사업용,화물차,화물차,비사업용,화물차,화물차,고속국도,단일로,터널안,맑음,포장,건조,0,0,3,0
20190421,20시,경남,김해시,일,중상,차대차,기타,기타,안전운전 의무 불이행,남,31-40세,승용차,상해없음,남,51-60세,승합차,상해없음,비사업용,승용차,승용차,사업용,전세버스,전세버스,고속국도,단일로,기타단일로,맑음,포장,건조,0,1,2,0
20190421,21시,충남,당진시,일,경상,차대차,추돌,추돌,안전운전 의무 불이행,남,31-40세,승용차,상해없음,남,41-50세,승용차,경상,비사업용,승용차,승용차,비사업용,승용차,승용차,고속국도,단일로,기타단일로,맑음,포장,건조,0,0,1,0
20190421,22시,경기,하남시,일,부상신고,차대차,기타,기타,안전운전 의무 불이행,기타불명,불명,불명,기타불명,남,65세이상,승용차,상해없음,불명,불명,불명,비사업용,승용차,승용차,고속국도,단일로,기타단일로,맑음,포장,건조,0,0,0,1
20190422,03시,경기,평택시,월,중상,차대사람,기타,기타,안전운전 의무 불이행,남,51-60세,승용차,상해없음,남,41-50세,보행자,중상,비사업용,승용차,승용차,보행자,보행자,보행자,고속국도,기타,기타,맑음,포장,건조,0,1,0,0
20190422,04시,경기,시흥시,월,중상,차대차,추돌,추돌,안전거리 미확보,남,51-60세,화물차,중상,남,65세이상,특수차,상해없음,사업용,화물차,화물차,사업용,화물차,화물차,고속국도,단일로,교량위,맑음,포장,건조,0,1,0,0
20190422,06시,경기,시흥시,월,경상,차대차,기타,기타,안전거리 미확보,남,51-60세,승용차,상해없음,남,51-60세,승용차,경상,비사업용,승용차,승용차,비사업용,승용차,승용차,고속국도,단일로,교량위,맑음,포장,건조,0,0,3,0
20190422,07시,인천,남동구,월,중상,차대차,추돌,추돌,안전운전 의무 불이행,남,51-60세,승용차,상해없음,남,31-40세,승용차,중상,사업용,렌터카,렌터카,비사업용,승용차,승용차,고속국도,단일로,터널안,맑음,포장,건조,0,1,3,0
20190422,08시,충북,충주시,월,중상,차대차,추돌,추돌,안전거리 미확보,남,65세이상,화물차,경상,남,31-40세,승용차,부상신고,비사업용,화물차,화물차,비사업용,승용차,승용차,고속국도,단일로,기타단일로,맑음,포장,건조,0,1,6,2
20190422,11시,경남,양산시,월,경상,차대차,추돌,추돌,안전운전 의무 불이행,남,41-50세,화물차,상해없음,남,61-64세,승용차,경상,비사업용,화물차,화물차,비사업용,승용차,승용차,고속국도,단일로,기타단일로,맑음,포장,건조,0,0,2,0
20190422,11시,인천,미추홀구,월,경상,차대차,측면충돌,측면충돌,안전거리 미확보,여,51-60세,승용차,상해없음,남,41-50세,화물차,경상,비사업용,승용차,승용차,사업용,화물차,화물차,고속국도,단일로,기타단일로,맑음,포장,건조,0,0,1,0
20190422,11시,충남,당진시,월,사망,차대차,추돌,추돌,안전운전 의무 불이행,남,31-40세,화물차,사망,남,41-50세,화물차,경상,사업용,화물차,화물차,사업용,화물차,화물차,고속국도,단일로,기타단일로,맑음,포장,건조,1,0,1,0
20190422,12시,경기,안산시,월,경상,차대차,측면충돌,측면충돌,안전운전 의무 불이행,남,31-40세,승용차,상해없음,남,31-40세,승용차,경상,비사업용,승용차,승용차,비사업용,승용차,승용차,고속국도,단일로,기타단일로,맑음,포장,건조,0,0,1,0
20190422,12시,충남,천안시,월,경상,차대차,기타,기타,안전운전 의무 불이행,남,41-50세,화물차,상해없음,여,31-40세,승용차,경상,비사업용,화물차,화물차,비사업용,승용차,승용차,고속국도,단일로,기타단일로,맑음,포장,건조,0,0,4,0
20190422,13시,경기,오산시,월,경상,차대차,추돌,추돌,안전운전 의무 불이행,남,41-50세,화물차,상해없음,남,61-64세,화물차,경상,사업용,화물차,화물차,사업용,화물차,화물차,고속국도,단일로,기타단일로,맑음,포장,건조,0,0,1,0
20190422,13시,전남,순천시,월,경상,차대차,기타,기타,안전거리 미확보,남,20세이하,승용차,상해없음,남,21-30세,화물차,경상,사업용,렌터카,렌터카,비사업용,화물차,화물차,고속국도,단일로,기타단일로,맑음,포장,건조,0,0,2,0
20190422,14시,경기,오산시,월,중상,차대차,추돌,추돌,안전운전 의무 불이행,남,31-40세,승합차,상해없음,남,51-60세,승용차,중상,사업용,전세버스,전세버스,비사업용,승용차,승용차,고속국도,단일로,기타단일로,맑음,포장,건조,0,1,2,0
20190422,16시,충북,충주시,월,중상,차대차,추돌,추돌,안전운전 의무 불이행,남,31-40세,승용차,상해없음,남,65세이상,승용차,경상,사업용,렌터카,렌터카,비사업용,승용차,승용차,고속국도,단일로,기타단일로,맑음,포장,건조,0,1,1,0
20190422,17시,경기,시흥시,월,경상,차대차,측면충돌,측면충돌,안전운전 의무 불이행,남,51-60세,화물차,상해없음,남,51-60세,승용차,경상,비사업용,화물차,화물차,사업용,렌터카,렌터카,고속국도,단일로,기타단일로,맑음,포장,건조,0,0,4,0
20190422,17시,대구,북구,월,경상,차대차,측면충돌,측면충돌,안전운전 의무 불이행,남,41-50세,화물차,상해없음,여,51-60세,승용차,경상,사업용,화물차,화물차,비사업용,승용차,승용차,고속국도,단일로,기타단일로,맑음,포장,건조,0,0,1,0
20190423,00시,인천,중구,화,중상,차대차,추돌,추돌,안전운전 의무 불이행,남,41-50세,승용차,상해없음,남,20세이하,승용차,경상,사업용,택시,법인택시,사업용,렌터카,렌터카,고속국도,단일로,기타단일로,맑음,포장,건조,0,1,4,0
20190423,07시,경기,수원시,화,경상,차대차,기타,기타,안전운전 의무 불이행,남,41-50세,화물차,상해없음,남,41-50세,승용차,경상,비사업용,화물차,화물차,사업용,렌터카,렌터카,고속국도,단일로,기타단일로,맑음,포장,건조,0,0,1,0
20190423,07시,경기,용인시,화,경상,차대차,기타,기타,안전운전 의무 불이행,남,41-50세,건설기계,상해없음,남,31-40세,승용차,경상,사업용,기타/건설기계,기타/건설기계,비사업용,승용차,승용차,고속국도,단일로,기타단일로,맑음,포장,건조,0,0,1,0
20190423,07시,경기,파주시,화,경상,차대차,기타,기타,안전운전 의무 불이행,여,51-60세,승용차,상해없음,여,21-30세,승용차,경상,비사업용,승용차,승용차,비사업용,승용차,승용차,고속국도,단일로,기타단일로,맑음,포장,건조,0,0,1,0
20190423,11시,인천,남동구,화,경상,차대차,추돌,추돌,안전운전 의무 불이행,남,31-40세,승용차,경상,남,61-64세,화물차,상해없음,사업용,렌터카,렌터카,사업용,화물차,화물차,고속국도,단일로,기타단일로,맑음,포장,건조,0,0,1,0
20190423,18시,경기,광명시,화,경상,차대차,측면충돌,측면충돌,안전거리 미확보,여,41-50세,승용차,기타불명,남,21-30세,승용차,경상,비사업용,승용차,승용차,비사업용,승용차,승용차,고속국도,단일로,기타단일로,맑음,포장,건조,0,0,1,0
20190423,18시,경기,안양시,화,경상,차대차,기타,기타,안전거리 미확보,남,61-64세,화물차,상해없음,여,21-30세,승용차,경상,비사업용,화물차,화물차,비사업용,승용차,승용차,고속국도,단일로,기타단일로,맑음,포장,건조,0,0,1,0
20190423,20시,충남,논산시,화,중상,차대차,추돌,추돌,안전운전 의무 불이행,남,51-60세,승합차,상해없음,여,41-50세,화물차,중상,사업용,노선버스,시외버스,비사업용,화물차,화물차,고속국도,단일로,기타단일로,비,포장,젖음/습기,0,2,0,0
20190423,20시,충남,천안시,화,중상,차대차,기타,기타,안전운전 의무 불이행,남,51-60세,화물차,상해없음,남,31-40세,승용차,중상,사업용,화물차,화물차,비사업용,승용차,승용차,고속국도,단일로,기타단일로,비,포장,젖음/습기,0,1,0,0
20190423,22시,경남,김해시,화,경상,차대차,추돌,추돌,안전운전 의무 불이행,남,41-50세,승용차,상해없음,남,41-50세,화물차,경상,비사업용,승용차,승용차,사업용,화물차,화물차,고속국도,단일로,기타단일로,비,포장,젖음/습기,0,0,1,0
20190423,22시,대전,유성구,화,경상,차대차,측면충돌,측면충돌,안전운전 의무 불이행,남,61-64세,화물차,상해없음,남,41-50세,승용차,경상,사업용,화물차,화물차,비사업용,승용차,승용차,고속국도,단일로,기타단일로,비,포장,젖음/습기,0,0,1,0
20190424,03시,경기,구리시,수,중상,차대차,기타,기타,안전운전 의무 불이행,남,51-60세,승용차,상해없음,남,31-40세,승용차,상해없음,사업용,택시,법인택시,비사업용,승용차,승용차,고속국도,단일로,기타단일로,비,포장,젖음/습기,0,1,0,0
20190424,03시,경기,양평군,수,중상,차대차,기타,기타,안전운전 의무 불이행,남,51-60세,특수차,중상,남,51-60세,화물차,경상,사업용,화물차,화물차,비사업용,화물차,화물차,고속국도,단일로,기타단일로,비,포장,젖음/습기,0,1,1,0
20190424,14시,경기,이천시,수,부상신고,차대차,기타,기타,안전거리 미확보,남,61-64세,화물차,상해없음,남,61-64세,승용차,부상신고,사업용,화물차,화물차,비사업용,승용차,승용차,고속국도,단일로,기타단일로,맑음,포장,건조,0,0,0,2
20190424,16시,경기,성남시,수,경상,차대차,추돌,추돌,안전운전 의무 불이행,남,41-50세,화물차,경상,남,41-50세,화물차,경상,비사업용,화물차,화물차,사업용,화물차,화물차,고속국도,단일로,기타단일로,맑음,포장,건조,0,0,2,0
20190424,16시,경기,이천시,수,중상,차대차,추돌,추돌,안전운전 의무 불이행,남,51-60세,화물차,상해없음,남,31-40세,승용차,중상,비사업용,화물차,화물차,비사업용,승용차,승용차,고속국도,단일로,기타단일로,비,포장,젖음/습기,0,3,0,0
20190424,16시,경북,성주군,수,경상,차대차,기타,기타,안전운전 의무 불이행,남,31-40세,건설기계,상해없음,남,21-30세,승용차,경상,사업용,기타/건설기계,기타/건설기계,비사업용,승용차,승용차,고속국도,단일로,기타단일로,맑음,포장,건조,0,0,2,0
20190424,23시,인천,남동구,수,경상,차대차,추돌,추돌,안전운전 의무 불이행,남,31-40세,승합차,상해없음,남,31-40세,승합차,경상,비사업용,버스,버스,비사업용,버스,버스,고속국도,단일로,기타단일로,맑음,포장,건조,0,0,1,0
20190425,00시,경남,김해시,목,경상,차대차,추돌,추돌,안전거리 미확보,남,51-60세,승합차,상해없음,여,51-60세,승용차,경상,비사업용,어린이통학버스,어린이통학버스,비사업용,승용차,승용차,고속국도,단일로,기타단일로,맑음,포장,건조,0,0,1,0
20190425,04시,강원,홍천군,목,사망,차량단독,공작물충돌,공작물충돌,안전운전 의무 불이행,남,31-40세,승용차,사망,없음,없음,없음,없음,비사업용,승용차,승용차,없음,없음,없음,고속국도,단일로,기타단일로,맑음,포장,건조,1,0,1,0
20190425,08시,서울,송파구,목,경상,차대차,측면충돌,측면충돌,안전거리 미확보,남,31-40세,화물차,상해없음,남,21-30세,승용차,경상,비사업용,화물차,화물차,비사업용,승용차,승용차,고속국도,단일로,기타단일로,맑음,포장,건조,0,0,1,0
20190425,09시,경기,하남시,목,경상,차대차,기타,기타,안전운전 의무 불이행,남,61-64세,화물차,상해없음,남,51-60세,승용차,경상,비사업용,화물차,화물차,비사업용,승용차,승용차,고속국도,단일로,기타단일로,맑음,포장,건조,0,0,1,0
20190425,10시,대구,북구,목,경상,차대차,추돌,추돌,안전거리 미확보,남,41-50세,건설기계,상해없음,남,51-60세,승용차,경상,사업용,기타/건설기계,기타/건설기계,사업용,렌터카,렌터카,고속국도,단일로,기타단일로,맑음,포장,건조,0,0,1,0
20190425,10시,대구,북구,목,경상,차대차,추돌,추돌,안전운전 의무 불이행,남,65세이상,화물차,상해없음,여,41-50세,승용차,경상,비사업용,화물차,화물차,비사업용,승용차,승용차,고속국도,교차로,교차로부근,맑음,포장,건조,0,0,1,0
20190425,11시,경남,진주시,목,경상,차대차,기타,기타,안전운전 의무 불이행,남,51-60세,화물차,상해없음,여,41-50세,승용차,경상,사업용,화물차,화물차,비사업용,승용차,승용차,고속국도,단일로,기타단일로,비,포장,젖음/습기,0,0,2,0
20190425,11시,경남,창녕군,목,사망,차대사람,기타,기타,안전운전 의무 불이행,남,61-64세,화물차,상해없음,남,51-60세,보행자,사망,사업용,화물차,화물차,보행자,보행자,보행자,고속국도,단일로,기타단일로,흐림,포장,젖음/습기,1,0,0,0
20190425,14시,경남,김해시,목,경상,차대차,추돌,추돌,안전운전 의무 불이행,남,65세이상,화물차,상해없음,남,51-60세,승용차,경상,비사업용,화물차,화물차,비사업용,승용차,승용차,고속국도,단일로,기타단일로,맑음,포장,건조,0,0,2,0
20190425,16시,경기,용인시,목,중상,차대차,측면충돌,측면충돌,안전거리 미확보,남,65세이상,승합차,상해없음,남,41-50세,승합차,부상신고,사업용,노선버스,고속버스,사업용,노선버스,고속버스,고속국도,단일로,기타단일로,비,포장,젖음/습기,0,2,3,1
20190425,18시,경남,김해시,목,경상,차대차,추돌,추돌,안전운전 의무 불이행,여,31-40세,승용차,상해없음,남,41-50세,화물차,기타불명,비사업용,승용차,승용차,사업용,화물차,화물차,고속국도,단일로,기타단일로,맑음,포장,건조,0,0,1,0
20190425,19시,경기,부천시,목,경상,차대차,측면충돌,측면충돌,안전거리 미확보,남,65세이상,화물차,상해없음,남,31-40세,승용차,경상,비사업용,화물차,화물차,비사업용,승용차,승용차,고속국도,단일로,기타단일로,맑음,포장,젖음/습기,0,0,3,0
20190425,19시,경기,부천시,목,경상,차대차,측면충돌,측면충돌,안전운전 의무 불이행,남,21-30세,승용차,상해없음,남,51-60세,승용차,경상,비사업용,승용차,승용차,비사업용,승용차,승용차,고속국도,단일로,기타단일로,비,포장,젖음/습기,0,0,2,0
20190426,02시,충북,충주시,금,중상,차대차,추돌,추돌,안전운전 의무 불이행,남,21-30세,승용차,중상,남,61-64세,화물차,상해없음,비사업용,승용차,승용차,사업용,화물차,화물차,고속국도,단일로,기타단일로,비,포장,젖음/습기,0,1,0,0
20190426,05시,경남,함안군,금,중상,차대차,측면충돌,측면충돌,안전운전 의무 불이행,기타불명,불명,불명,기타불명,남,31-40세,승용차,상해없음,불명,불명,불명,사업용,렌터카,렌터카,고속국도,단일로,기타단일로,비,포장,젖음/습기,0,2,0,0
20190426,06시,충남,천안시,금,중상,차대차,추돌,추돌,안전운전 의무 불이행,남,21-30세,승용차,상해없음,여,51-60세,승용차,중상,사업용,렌터카,렌터카,비사업용,승용차,승용차,고속국도,단일로,기타단일로,맑음,포장,건조,0,1,0,0
20190426,07시,경기,하남시,금,경상,차대차,측면충돌,측면충돌,안전운전 의무 불이행,여,51-60세,승용차,상해없음,남,61-64세,승용차,경상,사업용,렌터카,렌터카,비사업용,승용차,승용차,고속국도,단일로,기타단일로,맑음,포장,건조,0,0,1,0
20190426,07시,경남,양산시,금,경상,차대차,기타,기타,안전운전 의무 불이행,남,31-40세,승용차,상해없음,남,51-60세,특수차,경상,비사업용,승용차,승용차,사업용,화물차,화물차,고속국도,단일로,기타단일로,맑음,포장,건조,0,0,1,0
20190426,12시,부산,기장군,금,경상,차대차,추돌,추돌,중앙선 침범,여,31-40세,승용차,상해없음,여,51-60세,승용차,경상,비사업용,승용차,승용차,비사업용,승용차,승용차,고속국도,교차로,교차로내,흐림,포장,젖음/습기,0,0,5,0
20190426,16시,경기,오산시,금,경상,차대차,추돌,추돌,안전거리 미확보,남,41-50세,승용차,부상신고,남,41-50세,승합차,부상신고,비사업용,승용차,승용차,사업용,전세버스,전세버스,고속국도,단일로,기타단일로,비,포장,젖음/습기,0,0,2,7
20190426,16시,경기,용인시,금,중상,차대차,측면충돌,측면충돌,안전거리 미확보,남,61-64세,화물차,상해없음,여,31-40세,승용차,중상,비사업용,화물차,화물차,비사업용,승용차,승용차,고속국도,단일로,기타단일로,비,포장,젖음/습기,0,1,0,0
20190426,18시,광주,북구,금,경상,차대차,추돌,추돌,안전운전 의무 불이행,여,21-30세,승용차,상해없음,남,31-40세,승용차,경상,비사업용,승용차,승용차,비사업용,승용차,승용차,고속국도,단일로,고가도로위,비,포장,젖음/습기,0,0,4,0
20190426,20시,충남,천안시,금,경상,차대차,측면충돌,측면충돌,안전운전 의무 불이행,남,41-50세,승용차,상해없음,남,31-40세,승용차,경상,비사업용,승용차,승용차,비사업용,승용차,승용차,고속국도,단일로,기타단일로,맑음,포장,건조,0,0,1,0
20190426,21시,경기,성남시,금,사망,차대차,추돌,추돌,안전거리 미확보,남,65세이상,화물차,사망,여,21-30세,승용차,경상,비사업용,화물차,화물차,비사업용,승용차,승용차,고속국도,단일로,기타단일로,맑음,포장,건조,1,1,1,1
20190426,21시,경북,군위군,금,경상,차대차,측면충돌,측면충돌,안전거리 미확보,남,51-60세,승합차,상해없음,남,31-40세,승용차,경상,사업용,노선버스,고속버스,비사업용,승용차,승용차,고속국도,단일로,기타단일로,맑음,포장,건조,0,0,2,0
20190426,22시,경기,안산시,금,경상,차대차,기타,기타,안전운전 의무 불이행,남,51-60세,승용차,경상,남,31-40세,특수차,경상,비사업용,승용차,승용차,사업용,화물차,화물차,고속국도,단일로,기타단일로,맑음,포장,건조,0,0,3,0
20190426,23시,인천,중구,금,중상,차대차,측면충돌,측면충돌,안전거리 미확보,남,31-40세,승용차,상해없음,여,31-40세,승합차,중상,비사업용,승용차,승용차,비사업용,버스,버스,고속국도,단일로,기타단일로,맑음,포장,건조,0,2,0,0
20190426,23시,전북,완주군,금,중상,차대차,측면충돌,측면충돌,안전운전 의무 불이행,여,51-60세,승용차,상해없음,남,51-60세,승용차,중상,비사업용,승용차,승용차,비사업용,승용차,승용차,고속국도,단일로,기타단일로,비,포장,젖음/습기,0,1,0,0
20190427,06시,충북,청주시,토,사망,차량단독,공작물충돌,공작물충돌,안전운전 의무 불이행,남,61-64세,승용차,사망,없음,없음,없음,없음,비사업용,승용차,승용차,없음,없음,없음,고속국도,단일로,기타단일로,맑음,포장,건조,1,0,0,0
20190427,09시,경기,양주시,토,중상,차대차,추돌,추돌,안전운전 의무 불이행,여,21-30세,승용차,상해없음,남,51-60세,승용차,상해없음,비사업용,승용차,승용차,비사업용,승용차,승용차,고속국도,단일로,터널안,맑음,포장,건조,0,3,1,0
20190427,10시,경기,용인시,토,경상,차대차,추돌,추돌,안전운전 의무 불이행,남,51-60세,승용차,상해없음,남,31-40세,승용차,경상,비사업용,승용차,승용차,비사업용,승용차,승용차,고속국도,단일로,기타단일로,맑음,포장,건조,0,0,1,0
20190427,11시,경기,여주시,토,경상,차대차,추돌,추돌,안전거리 미확보,남,31-40세,승용차,상해없음,남,31-40세,승용차,경상,비사업용,승용차,승용차,비사업용,승용차,승용차,고속국도,단일로,기타단일로,맑음,포장,건조,0,0,3,1
20190427,11시,경기,화성시,토,경상,차대차,추돌,추돌,안전운전 의무 불이행,남,51-60세,승용차,상해없음,여,51-60세,승용차,경상,비사업용,승용차,승용차,비사업용,승용차,승용차,고속국도,단일로,기타단일로,맑음,포장,건조,0,0,1,0
20190427,11시,경남,사천시,토,경상,차대차,추돌,추돌,안전운전 의무 불이행,남,41-50세,승용차,경상,남,21-30세,승용차,상해없음,비사업용,승용차,승용차,비사업용,승용차,승용차,고속국도,단일로,기타단일로,맑음,포장,건조,0,0,5,0
20190427,13시,대구,동구,토,중상,차대차,기타,기타,안전운전 의무 불이행,남,51-60세,화물차,중상,남,41-50세,승용차,상해없음,비사업용,화물차,화물차,비사업용,승용차,승용차,고속국도,단일로,기타단일로,맑음,포장,건조,0,1,0,0
20190427,13시,충남,당진시,토,경상,차대사람,기타,기타,안전운전 의무 불이행,남,41-50세,승용차,상해없음,남,65세이상,보행자,경상,비사업용,승용차,승용차,보행자,보행자,보행자,고속국도,기타,기타,맑음,포장,건조,0,0,1,0
20190427,13시,충북,진천군,토,중상,차대차,추돌,추돌,안전거리 미확보,남,31-40세,승용차,상해없음,남,31-40세,승용차,중상,비사업용,승용차,승용차,비사업용,승용차,승용차,고속국도,단일로,기타단일로,맑음,포장,건조,0,1,0,0
20190427,15시,경기,여주시,토,중상,차대차,추돌,추돌,안전운전 의무 불이행,남,20세이하,승용차,상해없음,남,31-40세,승용차,경상,비사업용,승용차,승용차,비사업용,승용차,승용차,고속국도,단일로,터널안,맑음,포장,건조,0,3,6,0
20190427,15시,대구,달성군,토,중상,차대차,기타,기타,안전운전 의무 불이행,남,65세이상,승용차,상해없음,여,51-60세,승용차,중상,비사업용,승용차,승용차,비사업용,승용차,승용차,고속국도,기타,기타,맑음,포장,건조,0,1,0,0
20190427,15시,부산,금정구,토,경상,차대차,추돌,추돌,안전운전 의무 불이행,남,65세이상,승용차,상해없음,여,65세이상,승용차,경상,비사업용,승용차,승용차,비사업용,승용차,승용차,고속국도,단일로,기타단일로,맑음,포장,건조,0,0,1,0
20190427,16시,경기,안양시,토,경상,차대차,추돌,추돌,안전운전 의무 불이행,남,21-30세,승용차,상해없음,남,41-50세,승용차,경상,비사업용,승용차,승용차,비사업용,승용차,승용차,고속국도,단일로,기타단일로,맑음,포장,건조,0,0,4,0
20190427,17시,충남,공주시,토,경상,차대차,측면충돌,측면충돌,안전운전 의무 불이행,남,61-64세,승합차,상해없음,남,41-50세,승용차,경상,사업용,전세버스,전세버스,사업용,렌터카,렌터카,고속국도,기타,기타,맑음,포장,건조,0,0,4,0
20190427,18시,경기,양주시,토,경상,차대차,측면충돌,측면충돌,안전운전 의무 불이행,여,51-60세,승용차,상해없음,남,21-30세,승용차,경상,비사업용,승용차,승용차,비사업용,승용차,승용차,고속국도,기타,기타,맑음,포장,건조,0,0,1,0
20190427,18시,경기,평택시,토,중상,차대차,추돌,추돌,안전운전 의무 불이행,남,51-60세,승합차,상해없음,남,65세이상,승합차,상해없음,사업용,전세버스,전세버스,사업용,전세버스,전세버스,고속국도,단일로,기타단일로,맑음,포장,건조,0,3,5,0
20190427,18시,경남,함안군,토,경상,차대차,추돌,추돌,안전운전 의무 불이행,남,61-64세,화물차,상해없음,남,31-40세,특수차,경상,사업용,화물차,화물차,사업용,화물차,화물차,고속국도,단일로,기타단일로,맑음,포장,건조,0,0,1,0
20190427,18시,경북,상주시,토,중상,차대차,추돌,추돌,안전운전 의무 불이행,남,41-50세,화물차,상해없음,여,31-40세,승용차,중상,사업용,화물차,화물차,비사업용,승용차,승용차,고속국도,단일로,기타단일로,맑음,포장,건조,0,3,0,0
20190427,22시,전북,정읍시,토,경상,차대차,기타,기타,안전운전 의무 불이행,기타불명,불명,불명,기타불명,여,41-50세,승용차,경상,불명,불명,불명,비사업용,승용차,승용차,고속국도,단일로,기타단일로,맑음,포장,건조,0,0,2,0
20190428,07시,경기,고양시,일,중상,차대차,측면충돌,측면충돌,안전거리 미확보,남,21-30세,승용차,상해없음,남,51-60세,승용차,중상,비사업용,승용차,승용차,비사업용,승용차,승용차,고속국도,단일로,교량위,맑음,포장,건조,0,1,0,0
20190428,10시,전남,광양시,일,경상,차대사람,기타,기타,안전운전 의무 불이행,남,41-50세,승용차,상해없음,남,41-50세,보행자,경상,비사업용,승용차,승용차,보행자,보행자,보행자,고속국도,단일로,기타단일로,비,포장,젖음/습기,0,0,1,0
20190428,12시,충북,진천군,일,경상,차대차,추돌,추돌,안전거리 미확보,남,20세이하,승용차,상해없음,남,31-40세,승용차,경상,비사업용,승용차,승용차,비사업용,승용차,승용차,고속국도,단일로,기타단일로,맑음,포장,건조,0,0,4,0
20190428,17시,서울,송파구,일,경상,차대차,측면충돌,측면충돌,안전운전 의무 불이행,여,21-30세,승용차,상해없음,여,41-50세,승용차,경상,비사업용,승용차,승용차,비사업용,승용차,승용차,고속국도,단일로,기타단일로,맑음,포장,건조,0,0,3,0
20190428,17시,전남,장성군,일,경상,차대차,기타,기타,안전운전 의무 불이행,남,21-30세,승용차,상해없음,남,41-50세,승용차,경상,비사업용,승용차,승용차,비사업용,승용차,승용차,고속국도,단일로,기타단일로,맑음,포장,건조,0,0,2,0
20190428,21시,경기,의왕시,일,중상,차대차,기타,기타,안전운전 의무 불이행,남,31-40세,승용차,상해없음,남,51-60세,승용차,중상,비사업용,승용차,승용차,비사업용,승용차,승용차,고속국도,단일로,기타단일로,맑음,포장,건조,0,1,1,0
20190428,22시,경기,오산시,일,경상,차대차,기타,기타,안전운전 의무 불이행,기타불명,불명,불명,기타불명,남,21-30세,승용차,경상,불명,불명,불명,비사업용,승용차,승용차,고속국도,단일로,기타단일로,맑음,포장,건조,0,0,1,0
20190429,05시,경기,용인시,월,중상,차대차,측면충돌,측면충돌,안전거리 미확보,남,51-60세,화물차,상해없음,남,41-50세,승용차,중상,비사업용,화물차,화물차,비사업용,승용차,승용차,고속국도,단일로,기타단일로,맑음,포장,건조,0,1,0,0
20190429,06시,충북,음성군,월,중상,차대차,기타,기타,안전거리 미확보,기타불명,불명,불명,기타불명,남,61-64세,화물차,중상,불명,불명,불명,비사업용,화물차,화물차,고속국도,단일로,기타단일로,맑음,포장,건조,0,1,0,0
20190429,07시,경기,안산시,월,경상,차대차,측면충돌,측면충돌,안전거리 미확보,남,51-60세,화물차,상해없음,남,21-30세,승용차,경상,사업용,화물차,화물차,비사업용,승용차,승용차,고속국도,단일로,교량위,맑음,포장,건조,0,0,1,0
20190429,10시,전북,정읍시,월,경상,차량단독,기타,기타,안전운전 의무 불이행,남,21-30세,승용차,상해없음,없음,없음,없음,없음,사업용,렌터카,렌터카,없음,없음,없음,고속국도,단일로,기타단일로,비,포장,젖음/습기,0,0,1,0
20190429,11시,경기,구리시,월,경상,차대차,기타,기타,안전운전 의무 불이행,남,31-40세,승용차,부상신고,남,51-60세,화물차,경상,비사업용,승용차,승용차,사업용,화물차,화물차,고속국도,단일로,기타단일로,맑음,포장,건조,0,0,1,1
20190429,11시,전북,완주군,월,중상,차량단독,전복,전복,안전운전 의무 불이행,남,51-60세,승합차,상해없음,없음,없음,없음,없음,비사업용,기타/건설기계,기타/건설기계,없음,없음,없음,고속국도,기타,기타,비,포장,젖음/습기,0,2,2,0
20190429,12시,경기,포천시,월,부상신고,차대차,기타,기타,안전운전 의무 불이행,기타불명,불명,불명,기타불명,남,31-40세,승용차,부상신고,불명,불명,불명,비사업용,승용차,승용차,고속국도,단일로,기타단일로,맑음,포장,건조,0,0,0,2
20190429,15시,경남,진주시,월,중상,차량단독,공작물충돌,공작물충돌,안전운전 의무 불이행,남,41-50세,화물차,상해없음,없음,없음,없음,없음,비사업용,화물차,화물차,없음,없음,없음,고속국도,단일로,기타단일로,맑음,포장,젖음/습기,0,1,0,0
20190429,16시,경기,화성시,월,경상,차대차,기타,기타,신호위반,남,65세이상,승용차,상해없음,남,31-40세,승합차,경상,비사업용,승용차,승용차,비사업용,어린이통학버스,어린이통학버스,고속국도,단일로,기타단일로,흐림,포장,젖음/습기,0,0,1,0
20190429,16시,경남,밀양시,월,중상,차대차,추돌,추돌,안전운전 의무 불이행,남,41-50세,건설기계,상해없음,여,31-40세,승합차,중상,사업용,기타/건설기계,기타/건설기계,비사업용,버스,버스,고속국도,단일로,기타단일로,비,포장,젖음/습기,0,4,0,0
20190430,00시,충북,청주시,화,사망,차대차,추돌,추돌,안전운전 의무 불이행,여,41-50세,승용차,중상,남,41-50세,화물차,상해없음,비사업용,승용차,승용차,사업용,화물차,화물차,고속국도,단일로,기타단일로,맑음,포장,건조,1,1,0,0