발생일,발생시간,발생지_시도,발생지_시군구,요일,사고내용,사고유형_대분류,사고유형_중분류,사고유형,가해자법규위반,가해자성별,가해자연령,가해당사자종별,가해자신체상해정도,피해자성별,피해자연령,피해당사자종별,피해자신체상해정도,가해차량용도_대분류,가해차량용도_중분류,가해차량용도,피해차량용도_대분류,피해차량용도_중분류,피해차량용도,도로종류,도로형태_대분류,도로형태,기상상태,노면상태_대분류,노면상태,사망자수,중상자수,경상자수,부상신고자수
20190526,13시,경기,광주시,일,부상신고,차대사람,횡단중,횡단중,안전운전 의무 불이행,남,41-50세,승용차,상해없음,남,31-40세,보행자,부상신고,비사업용,승용차,승용차,보행자,보행자,보행자,고속국도,단일로,기타단일로,맑음,포장,건조,0,0,0,1
20190526,14시,경남,김해시,일,중상,차대차,측면충돌,측면충돌,안전운전 의무 불이행,남,61-64세,승용차,상해없음,남,31-40세,승용차,중상,비사업용,승용차,승용차,비사업용,승용차,승용차,고속국도,단일로,기타단일로,맑음,포장,건조,0,1,4,2
20190526,15시,강원,횡성군,일,경상,차대차,측면충돌,측면충돌,안전운전 의무 불이행,남,31-40세,승용차,상해없음,남,21-30세,승용차,경상,비사업용,승용차,승용차,비사업용,승용차,승용차,고속국도,단일로,기타단일로,맑음,포장,건조,0,0,2,0
20190526,15시,경남,김해시,일,중상,차대차,추돌,추돌,안전운전 의무 불이행,여,21-30세,승용차,경상,남,61-64세,화물차,경상,비사업용,승용차,승용차,비사업용,화물차,화물차,고속국도,단일로,기타단일로,맑음,포장,건조,0,1,12,0
20190526,15시,대전,동구,일,경상,차대차,추돌,추돌,안전운전 의무 불이행,남,61-64세,승용차,상해없음,남,21-30세,승용차,상해없음,비사업용,승용차,승용차,비사업용,승용차,승용차,고속국도,단일로,기타단일로,맑음,포장,건조,0,0,3,0
20190526,15시,충남,공주시,일,경상,차대차,추돌,추돌,안전운전 의무 불이행,남,61-64세,승합차,상해없음,여,51-60세,승용차,경상,비사업용,버스,버스,비사업용,승용차,승용차,고속국도,단일로,터널안,맑음,포장,건조,0,0,5,0
20190526,16시,경기,시흥시,일,경상,차대차,측면충돌,측면충돌,안전운전 의무 불이행,남,51-60세,화물차,상해없음,여,21-30세,승용차,경상,비사업용,화물차,화물차,비사업용,승용차,승용차,고속국도,기타,기타,맑음,포장,건조,0,0,2,0
20190526,16시,경북,문경시,일,경상,차대차,추돌,추돌,안전거리 미확보,남,21-30세,승용차,상해없음,남,31-40세,승용차,경상,사업용,렌터카,렌터카,비사업용,승용차,승용차,고속국도,단일로,터널안,맑음,포장,건조,0,0,2,0
20190526,17시,경기,남양주시,일,경상,차대차,기타,기타,안전운전 의무 불이행,여,65세이상,승용차,상해없음,남,65세이상,승용차,상해없음,비사업용,승용차,승용차,사업용,렌터카,렌터카,고속국도,기타,기타,맑음,포장,건조,0,0,1,0
20190526,17시,대전,대덕구,일,경상,차대차,기타,기타,안전운전 의무 불이행,남,61-64세,화물차,상해없음,여,51-60세,승용차,경상,비사업용,화물차,화물차,비사업용,승용차,승용차,고속국도,단일로,기타단일로,맑음,포장,건조,0,0,2,0
20190526,18시,충북,청주시,일,경상,차대차,측면충돌,측면충돌,안전운전 의무 불이행,여,21-30세,승용차,상해없음,남,51-60세,승합차,상해없음,사업용,렌터카,렌터카,사업용,노선버스,고속버스,고속국도,단일로,기타단일로,맑음,포장,건조,0,0,5,0
20190527,01시,경기,안성시,월,부상신고,차대차,기타,기타,안전운전 의무 불이행,남,21-30세,승용차,상해없음,남,31-40세,승용차,부상신고,비사업용,승용차,승용차,비사업용,승용차,승용차,고속국도,단일로,기타단일로,비,포장,젖음/습기,0,0,0,2
20190527,06시,경기,성남시,월,경상,차대차,기타,기타,안전운전 의무 불이행,남,51-60세,화물차,상해없음,남,51-60세,화물차,경상,비사업용,화물차,화물차,비사업용,화물차,화물차,고속국도,단일로,기타단일로,비,포장,젖음/습기,0,0,1,0
20190527,06시,경기,용인시,월,중상,차대차,기타,기타,안전거리 미확보,남,61-64세,승용차,부상신고,남,51-60세,화물차,중상,비사업용,승용차,승용차,비사업용,화물차,화물차,고속국도,단일로,기타단일로,비,포장,젖음/습기,0,1,0,1
20190527,07시,경남,김해시,월,경상,차대차,추돌,추돌,안전거리 미확보,여,21-30세,승용차,상해없음,남,61-64세,승용차,경상,비사업용,승용차,승용차,비사업용,승용차,승용차,고속국도,단일로,기타단일로,비,포장,젖음/습기,0,0,1,0
20190527,08시,부산,강서구,월,경상,차대차,측면충돌,측면충돌,안전운전 의무 불이행,남,51-60세,화물차,경상,남,31-40세,승용차,경상,비사업용,화물차,화물차,비사업용,승용차,승용차,고속국도,단일로,고가도로위,비,포장,젖음/습기,0,0,3,0
20190527,12시,경북,구미시,월,중상,차대차,정면충돌,정면충돌,안전운전 의무 불이행,남,41-50세,승용차,상해없음,남,41-50세,특수차,경상,사업용,택시,개인택시,사업용,화물차,화물차,고속국도,단일로,기타단일로,비,포장,젖음/습기,0,1,1,0
20190527,12시,서울,서초구,월,경상,차대차,추돌,추돌,안전거리 미확보,남,61-64세,승합차,상해없음,남,61-64세,승합차,상해없음,사업용,전세버스,전세버스,사업용,전세버스,전세버스,고속국도,단일로,기타단일로,비,포장,젖음/습기,0,0,1,1
20190527,16시,경기,여주시,월,중상,차대차,추돌,추돌,안전운전 의무 불이행,남,61-64세,화물차,중상,남,41-50세,화물차,경상,사업용,화물차,화물차,사업용,화물차,화물차,고속국도,단일로,기타단일로,맑음,포장,건조,0,1,1,0
20190527,17시,강원,원주시,월,중상,차대차,추돌,추돌,안전거리 미확보,남,65세이상,화물차,경상,남,61-64세,승용차,중상,비사업용,화물차,화물차,비사업용,승용차,승용차,고속국도,단일로,기타단일로,비,포장,젖음/습기,0,1,5,0
20190527,17시,경기,고양시,월,경상,차대차,기타,기타,신호위반,여,51-60세,승용차,상해없음,남,51-60세,승용차,경상,비사업용,승용차,승용차,비사업용,승용차,승용차,고속국도,단일로,교량위,맑음,포장,건조,0,0,1,0
20190527,17시,경기,용인시,월,경상,차대차,추돌,추돌,안전거리 미확보,남,51-60세,승합차,상해없음,남,65세이상,화물차,경상,사업용,전세버스,전세버스,사업용,화물차,화물차,고속국도,단일로,기타단일로,맑음,포장,건조,0,0,1,0
20190527,19시,서울,강동구,월,중상,차대차,추돌,추돌,안전운전 의무 불이행,남,21-30세,승용차,상해없음,남,31-40세,승용차,중상,비사업용,승용차,승용차,비사업용,승용차,승용차,고속국도,단일로,기타단일로,맑음,포장,건조,0,1,0,0
20190527,21시,인천,남동구,월,부상신고,차대차,측면충돌,측면충돌,안전거리 미확보,기타불명,불명,불명,기타불명,여,41-50세,승용차,부상신고,불명,불명,불명,비사업용,승용차,승용차,고속국도,단일로,교량위,맑음,포장,건조,0,0,0,1
20190527,21시,전북,군산시,월,경상,차대차,기타,기타,기타,남,41-50세,화물차,상해없음,남,51-60세,화물차,경상,사업용,화물차,화물차,비사업용,화물차,화물차,고속국도,단일로,기타단일로,맑음,포장,건조,0,0,1,0
20190527,23시,경남,양산시,월,중상,차량단독,기타,기타,과속,남,41-50세,승용차,경상,없음,없음,없음,없음,사업용,택시,법인택시,없음,없음,없음,고속국도,기타,기타,비,포장,젖음/습기,0,3,1,0
20190528,00시,경기,이천시,화,중상,차대차,추돌,추돌,안전운전 의무 불이행,여,51-60세,승용차,부상신고,남,65세이상,화물차,경상,비사업용,승용차,승용차,사업용,화물차,화물차,고속국도,단일로,기타단일로,맑음,포장,건조,0,3,2,1
20190528,04시,서울,중랑구,화,사망,차대차,정면충돌,정면충돌,중앙선 침범,남,31-40세,승용차,사망,남,41-50세,화물차,중상,비사업용,승용차,승용차,비사업용,화물차,화물차,고속국도,단일로,기타단일로,맑음,포장,건조,1,1,0,0
20190528,09시,서울,강남구,화,경상,차대차,측면충돌,측면충돌,기타,남,65세이상,승용차,상해없음,남,31-40세,승용차,경상,비사업용,승용차,승용차,비사업용,승용차,승용차,고속국도,단일로,기타단일로,맑음,포장,건조,0,0,1,1
20190528,10시,경기,구리시,화,중상,차대차,기타,기타,안전운전 의무 불이행,남,41-50세,특수차,부상신고,여,41-50세,승용차,중상,사업용,화물차,화물차,비사업용,승용차,승용차,고속국도,단일로,기타단일로,맑음,포장,건조,0,1,0,1
20190528,10시,충북,보은군,화,사망,차대차,추돌,추돌,안전운전 의무 불이행,남,51-60세,화물차,상해없음,남,65세이상,승용차,경상,사업용,화물차,화물차,비사업용,승용차,승용차,고속국도,단일로,기타단일로,맑음,포장,건조,1,3,3,0
20190528,12시,인천,부평구,화,경상,차대차,기타,기타,안전운전 의무 불이행,남,41-50세,승합차,상해없음,남,31-40세,승용차,경상,비사업용,버스,버스,비사업용,승용차,승용차,고속국도,단일로,기타단일로,맑음,포장,건조,0,0,1,0
20190528,12시,충남,천안시,화,경상,차대차,추돌,추돌,안전운전 의무 불이행,남,21-30세,승용차,상해없음,남,41-50세,승용차,상해없음,사업용,렌터카,렌터카,비사업용,승용차,승용차,고속국도,단일로,터널안,맑음,포장,건조,0,0,2,0
20190528,17시,경기,시흥시,화,경상,차대차,추돌,추돌,안전거리 미확보,남,41-50세,화물차,상해없음,남,21-30세,승용차,경상,비사업용,화물차,화물차,비사업용,승용차,승용차,고속국도,단일로,기타단일로,맑음,포장,건조,0,0,2,0
20190528,23시,경기,화성시,화,경상,차대차,측면충돌,측면충돌,안전거리 미확보,기타불명,불명,불명,기타불명,남,51-60세,승용차,경상,불명,불명,불명,비사업용,승용차,승용차,고속국도,단일로,기타단일로,맑음,포장,건조,0,0,1,0
20190529,00시,경기,용인시,수,중상,차대차,추돌,추돌,안전운전 의무 불이행,남,51-60세,승용차,상해없음,남,41-50세,승용차,중상,비사업용,승용차,승용차,비사업용,승용차,승용차,고속국도,단일로,기타단일로,맑음,포장,건조,0,1,0,1
20190529,08시,경기,광명시,수,경상,차대차,측면충돌,측면충돌,기타,여,51-60세,승용차,상해없음,여,65세이상,승용차,경상,비사업용,승용차,승용차,비사업용,승용차,승용차,고속국도,단일로,기타단일로,맑음,포장,건조,0,0,1,0
20190529,08시,서울,강동구,수,경상,차대차,추돌,추돌,안전운전 의무 불이행,남,31-40세,승용차,상해없음,남,31-40세,승용차,경상,비사업용,승용차,승용차,비사업용,승용차,승용차,고속국도,단일로,기타단일로,맑음,포장,건조,0,0,2,0
20190529,09시,충북,청주시,수,경상,차대차,기타,기타,안전거리 미확보,남,41-50세,승용차,상해없음,남,51-60세,승용차,경상,비사업용,승용차,승용차,사업용,렌터카,렌터카,고속국도,단일로,기타단일로,맑음,포장,건조,0,0,1,0
20190529,10시,경기,성남시,수,경상,차대차,기타,기타,안전운전 의무 불이행,남,61-64세,화물차,상해없음,남,51-60세,승용차,경상,사업용,화물차,화물차,비사업용,승용차,승용차,고속국도,단일로,기타단일로,맑음,포장,건조,0,0,1,0
20190529,12시,경남,김해시,수,경상,차대차,측면충돌,측면충돌,안전거리 미확보,여,31-40세,승용차,상해없음,남,51-60세,화물차,경상,비사업용,승용차,승용차,비사업용,화물차,화물차,고속국도,단일로,기타단일로,맑음,포장,건조,0,0,1,0
20190529,14시,경남,함안군,수,사망,차대차,추돌,추돌,안전거리 미확보,남,61-64세,화물차,경상,남,31-40세,화물차,경상,사업용,화물차,화물차,사업용,화물차,화물차,고속국도,단일로,터널안,맑음,포장,건조,1,1,2,0
20190529,19시,경기,평택시,수,중상,차대차,추돌,추돌,안전운전 의무 불이행,남,41-50세,승합차,상해없음,남,31-40세,승용차,경상,사업용,노선버스,고속버스,비사업용,승용차,승용차,고속국도,단일로,기타단일로,맑음,포장,건조,0,1,3,0
20190529,19시,전남,순천시,수,중상,차대차,기타,기타,기타,남,41-50세,화물차,상해없음,남,21-30세,승용차,상해없음,비사업용,화물차,화물차,비사업용,승용차,승용차,고속국도,기타,기타,맑음,포장,건조,0,1,2,0
20190529,19시,충북,청주시,수,중상,차대차,측면충돌,측면충돌,안전운전 의무 불이행,남,31-40세,승용차,상해없음,남,61-64세,승용차,경상,비사업용,승용차,승용차,비사업용,승용차,승용차,고속국도,단일로,기타단일로,맑음,포장,건조,0,1,7,0
20190529,22시,경남,김해시,수,중상,차대차,추돌,추돌,안전운전 의무 불이행,남,41-50세,승용차,상해없음,남,51-60세,화물차,경상,비사업용,승용차,승용차,비사업용,화물차,화물차,고속국도,단일로,기타단일로,맑음,포장,건조,0,1,1,0
20190530,04시,경기,화성시,목,중상,차대차,추돌,추돌,안전운전 의무 불이행,남,41-50세,특수차,경상,남,61-64세,화물차,중상,사업용,콘크리트믹서,콘크리트믹서,사업용,화물차,화물차,고속국도,단일로,기타단일로,맑음,포장,건조,0,1,1,0
20190530,04시,전남,장성군,목,중상,차대차,기타,기타,안전운전 의무 불이행,남,31-40세,화물차,중상,남,20세이하,승용차,상해없음,사업용,화물차,화물차,비사업용,승용차,승용차,고속국도,기타,기타,맑음,포장,건조,0,1,0,0
20190530,04시,전남,장성군,목,중상,차대차,기타,기타,안전운전 의무 불이행,여,31-40세,승용차,중상,남,31-40세,승용차,상해없음,비사업용,승용차,승용차,비사업용,승용차,승용차,고속국도,단일로,기타단일로,맑음,포장,건조,0,3,0,0
20190530,06시,강원,춘천시,목,경상,차대차,정면충돌,정면충돌,중앙선 침범,남,61-64세,승용차,상해없음,여,21-30세,승용차,경상,비사업용,승용차,승용차,비사업용,승용차,승용차,고속국도,단일로,기타단일로,맑음,포장,건조,0,0,1,0
20190530,11시,경기,성남시,목,경상,차대차,추돌,추돌,안전거리 미확보,남,51-60세,승합차,상해없음,남,41-50세,승용차,경상,비사업용,버스,버스,비사업용,승용차,승용차,고속국도,단일로,기타단일로,맑음,포장,건조,0,0,2,0
20190530,12시,경기,의정부시,목,중상,차대차,추돌,추돌,안전거리 미확보,남,41-50세,화물차,경상,남,21-30세,화물차,중상,비사업용,화물차,화물차,비사업용,화물차,화물차,고속국도,단일로,터널안,맑음,포장,건조,0,1,2,0
20190530,13시,강원,평창군,목,경상,차대차,기타,기타,안전거리 미확보,여,31-40세,승용차,상해없음,여,41-50세,승용차,경상,비사업용,승용차,승용차,비사업용,승용차,승용차,고속국도,단일로,기타단일로,맑음,포장,건조,0,0,2,0
20190530,13시,경기,오산시,목,경상,차대차,추돌,추돌,안전거리 미확보,남,41-50세,승합차,상해없음,남,51-60세,승합차,경상,사업용,전세버스,전세버스,사업용,전세버스,전세버스,고속국도,단일로,기타단일로,맑음,포장,건조,0,0,4,0
20190530,14시,경북,상주시,목,중상,차대차,추돌,추돌,안전운전 의무 불이행,남,65세이상,화물차,중상,남,51-60세,승합차,경상,사업용,화물차,화물차,사업용,노선버스,고속버스,고속국도,단일로,터널안,맑음,포장,건조,0,1,3,0
20190530,14시,대구,북구,목,사망,차대차,기타,기타,안전운전 의무 불이행,남,41-50세,화물차,상해없음,남,41-50세,화물차,상해없음,비사업용,화물차,화물차,비사업용,화물차,화물차,고속국도,단일로,기타단일로,맑음,포장,건조,1,0,0,0
20190530,17시,경북,군위군,목,경상,차대차,기타,기타,기타,남,31-40세,특수차,상해없음,남,41-50세,승용차,경상,사업용,화물차,화물차,비사업용,승용차,승용차,고속국도,단일로,기타단일로,맑음,포장,건조,0,0,1,0
20190530,18시,경북,구미시,목,중상,차대차,측면충돌,측면충돌,과속,남,21-30세,승용차,중상,남,51-60세,승용차,상해없음,비사업용,승용차,승용차,비사업용,승용차,승용차,고속국도,단일로,기타단일로,맑음,포장,건조,0,4,1,0
20190530,19시,경기,용인시,목,경상,차대차,측면충돌,측면충돌,안전거리 미확보,남,65세이상,화물차,상해없음,여,20세이하,승용차,경상,비사업용,화물차,화물차,비사업용,승용차,승용차,고속국도,단일로,기타단일로,맑음,포장,건조,0,0,1,0
20190530,20시,경북,칠곡군,목,중상,차대차,측면충돌,측면충돌,안전운전 의무 불이행,남,41-50세,화물차,상해없음,남,41-50세,화물차,중상,사업용,화물차,화물차,사업용,화물차,화물차,고속국도,단일로,기타단일로,맑음,포장,건조,0,1,1,0
20190530,21시,경북,구미시,목,중상,차량단독,기타,기타,안전운전 의무 불이행,남,51-60세,승용차,중상,없음,없음,없음,없음,비사업용,승용차,승용차,없음,없음,없음,고속국도,단일로,기타단일로,맑음,포장,건조,0,2,0,0
20190530,22시,전북,완주군,목,경상,차대차,기타,기타,기타,남,51-60세,특수차,상해없음,남,31-40세,특수차,경상,사업용,화물차,화물차,사업용,화물차,화물차,고속국도,단일로,기타단일로,맑음,포장,건조,0,0,1,0
20190531,00시,대전,동구,금,경상,차대차,추돌,추돌,안전운전 의무 불이행,남,21-30세,승용차,상해없음,남,41-50세,승용차,경상,비사업용,승용차,승용차,비사업용,승용차,승용차,고속국도,단일로,기타단일로,비,포장,젖음/습기,0,0,1,0
20190531,05시,경남,김해시,금,경상,차대차,측면충돌,측면충돌,과속,남,20세이하,승용차,상해없음,남,51-60세,승합차,상해없음,사업용,렌터카,렌터카,사업용,전세버스,전세버스,고속국도,단일로,기타단일로,흐림,포장,젖음/습기,0,0,4,0
20190531,07시,인천,서구,금,중상,차대차,추돌,추돌,안전운전 의무 불이행,남,21-30세,승용차,상해없음,남,31-40세,승용차,중상,사업용,렌터카,렌터카,비사업용,승용차,승용차,고속국도,단일로,기타단일로,맑음,포장,건조,0,1,0,0
20190531,12시,전북,남원시,금,사망,차대차,기타,기타,과속,여,21-30세,승용차,중상,남,41-50세,화물차,상해없음,비사업용,승용차,승용차,비사업용,화물차,화물차,고속국도,단일로,기타단일로,맑음,포장,건조,1,1,0,0
20190531,13시,경기,성남시,금,경상,차대차,기타,기타,안전운전 의무 불이행,남,41-50세,승용차,상해없음,남,41-50세,승용차,경상,비사업용,승용차,승용차,비사업용,승용차,승용차,고속국도,단일로,기타단일로,맑음,포장,건조,0,0,1,0
20190531,13시,경기,용인시,금,경상,차대차,기타,기타,안전거리 미확보,여,21-30세,승용차,상해없음,남,31-40세,화물차,경상,비사업용,승용차,승용차,비사업용,화물차,화물차,고속국도,단일로,기타단일로,맑음,포장,건조,0,0,1,0
20190531,17시,강원,인제군,금,중상,차대차,측면충돌,측면충돌,과속,남,31-40세,승용차,상해없음,남,31-40세,승용차,경상,비사업용,승용차,승용차,사업용,렌터카,렌터카,고속국도,단일로,터널안,맑음,포장,건조,0,1,1,0
20190531,17시,전남,광양시,금,중상,차대차,측면충돌,측면충돌,기타,남,21-30세,승용차,상해없음,남,31-40세,승용차,중상,사업용,렌터카,렌터카,비사업용,승용차,승용차,고속국도,단일로,기타단일로,맑음,포장,건조,0,2,0,0
20190531,19시,경기,성남시,금,부상신고,차대차,측면충돌,측면충돌,안전운전 의무 불이행,남,61-64세,승합차,상해없음,여,31-40세,승용차,부상신고,비사업용,기타/건설기계,기타/건설기계,비사업용,승용차,승용차,고속국도,단일로,기타단일로,맑음,포장,건조,0,0,0,1
20190531,23시,경기,하남시,금,경상,차대차,기타,기타,안전운전 의무 불이행,기타불명,불명,불명,기타불명,여,41-50세,승용차,경상,불명,불명,불명,비사업용,승용차,승용차,고속국도,단일로,기타단일로,맑음,포장,건조,0,0,2,0
20190601,05시,경기,성남시,토,경상,차대차,기타,기타,안전운전 의무 불이행,남,21-30세,승용차,상해없음,남,41-50세,화물차,상해없음,비사업용,승용차,승용차,사업용,화물차,화물차,고속국도,단일로,기타단일로,맑음,포장,건조,0,0,1,0
20190601,09시,경기,용인시,토,경상,차대차,추돌,추돌,안전거리 미확보,남,51-60세,승용차,부상신고,남,41-50세,승합차,경상,비사업용,승용차,승용차,사업용,노선버스,고속버스,고속국도,단일로,기타단일로,맑음,포장,건조,0,0,10,3
20190601,12시,경기,군포시,토,경상,차대차,기타,기타,안전운전 의무 불이행,남,51-60세,화물차,상해없음,남,41-50세,승용차,경상,사업용,화물차,화물차,비사업용,승용차,승용차,고속국도,단일로,기타단일로,맑음,포장,건조,0,0,2,0
20190601,12시,경남,진주시,토,중상,차대차,측면충돌,측면충돌,안전거리 미확보,여,51-60세,승용차,경상,남,51-60세,특수차,경상,비사업용,승용차,승용차,비사업용,화물차,화물차,고속국도,단일로,기타단일로,맑음,포장,건조,0,1,2,0
20190601,13시,경기,의정부시,토,경상,차대차,추돌,추돌,안전운전 의무 불이행,남,51-60세,화물차,부상신고,남,51-60세,화물차,경상,비사업용,화물차,화물차,비사업용,화물차,화물차,고속국도,단일로,기타단일로,맑음,포장,건조,0,0,1,3
20190601,13시,경남,창원시,토,경상,차대차,추돌,추돌,안전운전 의무 불이행,남,21-30세,승용차,상해없음,남,65세이상,승용차,경상,비사업용,승용차,승용차,비사업용,승용차,승용차,고속국도,단일로,터널안,맑음,포장,건조,0,0,2,0
20190601,14시,경남,창원시,토,경상,차대차,추돌,추돌,안전운전 의무 불이행,남,31-40세,승용차,기타불명,남,21-30세,승용차,상해없음,비사업용,승용차,승용차,비사업용,승용차,승용차,고속국도,단일로,터널안,맑음,포장,건조,0,0,8,0
20190601,21시,경기,이천시,토,중상,차대차,추돌,추돌,안전운전 의무 불이행,남,61-64세,화물차,상해없음,남,65세이상,승용차,중상,비사업용,화물차,화물차,비사업용,승용차,승용차,고속국도,단일로,기타단일로,맑음,포장,건조,0,1,0,0
20190602,01시,경기,광주시,일,경상,차량단독,공작물충돌,공작물충돌,안전운전 의무 불이행,남,51-60세,승용차,경상,없음,없음,없음,없음,비사업용,승용차,승용차,없음,없음,없음,고속국도,단일로,기타단일로,맑음,포장,건조,0,0,1,0
20190602,02시,경기,용인시,일,경상,차대차,추돌,추돌,안전운전 의무 불이행,남,20세이하,승용차,상해없음,남,31-40세,승용차,경상,비사업용,승용차,승용차,비사업용,승용차,승용차,고속국도,단일로,기타단일로,맑음,포장,건조,0,0,1,0
20190602,05시,전남,순천시,일,중상,차량단독,공작물충돌,공작물충돌,안전운전 의무 불이행,남,20세이하,승용차,상해없음,없음,없음,없음,없음,비사업용,승용차,승용차,없음,없음,없음,고속국도,단일로,기타단일로,맑음,포장,건조,0,1,2,0
20190602,08시,경기,안산시,일,경상,차대차,측면충돌,측면충돌,안전거리 미확보,남,31-40세,승용차,상해없음,남,21-30세,승용차,경상,비사업용,승용차,승용차,사업용,렌터카,렌터카,고속국도,단일로,기타단일로,맑음,포장,건조,0,0,2,0
20190602,09시,경남,함양군,일,경상,차대사람,기타,기타,안전운전 의무 불이행,남,31-40세,승합차,상해없음,남,41-50세,보행자,경상,사업용,전세버스,전세버스,보행자,보행자,보행자,고속국도,단일로,기타단일로,맑음,포장,건조,0,0,1,0
20190602,13시,경기,평택시,일,경상,차대차,기타,기타,안전거리 미확보,남,31-40세,승합차,상해없음,남,21-30세,승용차,경상,비사업용,기타/건설기계,기타/건설기계,비사업용,승용차,승용차,고속국도,단일로,기타단일로,맑음,포장,건조,0,0,1,0
20190602,14시,경기,평택시,일,중상,차대차,추돌,추돌,안전거리 미확보,남,31-40세,승용차,상해없음,남,51-60세,승합차,상해없음,비사업용,승용차,승용차,사업용,전세버스,전세버스,고속국도,단일로,기타단일로,맑음,포장,건조,0,2,7,0
20190602,15시,충남,서산시,일,경상,차대차,기타,기타,안전거리 미확보,남,51-60세,승용차,상해없음,여,41-50세,승용차,경상,비사업용,승용차,승용차,비사업용,승용차,승용차,고속국도,단일로,기타단일로,맑음,포장,건조,0,0,2,0
20190602,16시,인천,계양구,일,경상,차대차,측면충돌,측면충돌,안전거리 미확보,기타불명,불명,불명,기타불명,여,51-60세,승용차,부상신고,불명,불명,불명,비사업용,승용차,승용차,고속국도,단일로,교량위,맑음,포장,건조,0,0,1,1
20190602,16시,인천,부평구,일,중상,차대차,추돌,추돌,안전운전 의무 불이행,여,51-60세,승용차,상해없음,남,31-40세,승용차,중상,비사업용,승용차,승용차,비사업용,승용차,승용차,고속국도,단일로,기타단일로,맑음,포장,건조,0,1,0,0
20190602,17시,경북,김천시,일,경상,차대차,기타,기타,안전운전 의무 불이행,남,61-64세,승합차,상해없음,남,51-60세,승용차,상해없음,사업용,렌터카,렌터카,비사업용,승용차,승용차,고속국도,단일로,기타단일로,맑음,포장,건조,0,0,1,0
20190602,17시,부산,금정구,일,중상,차대차,측면충돌,측면충돌,안전거리 미확보,남,51-60세,승용차,상해없음,남,65세이상,승용차,경상,비사업용,승용차,승용차,사업용,택시,개인택시,고속국도,단일로,기타단일로,맑음,포장,건조,0,2,3,0
20190602,19시,세종,세종시,일,중상,차량단독,기타,기타,안전운전 의무 불이행,여,51-60세,승용차,중상,없음,없음,없음,없음,비사업용,승용차,승용차,없음,없음,없음,고속국도,단일로,기타단일로,맑음,포장,건조,0,1,0,0
20190602,20시,경남,함양군,일,중상,차대차,추돌,추돌,안전운전 의무 불이행,남,21-30세,승용차,상해없음,남,51-60세,화물차,중상,사업용,렌터카,렌터카,비사업용,화물차,화물차,고속국도,단일로,기타단일로,맑음,포장,건조,0,2,0,0
20190603,00시,강원,동해시,월,중상,차대차,측면충돌,측면충돌,안전운전 의무 불이행,여,51-60세,승용차,상해없음,남,61-64세,승합차,상해없음,비사업용,승용차,승용차,사업용,노선버스,시외버스,고속국도,단일로,기타단일로,맑음,포장,건조,0,1,0,0
20190603,09시,인천,남동구,월,경상,차대차,추돌,추돌,안전거리 미확보,남,20세이하,승용차,기타불명,남,21-30세,승용차,경상,비사업용,승용차,승용차,비사업용,승용차,승용차,고속국도,단일로,기타단일로,맑음,포장,건조,0,0,1,0
20190603,10시,충남,천안시,월,경상,차대차,측면충돌,측면충돌,신호위반,남,21-30세,화물차,상해없음,남,51-60세,화물차,경상,비사업용,화물차,화물차,사업용,화물차,화물차,고속국도,단일로,기타단일로,맑음,포장,건조,0,0,1,0
20190603,12시,경기,안성시,월,중상,차대차,기타,기타,안전운전 의무 불이행,남,31-40세,승용차,상해없음,여,41-50세,승용차,중상,비사업용,승용차,승용차,비사업용,승용차,승용차,고속국도,단일로,기타단일로,맑음,포장,건조,0,1,0,0
20190603,12시,충남,보령시,월,부상신고,차대차,추돌,추돌,안전운전 의무 불이행,남,41-50세,화물차,상해없음,남,51-60세,승용차,부상신고,사업용,화물차,화물차,사업용,렌터카,렌터카,고속국도,단일로,기타단일로,맑음,포장,건조,0,0,0,1
20190603,13시,경기,수원시,월,경상,차대차,기타,기타,안전운전 의무 불이행,남,51-60세,승용차,상해없음,남,41-50세,승용차,경상,비사업용,승용차,승용차,비사업용,승용차,승용차,고속국도,단일로,기타단일로,맑음,포장,건조,0,0,1,0
20190604,07시,충남,공주시,화,사망,차대차,정면충돌,정면충돌,중앙선 침범,남,31-40세,화물차,사망,여,21-30세,승용차,사망,비사업용,화물차,화물차,비사업용,승용차,승용차,고속국도,기타,기타,맑음,포장,건조,3,1,0,0
20190604,10시,경북,구미시,화,경상,차대차,측면충돌,측면충돌,안전운전 의무 불이행,여,31-40세,승용차,상해없음,남,31-40세,특수차,경상,비사업용,승용차,승용차,사업용,화물차,화물차,고속국도,단일로,기타단일로,맑음,포장,건조,0,0,1,0
20190604,15시,전북,익산시,화,경상,차대차,기타,기타,안전운전 의무 불이행,남,31-40세,승용차,상해없음,남,61-64세,승용차,상해없음,비사업용,승용차,승용차,비사업용,승용차,승용차,고속국도,단일로,기타단일로,맑음,포장,건조,0,0,1,2
20190604,17시,대구,서구,화,경상,차대차,추돌,추돌,안전거리 미확보,남,51-60세,승용차,상해없음,남,31-40세,승용차,경상,비사업용,승용차,승용차,비사업용,승용차,승용차,고속국도,단일로,기타단일로,맑음,포장,건조,0,0,1,0
20190604,20시,대구,달성군,화,사망,차대차,기타,기타,안전운전 의무 불이행,남,31-40세,화물차,상해없음,남,21-30세,승용차,사망,비사업용,화물차,화물차,비사업용,승용차,승용차,고속국도,단일로,기타단일로,맑음,포장,건조,1,0,0,0
20190604,22시,대구,달성군,화,경상,차대차,기타,기타,안전운전 의무 불이행,기타불명,불명,불명,기타불명,여,41-50세,승용차,경상,불명,불명,불명,사업용,렌터카,렌터카,고속국도,단일로,기타단일로,맑음,포장,건조,0,0,1,0