발생일,발생시간,발생지_시도,발생지_시군구,요일,사고내용,사고유형_대분류,사고유형_중분류,사고유형,가해자법규위반,가해자성별,가해자연령,가해당사자종별,가해자신체상해정도,피해자성별,피해자연령,피해당사자종별,피해자신체상해정도,가해차량용도_대분류,가해차량용도_중분류,가해차량용도,피해차량용도_대분류,피해차량용도_중분류,피해차량용도,도로종류,도로형태_대분류,도로형태,기상상태,노면상태_대분류,노면상태,사망자수,중상자수,경상자수,부상신고자수
20190624,08시,인천,남동구,월,중상,차대차,측면충돌,측면충돌,기타,남,51-60세,승용차,상해없음,여,41-50세,승용차,중상,사업용,렌터카,렌터카,비사업용,승용차,승용차,고속국도,단일로,기타단일로,맑음,포장,건조,0,2,0,0
20190624,09시,인천,계양구,월,부상신고,차대차,추돌,추돌,안전운전 의무 불이행,기타불명,불명,불명,기타불명,남,51-60세,승용차,부상신고,불명,불명,불명,비사업용,승용차,승용차,고속국도,단일로,기타단일로,맑음,포장,건조,0,0,0,1
20190624,10시,경기,구리시,월,경상,차대차,추돌,추돌,안전운전 의무 불이행,남,41-50세,승용차,상해없음,남,20세이하,승용차,경상,비사업용,승용차,승용차,사업용,렌터카,렌터카,고속국도,단일로,기타단일로,맑음,포장,건조,0,0,3,0
20190624,10시,경기,구리시,월,중상,차대차,기타,기타,안전운전 의무 불이행,남,65세이상,건설기계,상해없음,남,41-50세,승용차,기타불명,사업용,기타/건설기계,기타/건설기계,비사업용,승용차,승용차,고속국도,단일로,기타단일로,맑음,포장,건조,0,2,0,0
20190624,11시,경기,화성시,월,경상,차대차,추돌,추돌,기타,남,51-60세,화물차,상해없음,남,31-40세,승용차,상해없음,사업용,화물차,화물차,비사업용,승용차,승용차,고속국도,단일로,기타단일로,맑음,포장,건조,0,0,1,0
20190624,11시,전북,정읍시,월,경상,차대차,기타,기타,안전거리 미확보,여,21-30세,승용차,경상,남,21-30세,승용차,상해없음,비사업용,승용차,승용차,비사업용,승용차,승용차,고속국도,단일로,기타단일로,맑음,포장,건조,0,0,3,0
20190624,12시,충북,보은군,월,중상,차대차,추돌,추돌,안전운전 의무 불이행,남,41-50세,승용차,상해없음,남,41-50세,승용차,중상,비사업용,승용차,승용차,비사업용,승용차,승용차,고속국도,단일로,기타단일로,맑음,포장,건조,0,1,2,0
20190624,16시,경기,남양주시,월,경상,차대차,측면충돌,측면충돌,안전거리 미확보,여,51-60세,승용차,경상,남,21-30세,승용차,경상,비사업용,승용차,승용차,사업용,렌터카,렌터카,고속국도,단일로,기타단일로,맑음,포장,건조,0,0,2,0
20190624,21시,인천,부평구,월,중상,차대차,측면충돌,측면충돌,안전거리 미확보,남,21-30세,승용차,상해없음,여,31-40세,승용차,중상,비사업용,승용차,승용차,비사업용,승용차,승용차,고속국도,단일로,기타단일로,맑음,포장,건조,0,1,0,0
20190625,11시,인천,남동구,화,경상,차대차,측면충돌,측면충돌,안전거리 미확보,남,51-60세,특수차,상해없음,남,61-64세,승용차,경상,사업용,화물차,화물차,비사업용,승용차,승용차,고속국도,단일로,기타단일로,맑음,포장,건조,0,0,2,0
20190625,12시,경기,용인시,화,중상,차대차,추돌,추돌,기타,남,41-50세,승용차,상해없음,여,41-50세,승용차,중상,비사업용,승용차,승용차,비사업용,승용차,승용차,고속국도,단일로,기타단일로,맑음,포장,건조,0,1,0,0
20190625,13시,부산,기장군,화,중상,차대차,추돌,추돌,신호위반,남,61-64세,화물차,상해없음,여,51-60세,승용차,중상,사업용,화물차,화물차,비사업용,승용차,승용차,고속국도,단일로,터널안,맑음,포장,건조,0,1,0,0
20190625,14시,인천,남동구,화,경상,차대차,추돌,추돌,안전운전 의무 불이행,남,51-60세,승용차,상해없음,남,41-50세,화물차,경상,비사업용,승용차,승용차,비사업용,화물차,화물차,고속국도,단일로,기타단일로,맑음,포장,건조,0,0,1,0
20190625,14시,충남,당진시,화,경상,차대차,추돌,추돌,기타,남,41-50세,승용차,상해없음,남,41-50세,화물차,경상,비사업용,승용차,승용차,사업용,화물차,화물차,고속국도,단일로,교량위,맑음,포장,건조,0,0,1,0
20190625,15시,경기,안성시,화,중상,차대차,추돌,추돌,안전운전 의무 불이행,남,51-60세,화물차,상해없음,남,41-50세,승용차,중상,비사업용,화물차,화물차,비사업용,승용차,승용차,고속국도,단일로,터널안,맑음,포장,건조,0,1,0,1
20190625,15시,경기,양주시,화,경상,차대차,추돌,추돌,안전운전 의무 불이행,남,51-60세,승용차,상해없음,남,51-60세,승용차,경상,사업용,렌터카,렌터카,비사업용,승용차,승용차,고속국도,단일로,기타단일로,맑음,포장,건조,0,0,3,0
20190625,16시,경기,구리시,화,경상,차대차,추돌,추돌,안전운전 의무 불이행,남,41-50세,승용차,상해없음,남,51-60세,승용차,경상,비사업용,승용차,승용차,비사업용,승용차,승용차,고속국도,단일로,교량위,맑음,포장,건조,0,0,2,0
20190625,17시,경기,용인시,화,중상,차대차,추돌,추돌,안전운전 의무 불이행,남,31-40세,승용차,부상신고,여,51-60세,승용차,중상,비사업용,승용차,승용차,비사업용,승용차,승용차,고속국도,단일로,기타단일로,맑음,포장,건조,0,2,5,1
20190625,17시,경기,의왕시,화,경상,차대차,측면충돌,측면충돌,안전거리 미확보,여,65세이상,승용차,경상,남,65세이상,승용차,상해없음,비사업용,승용차,승용차,비사업용,승용차,승용차,고속국도,단일로,기타단일로,맑음,포장,건조,0,0,2,0
20190626,01시,강원,홍천군,수,경상,차량단독,공작물충돌,공작물충돌,안전운전 의무 불이행,남,51-60세,승용차,경상,없음,없음,없음,없음,비사업용,승용차,승용차,없음,없음,없음,고속국도,단일로,기타단일로,맑음,포장,건조,0,0,2,0
20190626,12시,울산,울주군,수,부상신고,차대차,추돌,추돌,안전운전 의무 불이행,여,21-30세,승용차,상해없음,여,31-40세,승용차,부상신고,비사업용,승용차,승용차,비사업용,승용차,승용차,고속국도,단일로,기타단일로,비,포장,젖음/습기,0,0,0,1
20190626,13시,충남,천안시,수,경상,차대차,측면충돌,측면충돌,안전운전 의무 불이행,여,21-30세,승용차,상해없음,남,51-60세,화물차,경상,사업용,렌터카,렌터카,사업용,화물차,화물차,고속국도,기타,기타,맑음,포장,건조,0,0,1,0
20190626,16시,강원,강릉시,수,사망,차대차,기타,기타,안전운전 의무 불이행,남,31-40세,승용차,사망,남,51-60세,승용차,상해없음,비사업용,승용차,승용차,비사업용,승용차,승용차,고속국도,단일로,기타단일로,맑음,포장,건조,1,1,0,0
20190626,16시,경기,화성시,수,경상,차대차,측면충돌,측면충돌,안전거리 미확보,남,21-30세,승용차,상해없음,남,21-30세,승용차,경상,비사업용,승용차,승용차,비사업용,승용차,승용차,고속국도,단일로,기타단일로,맑음,포장,건조,0,0,1,0
20190626,16시,경남,김해시,수,중상,차대차,측면충돌,측면충돌,중앙선 침범,남,31-40세,화물차,상해없음,남,51-60세,승용차,중상,비사업용,화물차,화물차,비사업용,승용차,승용차,고속국도,교차로,교차로부근,비,포장,젖음/습기,0,1,1,0
20190626,17시,경남,통영시,수,중상,차량단독,전도,전도,안전운전 의무 불이행,남,65세이상,승용차,상해없음,없음,없음,없음,없음,비사업용,승용차,승용차,없음,없음,없음,고속국도,단일로,기타단일로,비,포장,젖음/습기,0,3,0,0
20190626,17시,부산,강서구,수,경상,차대차,추돌,추돌,안전거리 미확보,남,31-40세,승용차,상해없음,남,31-40세,화물차,경상,비사업용,승용차,승용차,비사업용,화물차,화물차,고속국도,단일로,기타단일로,비,포장,젖음/습기,0,0,1,0
20190626,20시,대구,달성군,수,부상신고,차량단독,기타,기타,안전운전 의무 불이행,남,31-40세,승용차,부상신고,없음,불명,없음,없음,비사업용,승용차,승용차,없음,없음,없음,고속국도,단일로,기타단일로,비,포장,젖음/습기,0,0,0,1
20190626,23시,경남,진주시,수,중상,차량단독,기타,기타,안전운전 의무 불이행,남,41-50세,승용차,상해없음,없음,없음,없음,없음,사업용,택시,법인택시,없음,없음,없음,고속국도,단일로,기타단일로,비,포장,젖음/습기,0,1,1,0
20190626,23시,인천,남동구,수,중상,차대차,추돌,추돌,안전운전 의무 불이행,남,31-40세,승용차,상해없음,남,31-40세,승용차,중상,비사업용,승용차,승용차,비사업용,승용차,승용차,고속국도,단일로,기타단일로,맑음,포장,건조,0,2,0,0
20190627,04시,전북,부안군,목,경상,차대사람,기타,기타,안전운전 의무 불이행,남,51-60세,화물차,상해없음,남,51-60세,보행자,경상,비사업용,화물차,화물차,보행자,보행자,보행자,고속국도,단일로,기타단일로,비,포장,젖음/습기,0,0,1,0
20190627,04시,전북,부안군,목,중상,차대차,기타,기타,안전운전 의무 불이행,남,41-50세,승용차,상해없음,남,21-30세,승용차,중상,비사업용,승용차,승용차,비사업용,승용차,승용차,고속국도,단일로,기타단일로,비,포장,젖음/습기,0,1,0,0
20190627,07시,부산,강서구,목,경상,차대차,기타,기타,안전운전 의무 불이행,남,51-60세,특수차,상해없음,여,31-40세,승용차,경상,사업용,화물차,화물차,비사업용,승용차,승용차,고속국도,단일로,기타단일로,맑음,포장,건조,0,0,1,0
20190627,08시,경기,수원시,목,경상,차대차,측면충돌,측면충돌,안전운전 의무 불이행,남,31-40세,승용차,상해없음,남,31-40세,승용차,경상,비사업용,승용차,승용차,비사업용,승용차,승용차,고속국도,단일로,기타단일로,맑음,포장,건조,0,0,1,0
20190627,10시,경기,하남시,목,중상,차대차,기타,기타,기타,여,31-40세,승용차,경상,여,51-60세,승용차,중상,비사업용,승용차,승용차,비사업용,승용차,승용차,고속국도,기타,기타,맑음,포장,건조,0,1,1,0
20190627,11시,인천,동구,목,중상,차대차,기타,기타,안전운전 의무 불이행,남,41-50세,건설기계,중상,남,41-50세,승용차,상해없음,사업용,기타/건설기계,기타/건설기계,비사업용,승용차,승용차,고속국도,단일로,터널안,맑음,포장,건조,0,1,1,0
20190627,12시,인천,미추홀구,목,중상,차대차,측면충돌,측면충돌,안전거리 미확보,남,51-60세,화물차,기타불명,남,41-50세,승용차,중상,사업용,화물차,화물차,비사업용,승용차,승용차,고속국도,단일로,기타단일로,흐림,포장,건조,0,1,0,0
20190627,13시,전북,군산시,목,중상,차대차,기타,기타,안전거리 미확보,남,61-64세,화물차,상해없음,남,41-50세,승용차,중상,사업용,화물차,화물차,사업용,렌터카,렌터카,고속국도,단일로,기타단일로,맑음,포장,건조,0,1,0,0
20190627,21시,경기,안양시,목,경상,차대차,측면충돌,측면충돌,안전운전 의무 불이행,남,65세이상,화물차,상해없음,남,20세이하,승용차,경상,비사업용,화물차,화물차,비사업용,승용차,승용차,고속국도,단일로,기타단일로,맑음,포장,건조,0,0,2,0
20190627,22시,서울,송파구,목,경상,차대차,기타,기타,안전운전 의무 불이행,여,41-50세,승용차,상해없음,남,21-30세,화물차,경상,비사업용,승용차,승용차,사업용,화물차,화물차,고속국도,단일로,기타단일로,맑음,포장,건조,0,0,1,0
20190628,08시,경기,수원시,금,경상,차대차,측면충돌,측면충돌,안전거리 미확보,남,41-50세,화물차,경상,남,41-50세,승용차,경상,사업용,화물차,화물차,비사업용,승용차,승용차,고속국도,단일로,기타단일로,맑음,포장,건조,0,0,2,0
20190628,11시,경기,오산시,금,중상,차대차,기타,기타,안전운전 의무 불이행,남,21-30세,승용차,상해없음,남,65세이상,승용차,경상,사업용,렌터카,렌터카,비사업용,승용차,승용차,고속국도,단일로,기타단일로,맑음,포장,건조,0,1,2,0
20190628,13시,충북,충주시,금,경상,차대차,추돌,추돌,안전운전 의무 불이행,남,21-30세,승용차,상해없음,남,31-40세,승용차,경상,비사업용,승용차,승용차,사업용,렌터카,렌터카,고속국도,단일로,기타단일로,흐림,포장,건조,0,0,2,0
20190628,16시,경기,하남시,금,경상,차대차,기타,기타,안전운전 의무 불이행,남,61-64세,승용차,상해없음,남,21-30세,화물차,경상,비사업용,승용차,승용차,비사업용,화물차,화물차,고속국도,단일로,기타단일로,맑음,포장,건조,0,0,1,0
20190628,17시,울산,울주군,금,경상,차대차,추돌,추돌,안전거리 미확보,남,65세이상,승합차,상해없음,남,41-50세,승용차,경상,사업용,전세버스,전세버스,비사업용,승용차,승용차,고속국도,단일로,기타단일로,맑음,포장,건조,0,0,3,0
20190628,18시,충남,천안시,금,경상,차대차,측면충돌,측면충돌,기타,남,21-30세,화물차,상해없음,남,31-40세,승용차,경상,비사업용,화물차,화물차,비사업용,승용차,승용차,고속국도,단일로,기타단일로,맑음,포장,건조,0,0,1,1
20190628,19시,경남,창원시,금,경상,차대차,추돌,추돌,신호위반,남,61-64세,화물차,상해없음,남,31-40세,승용차,경상,사업용,화물차,화물차,비사업용,승용차,승용차,고속국도,단일로,기타단일로,맑음,포장,건조,0,0,1,0
20190628,19시,전남,무안군,금,경상,차대차,추돌,추돌,안전거리 미확보,남,51-60세,승용차,상해없음,여,41-50세,승용차,경상,비사업용,승용차,승용차,비사업용,승용차,승용차,고속국도,단일로,기타단일로,맑음,포장,건조,0,0,3,0
20190628,20시,서울,송파구,금,경상,차대차,추돌,추돌,안전운전 의무 불이행,기타불명,불명,승용차,기타불명,남,31-40세,승용차,경상,사업용,렌터카,렌터카,비사업용,승용차,승용차,고속국도,단일로,기타단일로,맑음,포장,건조,0,0,1,0
20190628,21시,경기,부천시,금,경상,차대차,추돌,추돌,안전운전 의무 불이행,남,51-60세,승용차,상해없음,남,31-40세,승용차,경상,비사업용,승용차,승용차,비사업용,승용차,승용차,고속국도,단일로,기타단일로,맑음,포장,건조,0,0,2,0
20190629,01시,경기,양주시,토,경상,차대차,측면충돌,측면충돌,안전거리 미확보,남,51-60세,승용차,상해없음,남,21-30세,화물차,경상,사업용,렌터카,렌터카,사업용,화물차,화물차,고속국도,단일로,기타단일로,흐림,포장,젖음/습기,0,0,1,0
20190629,01시,경기,하남시,토,경상,차대차,측면충돌,측면충돌,안전거리 미확보,남,61-64세,승용차,상해없음,남,65세이상,화물차,경상,비사업용,승용차,승용차,비사업용,화물차,화물차,고속국도,단일로,기타단일로,비,포장,젖음/습기,0,0,2,4
20190629,03시,경기,군포시,토,경상,차대차,추돌,추돌,안전운전 의무 불이행,남,61-64세,화물차,상해없음,남,51-60세,화물차,경상,사업용,화물차,화물차,사업용,화물차,화물차,고속국도,단일로,기타단일로,비,포장,젖음/습기,0,0,1,0
20190629,06시,울산,울주군,토,경상,차대차,측면충돌,측면충돌,안전거리 미확보,남,61-64세,승용차,상해없음,남,31-40세,승용차,경상,비사업용,승용차,승용차,사업용,렌터카,렌터카,고속국도,단일로,기타단일로,맑음,포장,건조,0,0,3,0
20190629,08시,경기,구리시,토,중상,차대차,측면충돌,측면충돌,안전운전 의무 불이행,남,21-30세,화물차,부상신고,남,41-50세,승합차,부상신고,비사업용,화물차,화물차,사업용,노선버스,고속버스,고속국도,단일로,기타단일로,비,포장,젖음/습기,0,1,1,2
20190629,14시,충북,청주시,토,중상,차대차,추돌,추돌,안전운전 의무 불이행,남,21-30세,승용차,중상,남,51-60세,화물차,상해없음,비사업용,승용차,승용차,비사업용,화물차,화물차,고속국도,기타,기타,비,포장,젖음/습기,0,1,2,0
20190629,15시,강원,홍천군,토,경상,차대차,추돌,추돌,안전거리 미확보,남,41-50세,승용차,경상,여,31-40세,승용차,상해없음,비사업용,승용차,승용차,비사업용,승용차,승용차,고속국도,단일로,터널안,맑음,포장,건조,0,0,3,0
20190629,16시,강원,원주시,토,경상,차대차,기타,기타,안전운전 의무 불이행,남,61-64세,승용차,상해없음,남,41-50세,화물차,상해없음,비사업용,승용차,승용차,비사업용,화물차,화물차,고속국도,기타,기타,맑음,포장,건조,0,0,1,0
20190629,16시,전남,순천시,토,사망,차량단독,전복,전복,안전운전 의무 불이행,남,51-60세,승용차,사망,없음,없음,없음,없음,비사업용,승용차,승용차,없음,없음,없음,고속국도,단일로,기타단일로,비,포장,젖음/습기,1,0,1,0
20190629,17시,경기,안성시,토,경상,차대차,기타,기타,기타,여,21-30세,승용차,상해없음,남,51-60세,승용차,상해없음,비사업용,승용차,승용차,비사업용,승용차,승용차,고속국도,단일로,기타단일로,흐림,포장,젖음/습기,0,0,1,0
20190629,17시,부산,금정구,토,경상,차대차,추돌,추돌,안전거리 미확보,남,31-40세,승합차,상해없음,여,41-50세,승용차,경상,사업용,노선버스,시외버스,비사업용,승용차,승용차,고속국도,단일로,기타단일로,비,포장,젖음/습기,0,0,5,0
20190629,19시,경기,고양시,토,경상,차대차,기타,기타,안전거리 미확보,기타불명,불명,불명,기타불명,남,41-50세,승용차,경상,불명,불명,불명,비사업용,승용차,승용차,고속국도,단일로,기타단일로,맑음,포장,건조,0,0,1,0
20190629,23시,서울,송파구,토,경상,차대차,추돌,추돌,안전운전 의무 불이행,여,31-40세,승용차,상해없음,여,41-50세,승용차,경상,비사업용,승용차,승용차,비사업용,승용차,승용차,고속국도,단일로,기타단일로,흐림,포장,건조,0,0,1,0
20190630,02시,전남,장성군,일,중상,차량단독,공작물충돌,공작물충돌,안전운전 의무 불이행,여,41-50세,승용차,중상,없음,없음,없음,없음,사업용,렌터카,렌터카,없음,없음,없음,고속국도,단일로,기타단일로,비,포장,젖음/습기,0,1,0,0
20190630,08시,인천,계양구,일,경상,차대차,추돌,추돌,안전거리 미확보,남,21-30세,승용차,상해없음,여,31-40세,승용차,경상,비사업용,승용차,승용차,비사업용,승용차,승용차,고속국도,단일로,교량위,맑음,포장,건조,0,0,2,0
20190630,10시,경기,부천시,일,경상,차대차,추돌,추돌,안전거리 미확보,여,31-40세,승용차,경상,여,31-40세,승용차,경상,비사업용,승용차,승용차,비사업용,승용차,승용차,고속국도,단일로,기타단일로,맑음,포장,건조,0,0,3,0
20190630,12시,경기,용인시,일,경상,차대차,기타,기타,안전운전 의무 불이행,남,41-50세,승합차,상해없음,남,41-50세,승합차,경상,비사업용,버스,버스,비사업용,버스,버스,고속국도,단일로,기타단일로,맑음,포장,건조,0,0,2,0
20190630,16시,경북,경산시,일,경상,차대차,기타,기타,안전운전 의무 불이행,남,31-40세,승용차,상해없음,남,51-60세,승합차,상해없음,비사업용,승용차,승용차,비사업용,버스,버스,고속국도,단일로,기타단일로,맑음,포장,건조,0,0,3,0
20190630,18시,강원,홍천군,일,경상,차대차,기타,기타,안전거리 미확보,기타불명,불명,불명,기타불명,여,51-60세,승용차,경상,불명,불명,불명,비사업용,승용차,승용차,고속국도,단일로,기타단일로,맑음,포장,건조,0,0,1,0
20190630,18시,경기,오산시,일,부상신고,차대차,기타,기타,안전거리 미확보,남,51-60세,승용차,상해없음,남,41-50세,승용차,부상신고,사업용,렌터카,렌터카,비사업용,승용차,승용차,고속국도,단일로,기타단일로,맑음,포장,건조,0,0,0,1
20190630,20시,전남,순천시,일,중상,차대차,측면충돌,측면충돌,안전운전 의무 불이행,남,21-30세,승용차,상해없음,남,61-64세,승용차,경상,비사업용,승용차,승용차,사업용,렌터카,렌터카,고속국도,단일로,기타단일로,맑음,포장,건조,0,1,3,0
20190630,22시,충북,진천군,일,중상,차대차,기타,기타,안전운전 의무 불이행,남,51-60세,화물차,중상,남,21-30세,승용차,상해없음,비사업용,화물차,화물차,비사업용,승용차,승용차,고속국도,기타,기타,맑음,포장,건조,0,1,1,0
20190630,23시,충북,청주시,일,경상,차대차,기타,기타,안전운전 의무 불이행,남,51-60세,승용차,상해없음,남,41-50세,승용차,경상,비사업용,승용차,승용차,비사업용,승용차,승용차,고속국도,기타,기타,맑음,포장,건조,0,0,1,0
20190701,03시,경북,구미시,월,중상,차대차,추돌,추돌,안전운전 의무 불이행,남,51-60세,승용차,상해없음,남,31-40세,화물차,경상,사업용,택시,법인택시,사업용,화물차,화물차,고속국도,단일로,기타단일로,맑음,포장,건조,0,1,1,0
20190701,04시,울산,울주군,월,중상,차대차,추돌,추돌,안전운전 의무 불이행,남,21-30세,승용차,상해없음,남,51-60세,승용차,중상,비사업용,승용차,승용차,비사업용,승용차,승용차,고속국도,단일로,기타단일로,맑음,포장,건조,0,1,0,0
20190701,06시,경기,용인시,월,경상,차대차,기타,기타,안전운전 의무 불이행,남,41-50세,승합차,상해없음,남,51-60세,화물차,경상,사업용,노선버스,시내버스,비사업용,화물차,화물차,고속국도,단일로,기타단일로,맑음,포장,건조,0,0,2,0
20190701,08시,전남,담양군,월,경상,차대차,기타,기타,기타,기타불명,불명,불명,기타불명,남,65세이상,승합차,경상,불명,불명,불명,사업용,전세버스,전세버스,고속국도,단일로,기타단일로,맑음,포장,건조,0,0,5,0
20190701,09시,대구,서구,월,경상,차대차,측면충돌,측면충돌,안전운전 의무 불이행,남,41-50세,화물차,상해없음,여,21-30세,승용차,경상,사업용,화물차,화물차,비사업용,승용차,승용차,고속국도,단일로,기타단일로,맑음,포장,건조,0,0,1,0
20190701,10시,경기,평택시,월,경상,차대차,기타,기타,안전운전 의무 불이행,남,51-60세,승용차,상해없음,여,41-50세,승용차,경상,비사업용,승용차,승용차,비사업용,승용차,승용차,고속국도,단일로,기타단일로,맑음,포장,건조,0,0,1,0
20190701,13시,경기,안성시,월,경상,차대차,기타,기타,안전운전 의무 불이행,여,41-50세,승용차,상해없음,남,51-60세,승합차,경상,사업용,렌터카,렌터카,사업용,노선버스,고속버스,고속국도,단일로,기타단일로,맑음,포장,건조,0,0,5,4
20190701,15시,경기,시흥시,월,중상,차대차,추돌,추돌,안전거리 미확보,남,31-40세,승용차,상해없음,여,31-40세,승용차,중상,비사업용,승용차,승용차,비사업용,승용차,승용차,고속국도,단일로,교량위,맑음,포장,건조,0,1,0,0
20190701,15시,경기,시흥시,월,중상,차대차,추돌,추돌,안전거리 미확보,남,31-40세,승합차,상해없음,남,51-60세,화물차,경상,사업용,노선버스,시외버스,사업용,화물차,화물차,고속국도,단일로,교량위,맑음,포장,건조,0,1,3,0
20190701,16시,서울,금천구,월,경상,차대차,추돌,추돌,안전거리 미확보,남,20세이하,승용차,상해없음,남,61-64세,화물차,경상,사업용,렌터카,렌터카,사업용,화물차,화물차,고속국도,단일로,교량위,맑음,포장,건조,0,0,1,0
20190701,16시,인천,계양구,월,경상,차대차,추돌,추돌,안전거리 미확보,남,51-60세,승용차,상해없음,남,51-60세,승용차,경상,사업용,렌터카,렌터카,비사업용,승용차,승용차,고속국도,단일로,교량위,맑음,포장,건조,0,0,1,1
20190701,16시,전남,곡성군,월,경상,차대차,기타,기타,안전운전 의무 불이행,남,51-60세,특수차,상해없음,남,61-64세,승합차,상해없음,사업용,화물차,화물차,사업용,노선버스,고속버스,고속국도,단일로,기타단일로,맑음,포장,건조,0,0,1,0
20190701,17시,경기,오산시,월,경상,차대차,측면충돌,측면충돌,안전운전 의무 불이행,남,51-60세,승용차,상해없음,남,31-40세,승용차,경상,비사업용,승용차,승용차,비사업용,승용차,승용차,고속국도,단일로,기타단일로,맑음,포장,건조,0,0,1,0
20190701,18시,경기,의정부시,월,경상,차대차,추돌,추돌,안전운전 의무 불이행,남,21-30세,승합차,상해없음,남,31-40세,승용차,경상,비사업용,버스,버스,비사업용,승용차,승용차,고속국도,단일로,기타단일로,맑음,포장,건조,0,0,1,0
20190701,19시,부산,강서구,월,중상,차량단독,공작물충돌,공작물충돌,안전운전 의무 불이행,여,51-60세,화물차,중상,없음,없음,없음,없음,비사업용,화물차,화물차,없음,없음,없음,고속국도,단일로,기타단일로,맑음,포장,건조,0,1,0,0
20190701,23시,경기,안성시,월,경상,차대차,기타,기타,기타,남,61-64세,화물차,상해없음,여,41-50세,승용차,경상,사업용,화물차,화물차,비사업용,승용차,승용차,고속국도,단일로,기타단일로,맑음,포장,건조,0,0,1,0
20190701,23시,전북,김제시,월,경상,차대차,기타,기타,안전운전 의무 불이행,남,41-50세,승용차,경상,남,41-50세,화물차,경상,비사업용,승용차,승용차,사업용,화물차,화물차,고속국도,단일로,기타단일로,맑음,포장,건조,0,0,2,0
20190702,00시,경기,용인시,화,중상,차대차,기타,기타,안전거리 미확보,남,31-40세,건설기계,상해없음,남,51-60세,화물차,중상,사업용,기타/건설기계,기타/건설기계,사업용,화물차,화물차,고속국도,단일로,기타단일로,맑음,포장,건조,0,2,0,0
20190702,05시,경기,화성시,화,경상,차대차,기타,기타,안전운전 의무 불이행,기타불명,불명,불명,기타불명,남,41-50세,승용차,경상,불명,불명,불명,비사업용,승용차,승용차,고속국도,단일로,기타단일로,맑음,포장,건조,0,0,1,0
20190702,09시,인천,중구,화,중상,차대차,추돌,추돌,안전운전 의무 불이행,남,51-60세,화물차,상해없음,남,31-40세,승용차,중상,사업용,화물차,화물차,비사업용,승용차,승용차,고속국도,단일로,터널안,맑음,포장,건조,0,2,2,0
20190702,12시,경기,안산시,화,경상,차대차,측면충돌,측면충돌,안전거리 미확보,남,51-60세,화물차,상해없음,남,51-60세,승용차,부상신고,사업용,화물차,화물차,비사업용,승용차,승용차,고속국도,단일로,기타단일로,맑음,포장,건조,0,0,2,1
20190702,12시,울산,울주군,화,중상,차대차,추돌,추돌,안전운전 의무 불이행,남,61-64세,화물차,중상,남,31-40세,화물차,경상,사업용,화물차,화물차,사업용,화물차,화물차,고속국도,단일로,기타단일로,맑음,포장,건조,0,1,1,0
20190702,15시,경기,성남시,화,중상,차대차,추돌,추돌,안전운전 의무 불이행,여,61-64세,승용차,상해없음,남,31-40세,승용차,중상,비사업용,승용차,승용차,비사업용,승용차,승용차,고속국도,단일로,기타단일로,맑음,포장,건조,0,1,0,0
20190702,16시,경남,김해시,화,경상,차대차,추돌,추돌,안전거리 미확보,남,21-30세,승용차,상해없음,남,31-40세,승용차,경상,비사업용,승용차,승용차,비사업용,승용차,승용차,고속국도,단일로,기타단일로,맑음,포장,건조,0,0,3,0
20190702,17시,경기,화성시,화,경상,차대차,측면충돌,측면충돌,안전운전 의무 불이행,남,41-50세,승용차,상해없음,남,41-50세,승용차,경상,비사업용,승용차,승용차,비사업용,승용차,승용차,고속국도,단일로,기타단일로,맑음,포장,건조,0,0,1,0
20190702,18시,경기,광주시,화,경상,차대차,측면충돌,측면충돌,안전운전 의무 불이행,남,31-40세,승용차,경상,남,31-40세,승용차,경상,비사업용,승용차,승용차,사업용,렌터카,렌터카,고속국도,단일로,기타단일로,맑음,포장,건조,0,0,2,0
20190702,23시,경기,남양주시,화,중상,차대차,기타,기타,중앙선 침범,남,41-50세,승용차,상해없음,남,31-40세,승용차,중상,사업용,렌터카,렌터카,사업용,렌터카,렌터카,고속국도,단일로,기타단일로,맑음,포장,건조,0,1,0,0
20190703,05시,경남,양산시,수,중상,차대차,측면충돌,측면충돌,안전운전 의무 불이행,남,21-30세,승용차,상해없음,여,31-40세,승용차,중상,비사업용,승용차,승용차,비사업용,승용차,승용차,고속국도,기타,기타,맑음,포장,건조,0,1,0,0
20190703,07시,강원,춘천시,수,사망,차량단독,공작물충돌,공작물충돌,안전운전 의무 불이행,남,51-60세,화물차,사망,없음,없음,없음,없음,사업용,화물차,화물차,없음,없음,없음,고속국도,단일로,기타단일로,맑음,포장,건조,1,0,0,0
20190703,11시,경북,문경시,수,중상,차대차,추돌,추돌,안전거리 미확보,남,21-30세,화물차,상해없음,여,31-40세,승용차,중상,사업용,화물차,화물차,비사업용,승용차,승용차,고속국도,단일로,터널안,맑음,포장,건조,0,1,0,0
20190703,12시,서울,강동구,수,경상,차대차,추돌,추돌,안전운전 의무 불이행,남,61-64세,화물차,상해없음,남,21-30세,승용차,경상,비사업용,화물차,화물차,비사업용,승용차,승용차,고속국도,단일로,기타단일로,맑음,포장,건조,0,0,3,0
20190703,13시,경기,시흥시,수,경상,차대차,추돌,추돌,안전운전 의무 불이행,남,51-60세,승용차,상해없음,남,21-30세,승용차,경상,비사업용,승용차,승용차,비사업용,승용차,승용차,고속국도,단일로,기타단일로,맑음,포장,건조,0,0,1,0