발생일,발생시간,발생지_시도,발생지_시군구,요일,사고내용,사고유형_대분류,사고유형_중분류,사고유형,가해자법규위반,가해자성별,가해자연령,가해당사자종별,가해자신체상해정도,피해자성별,피해자연령,피해당사자종별,피해자신체상해정도,가해차량용도_대분류,가해차량용도_중분류,가해차량용도,피해차량용도_대분류,피해차량용도_중분류,피해차량용도,도로종류,도로형태_대분류,도로형태,기상상태,노면상태_대분류,노면상태,사망자수,중상자수,경상자수,부상신고자수
20190917,20시,경남,김해시,화,경상,차대차,추돌,추돌,안전운전 의무 불이행,남,21-30세,승용차,상해없음,남,21-30세,승용차,경상,비사업용,승용차,승용차,비사업용,승용차,승용차,고속국도,단일로,기타단일로,맑음,포장,건조,0,0,1,0
20190917,20시,경북,의성군,화,경상,차대차,기타,기타,과속,남,21-30세,승용차,상해없음,남,31-40세,화물차,경상,비사업용,승용차,승용차,사업용,화물차,화물차,고속국도,단일로,기타단일로,맑음,포장,건조,0,0,1,0
20190917,21시,경기,안성시,화,경상,차대차,추돌,추돌,안전운전 의무 불이행,남,31-40세,승용차,부상신고,남,41-50세,승용차,경상,비사업용,승용차,승용차,비사업용,승용차,승용차,고속국도,단일로,기타단일로,맑음,포장,건조,0,0,1,1
20190917,23시,대전,유성구,화,중상,차대차,측면충돌,측면충돌,안전운전 의무 불이행,남,51-60세,승용차,상해없음,여,51-60세,승용차,중상,비사업용,승용차,승용차,비사업용,승용차,승용차,고속국도,기타,기타,맑음,포장,건조,0,1,2,0
20190918,00시,경기,화성시,수,중상,차량단독,전도,전도,안전운전 의무 불이행,남,20세이하,승용차,상해없음,없음,불명,없음,없음,비사업용,승용차,승용차,없음,없음,없음,고속국도,단일로,기타단일로,맑음,포장,건조,0,2,0,0
20190918,02시,경기,여주시,수,경상,차대차,기타,기타,안전운전 의무 불이행,남,31-40세,화물차,상해없음,남,51-60세,화물차,경상,사업용,화물차,화물차,비사업용,화물차,화물차,고속국도,기타,기타,맑음,포장,건조,0,0,1,0
20190918,08시,대전,대덕구,수,경상,차대차,추돌,추돌,안전운전 의무 불이행,남,41-50세,화물차,상해없음,여,51-60세,승용차,경상,비사업용,화물차,화물차,비사업용,승용차,승용차,고속국도,단일로,기타단일로,맑음,포장,건조,0,0,1,0
20190918,09시,경기,성남시,수,중상,차대차,측면충돌,측면충돌,안전거리 미확보,남,41-50세,승합차,상해없음,남,51-60세,승합차,중상,사업용,노선버스,고속버스,사업용,노선버스,고속버스,고속국도,단일로,기타단일로,맑음,포장,건조,0,3,4,0
20190918,15시,경기,안산시,수,경상,차대차,기타,기타,안전운전 의무 불이행,남,41-50세,화물차,상해없음,남,41-50세,승용차,경상,사업용,화물차,화물차,비사업용,승용차,승용차,고속국도,단일로,기타단일로,맑음,포장,건조,0,0,1,0
20190918,16시,경기,용인시,수,경상,차대차,측면충돌,측면충돌,안전거리 미확보,남,51-60세,화물차,상해없음,남,65세이상,승용차,경상,비사업용,화물차,화물차,비사업용,승용차,승용차,고속국도,단일로,기타단일로,맑음,포장,건조,0,0,2,0
20190918,20시,경기,용인시,수,중상,차대차,추돌,추돌,안전거리 미확보,남,51-60세,화물차,경상,남,51-60세,화물차,상해없음,비사업용,화물차,화물차,비사업용,화물차,화물차,고속국도,단일로,기타단일로,맑음,포장,건조,0,1,2,0
20190918,22시,인천,서구,수,경상,차대차,측면충돌,측면충돌,안전거리 미확보,남,65세이상,승용차,상해없음,여,31-40세,승용차,경상,사업용,택시,개인택시,비사업용,승용차,승용차,고속국도,단일로,기타단일로,맑음,포장,건조,0,0,1,0
20190918,23시,경기,용인시,수,부상신고,차대차,측면충돌,측면충돌,안전거리 미확보,남,31-40세,승용차,상해없음,여,51-60세,승용차,기타불명,비사업용,승용차,승용차,비사업용,승용차,승용차,고속국도,단일로,기타단일로,맑음,포장,건조,0,0,0,4
20190919,08시,경기,안양시,목,경상,차대차,추돌,추돌,안전운전 의무 불이행,남,20세이하,승용차,상해없음,여,31-40세,승용차,경상,비사업용,승용차,승용차,비사업용,승용차,승용차,고속국도,단일로,기타단일로,맑음,포장,건조,0,0,3,0
20190919,10시,경남,창원시,목,경상,차대차,기타,기타,안전운전 의무 불이행,남,51-60세,특수차,상해없음,남,31-40세,승용차,경상,사업용,화물차,화물차,비사업용,승용차,승용차,고속국도,단일로,기타단일로,맑음,포장,건조,0,0,1,0
20190919,12시,경기,평택시,목,경상,차대차,기타,기타,안전운전 의무 불이행,남,31-40세,화물차,상해없음,남,41-50세,화물차,경상,비사업용,화물차,화물차,사업용,화물차,화물차,고속국도,단일로,기타단일로,맑음,포장,건조,0,0,1,1
20190919,12시,경남,함양군,목,중상,차량단독,기타,기타,안전운전 의무 불이행,여,65세이상,승용차,중상,없음,없음,없음,없음,비사업용,승용차,승용차,없음,없음,없음,고속국도,단일로,기타단일로,맑음,포장,건조,0,2,0,0
20190919,15시,경기,구리시,목,경상,차대차,추돌,추돌,안전운전 의무 불이행,남,51-60세,승용차,부상신고,남,51-60세,화물차,부상신고,사업용,택시,법인택시,사업용,화물차,화물차,고속국도,단일로,기타단일로,맑음,포장,건조,0,0,1,2
20190919,17시,경기,성남시,목,경상,차대차,측면충돌,측면충돌,안전운전 의무 불이행,남,65세이상,화물차,상해없음,남,31-40세,승용차,상해없음,사업용,화물차,화물차,비사업용,승용차,승용차,고속국도,기타,기타,맑음,포장,건조,0,0,2,0
20190919,17시,경기,수원시,목,중상,차대차,추돌,추돌,안전운전 의무 불이행,남,31-40세,승용차,상해없음,남,41-50세,승용차,중상,비사업용,승용차,승용차,비사업용,승용차,승용차,고속국도,단일로,기타단일로,맑음,포장,건조,0,1,0,0
20190919,18시,경남,김해시,목,경상,차대차,추돌,추돌,안전거리 미확보,여,21-30세,승용차,상해없음,남,31-40세,승용차,경상,비사업용,승용차,승용차,비사업용,승용차,승용차,고속국도,단일로,교량위,맑음,포장,건조,0,0,2,0
20190919,18시,서울,송파구,목,중상,차대차,기타,기타,안전운전 의무 불이행,기타불명,불명,불명,기타불명,여,61-64세,승용차,중상,불명,불명,불명,비사업용,승용차,승용차,고속국도,단일로,기타단일로,맑음,포장,건조,0,1,1,0
20190920,02시,충남,논산시,금,중상,차대차,추돌,추돌,안전운전 의무 불이행,남,65세이상,승용차,상해없음,남,21-30세,승용차,중상,비사업용,승용차,승용차,사업용,렌터카,렌터카,고속국도,기타,기타,맑음,포장,건조,0,1,0,0
20190920,04시,경기,군포시,금,중상,차대차,기타,기타,안전운전 의무 불이행,남,51-60세,승용차,중상,남,41-50세,특수차,상해없음,비사업용,승용차,승용차,사업용,화물차,화물차,고속국도,단일로,기타단일로,맑음,포장,건조,0,2,0,0
20190920,04시,경기,의왕시,금,경상,차대차,후진중충돌,후진중충돌,기타,남,41-50세,승합차,상해없음,여,61-64세,승용차,경상,비사업용,버스,버스,비사업용,승용차,승용차,고속국도,단일로,기타단일로,맑음,포장,건조,0,0,1,0
20190920,07시,경기,부천시,금,경상,차대차,측면충돌,측면충돌,안전거리 미확보,남,51-60세,건설기계,경상,남,41-50세,승용차,경상,사업용,기타/건설기계,기타/건설기계,비사업용,승용차,승용차,고속국도,단일로,기타단일로,맑음,포장,건조,0,0,2,0
20190920,08시,충북,진천군,금,경상,차대차,측면충돌,측면충돌,안전운전 의무 불이행,남,51-60세,화물차,상해없음,남,31-40세,승용차,경상,사업용,화물차,화물차,사업용,렌터카,렌터카,고속국도,기타,기타,맑음,포장,건조,0,0,1,0
20190920,11시,경기,양평군,금,경상,차대차,기타,기타,안전운전 의무 불이행,남,65세이상,승용차,상해없음,남,31-40세,승용차,상해없음,비사업용,승용차,승용차,비사업용,승용차,승용차,고속국도,기타,기타,맑음,포장,건조,0,0,1,0
20190920,12시,경남,진주시,금,경상,차대차,기타,기타,안전거리 미확보,여,51-60세,승용차,상해없음,남,31-40세,화물차,상해없음,비사업용,승용차,승용차,사업용,화물차,화물차,고속국도,단일로,기타단일로,맑음,포장,건조,0,0,1,0
20190920,13시,강원,양양군,금,경상,차대차,측면충돌,측면충돌,안전운전 의무 불이행,남,31-40세,승용차,상해없음,남,51-60세,승용차,경상,사업용,렌터카,렌터카,비사업용,승용차,승용차,고속국도,단일로,기타단일로,맑음,포장,건조,0,0,1,0
20190920,15시,전남,무안군,금,경상,차대차,추돌,추돌,안전운전 의무 불이행,남,21-30세,화물차,상해없음,여,51-60세,승용차,경상,비사업용,화물차,화물차,비사업용,승용차,승용차,고속국도,단일로,터널안,맑음,포장,건조,0,0,2,0
20190920,20시,경기,화성시,금,경상,차대차,추돌,추돌,안전운전 의무 불이행,남,65세이상,승용차,상해없음,남,41-50세,승용차,경상,비사업용,승용차,승용차,비사업용,승용차,승용차,고속국도,단일로,기타단일로,맑음,포장,건조,0,0,1,0
20190920,22시,경기,의정부시,금,경상,차대차,측면충돌,측면충돌,안전운전 의무 불이행,남,21-30세,승용차,상해없음,남,51-60세,승용차,경상,비사업용,승용차,승용차,비사업용,승용차,승용차,고속국도,단일로,기타단일로,맑음,포장,건조,0,0,3,0
20190921,03시,경북,김천시,토,경상,차대차,추돌,추돌,안전운전 의무 불이행,남,31-40세,승용차,상해없음,남,31-40세,승용차,경상,비사업용,승용차,승용차,비사업용,승용차,승용차,고속국도,단일로,기타단일로,흐림,포장,건조,0,0,1,0
20190921,08시,경기,용인시,토,부상신고,차대차,추돌,추돌,안전운전 의무 불이행,기타불명,불명,불명,기타불명,남,51-60세,승용차,부상신고,불명,불명,불명,비사업용,승용차,승용차,고속국도,단일로,기타단일로,비,포장,젖음/습기,0,0,0,2
20190921,08시,대구,동구,토,중상,차대차,추돌,추돌,안전운전 의무 불이행,남,41-50세,승용차,상해없음,여,31-40세,승용차,중상,비사업용,승용차,승용차,비사업용,승용차,승용차,고속국도,단일로,기타단일로,비,포장,젖음/습기,0,2,2,0
20190921,10시,경기,평택시,토,경상,차대차,추돌,추돌,안전운전 의무 불이행,남,61-64세,화물차,상해없음,남,31-40세,승용차,경상,사업용,화물차,화물차,비사업용,승용차,승용차,고속국도,단일로,기타단일로,맑음,포장,건조,0,0,5,0
20190921,11시,경기,성남시,토,경상,차대차,측면충돌,측면충돌,기타,남,31-40세,승용차,상해없음,여,21-30세,승용차,경상,비사업용,승용차,승용차,비사업용,승용차,승용차,고속국도,단일로,기타단일로,맑음,포장,건조,0,0,1,0
20190921,14시,경기,광명시,토,경상,차대차,추돌,추돌,안전운전 의무 불이행,남,51-60세,승용차,상해없음,남,51-60세,승용차,경상,비사업용,승용차,승용차,사업용,택시,개인택시,고속국도,단일로,터널안,맑음,포장,건조,0,0,6,0
20190921,14시,경기,광명시,토,중상,차대차,추돌,추돌,안전운전 의무 불이행,남,41-50세,화물차,상해없음,여,31-40세,승용차,중상,비사업용,화물차,화물차,비사업용,승용차,승용차,고속국도,단일로,기타단일로,맑음,포장,건조,0,2,2,1
20190921,15시,경남,사천시,토,경상,차대차,추돌,추돌,안전운전 의무 불이행,남,31-40세,승용차,상해없음,남,61-64세,승용차,상해없음,비사업용,승용차,승용차,비사업용,승용차,승용차,고속국도,단일로,기타단일로,비,포장,젖음/습기,0,0,2,1
20190921,17시,부산,강서구,토,경상,차대차,추돌,추돌,안전운전 의무 불이행,여,51-60세,승용차,상해없음,남,41-50세,승용차,경상,비사업용,승용차,승용차,비사업용,승용차,승용차,고속국도,단일로,기타단일로,비,포장,젖음/습기,0,0,1,0
20190921,20시,대구,동구,토,경상,차대차,기타,기타,안전운전 의무 불이행,남,41-50세,승용차,상해없음,남,31-40세,승용차,경상,사업용,렌터카,렌터카,비사업용,승용차,승용차,고속국도,단일로,기타단일로,비,포장,젖음/습기,0,0,1,0
20190921,23시,경북,경주시,토,경상,차량단독,기타,기타,안전운전 의무 불이행,남,51-60세,승용차,상해없음,없음,없음,없음,없음,사업용,택시,법인택시,없음,없음,없음,고속국도,단일로,기타단일로,비,포장,젖음/습기,0,0,1,0
20190922,07시,경기,평택시,일,중상,차대차,측면충돌,측면충돌,안전운전 의무 불이행,남,20세이하,승용차,상해없음,남,31-40세,승용차,중상,비사업용,승용차,승용차,비사업용,승용차,승용차,고속국도,단일로,기타단일로,비,포장,젖음/습기,0,1,0,0
20190922,08시,경남,김해시,일,사망,차대차,측면충돌,측면충돌,과속,여,51-60세,승용차,경상,남,41-50세,화물차,사망,비사업용,승용차,승용차,사업용,화물차,화물차,고속국도,단일로,기타단일로,비,포장,젖음/습기,1,1,1,0
20190922,09시,경기,용인시,일,경상,차대차,측면충돌,측면충돌,안전거리 미확보,남,51-60세,화물차,상해없음,남,31-40세,승용차,경상,사업용,화물차,화물차,비사업용,승용차,승용차,고속국도,단일로,기타단일로,비,포장,젖음/습기,0,0,1,0
20190922,12시,충북,괴산군,일,중상,차량단독,공작물충돌,공작물충돌,안전운전 의무 불이행,남,21-30세,승용차,경상,없음,없음,없음,없음,사업용,렌터카,렌터카,없음,없음,없음,고속국도,단일로,기타단일로,비,포장,젖음/습기,0,1,3,0
20190922,14시,울산,울주군,일,경상,차대차,측면충돌,측면충돌,안전거리 미확보,남,51-60세,승용차,경상,남,41-50세,승용차,경상,비사업용,승용차,승용차,사업용,렌터카,렌터카,고속국도,단일로,기타단일로,비,포장,젖음/습기,0,0,2,0
20190922,14시,인천,서구,일,경상,차대차,추돌,추돌,안전운전 의무 불이행,남,21-30세,승용차,상해없음,남,51-60세,승용차,경상,비사업용,승용차,승용차,사업용,택시,법인택시,고속국도,단일로,기타단일로,맑음,포장,건조,0,0,1,0
20190922,15시,경기,오산시,일,경상,차대차,추돌,추돌,안전운전 의무 불이행,남,31-40세,승용차,상해없음,남,61-64세,승용차,경상,비사업용,승용차,승용차,비사업용,승용차,승용차,고속국도,기타,기타,비,포장,젖음/습기,0,0,2,0
20190922,15시,대구,동구,일,사망,차량단독,공작물충돌,공작물충돌,과속,남,41-50세,승합차,상해없음,없음,없음,없음,없음,사업용,노선버스,시외버스,없음,없음,없음,고속국도,단일로,기타단일로,맑음,포장,젖음/습기,1,2,15,0
20190922,15시,충북,보은군,일,경상,차대차,측면충돌,측면충돌,안전운전 의무 불이행,남,51-60세,승용차,상해없음,여,41-50세,승용차,경상,사업용,렌터카,렌터카,비사업용,승용차,승용차,고속국도,단일로,교량위,비,포장,젖음/습기,0,0,4,0
20190922,17시,강원,홍천군,일,경상,차대차,추돌,추돌,안전운전 의무 불이행,남,31-40세,승용차,상해없음,남,51-60세,승용차,경상,비사업용,승용차,승용차,비사업용,승용차,승용차,고속국도,단일로,기타단일로,비,포장,젖음/습기,0,0,2,0
20190922,17시,충남,논산시,일,중상,차대차,기타,기타,안전운전 의무 불이행,남,41-50세,승용차,상해없음,남,31-40세,승용차,상해없음,비사업용,승용차,승용차,비사업용,승용차,승용차,고속국도,단일로,기타단일로,비,포장,젖음/습기,0,1,0,0
20190922,18시,경남,산청군,일,경상,차대차,기타,기타,안전운전 의무 불이행,남,41-50세,승용차,상해없음,남,41-50세,승합차,상해없음,비사업용,승용차,승용차,사업용,노선버스,고속버스,고속국도,단일로,기타단일로,비,포장,젖음/습기,0,0,1,2
20190922,20시,대구,동구,일,경상,차대차,기타,기타,안전운전 의무 불이행,여,21-30세,승용차,상해없음,남,21-30세,승용차,경상,비사업용,승용차,승용차,비사업용,승용차,승용차,고속국도,단일로,기타단일로,비,포장,젖음/습기,0,0,1,0
20190923,08시,경북,구미시,월,경상,차대차,추돌,추돌,안전운전 의무 불이행,남,65세이상,승용차,상해없음,남,31-40세,승용차,경상,비사업용,승용차,승용차,비사업용,승용차,승용차,고속국도,단일로,기타단일로,맑음,포장,건조,0,0,1,0
20190923,11시,전남,광양시,월,사망,차대차,측면충돌,측면충돌,안전운전 의무 불이행,여,51-60세,승용차,사망,남,41-50세,화물차,기타불명,비사업용,승용차,승용차,비사업용,화물차,화물차,고속국도,단일로,기타단일로,비,포장,젖음/습기,1,0,0,0
20190923,19시,경기,수원시,월,중상,차대차,기타,기타,안전거리 미확보,남,51-60세,화물차,상해없음,여,41-50세,승용차,중상,사업용,화물차,화물차,비사업용,승용차,승용차,고속국도,단일로,기타단일로,맑음,포장,건조,0,1,0,0
20190923,21시,경기,용인시,월,경상,차대차,기타,기타,안전거리 미확보,남,51-60세,화물차,상해없음,남,21-30세,승용차,경상,사업용,화물차,화물차,비사업용,승용차,승용차,고속국도,단일로,기타단일로,맑음,포장,건조,0,0,1,0
20190923,23시,경기,용인시,월,경상,차대차,기타,기타,안전운전 의무 불이행,남,20세이하,승용차,상해없음,여,31-40세,승용차,경상,사업용,렌터카,렌터카,비사업용,승용차,승용차,고속국도,기타,기타,맑음,포장,건조,0,0,2,0
20190923,23시,서울,강동구,월,경상,차대차,기타,기타,안전운전 의무 불이행,남,41-50세,승용차,상해없음,남,65세이상,승용차,경상,비사업용,승용차,승용차,비사업용,승용차,승용차,고속국도,단일로,기타단일로,맑음,포장,건조,0,0,1,0
20190924,02시,경기,광명시,화,중상,차대차,추돌,추돌,안전운전 의무 불이행,남,21-30세,승용차,상해없음,남,65세이상,승용차,중상,비사업용,승용차,승용차,사업용,택시,법인택시,고속국도,단일로,기타단일로,맑음,포장,건조,0,2,0,0
20190924,02시,경기,남양주시,화,부상신고,차대차,기타,기타,안전운전 의무 불이행,기타불명,불명,불명,기타불명,여,21-30세,승용차,부상신고,불명,불명,불명,비사업용,승용차,승용차,고속국도,단일로,터널안,맑음,포장,건조,0,0,0,1
20190924,02시,경남,거창군,화,중상,차대차,추돌,추돌,안전운전 의무 불이행,남,41-50세,승용차,중상,남,41-50세,화물차,경상,비사업용,승용차,승용차,사업용,화물차,화물차,고속국도,단일로,기타단일로,맑음,포장,건조,0,1,1,0
20190924,05시,경기,김포시,화,경상,차대차,측면충돌,측면충돌,안전거리 미확보,남,41-50세,화물차,상해없음,여,51-60세,승용차,경상,비사업용,화물차,화물차,비사업용,승용차,승용차,고속국도,단일로,교량위,맑음,포장,건조,0,0,1,0
20190924,07시,경기,성남시,화,경상,차대차,기타,기타,안전거리 미확보,남,31-40세,승용차,상해없음,남,31-40세,승용차,경상,비사업용,승용차,승용차,비사업용,승용차,승용차,고속국도,단일로,기타단일로,맑음,포장,건조,0,0,1,0
20190924,08시,경남,김해시,화,경상,차대차,측면충돌,측면충돌,안전거리 미확보,여,41-50세,승용차,상해없음,남,31-40세,승용차,경상,비사업용,승용차,승용차,비사업용,승용차,승용차,고속국도,단일로,기타단일로,맑음,포장,건조,0,0,1,0
20190924,09시,경기,안양시,화,경상,차대차,측면충돌,측면충돌,안전거리 미확보,여,41-50세,승용차,상해없음,남,51-60세,화물차,경상,비사업용,승용차,승용차,비사업용,화물차,화물차,고속국도,단일로,기타단일로,맑음,포장,건조,0,0,1,0
20190924,09시,경기,화성시,화,경상,차대차,측면충돌,측면충돌,안전운전 의무 불이행,남,65세이상,승합차,경상,남,41-50세,화물차,경상,비사업용,버스,버스,비사업용,화물차,화물차,고속국도,단일로,기타단일로,맑음,포장,건조,0,0,4,0
20190924,10시,경기,수원시,화,경상,차대차,추돌,추돌,안전운전 의무 불이행,남,41-50세,승용차,상해없음,남,41-50세,화물차,경상,비사업용,승용차,승용차,사업용,화물차,화물차,고속국도,단일로,기타단일로,맑음,포장,건조,0,0,1,0
20190924,10시,경북,칠곡군,화,중상,차대차,추돌,추돌,안전운전 의무 불이행,남,21-30세,승용차,상해없음,남,65세이상,승용차,중상,비사업용,승용차,승용차,비사업용,승용차,승용차,고속국도,단일로,기타단일로,맑음,포장,건조,0,2,1,0
20190924,10시,대전,서구,화,중상,차대차,정면충돌,정면충돌,안전운전 의무 불이행,남,65세이상,화물차,중상,남,61-64세,화물차,중상,비사업용,화물차,화물차,비사업용,화물차,화물차,고속국도,기타,기타,맑음,포장,건조,0,2,0,0
20190924,10시,인천,계양구,화,중상,차대차,측면충돌,측면충돌,기타,남,31-40세,건설기계,상해없음,남,65세이상,승용차,중상,사업용,기타/건설기계,기타/건설기계,비사업용,승용차,승용차,고속국도,기타,기타,맑음,포장,건조,0,1,0,0
20190924,15시,경남,창원시,화,경상,차대차,추돌,추돌,안전거리 미확보,남,41-50세,화물차,상해없음,남,41-50세,승용차,경상,비사업용,화물차,화물차,사업용,렌터카,렌터카,고속국도,단일로,기타단일로,맑음,포장,건조,0,0,1,0
20190924,17시,경기,김포시,화,경상,차대차,측면충돌,측면충돌,안전거리 미확보,여,21-30세,승용차,상해없음,남,31-40세,승용차,경상,비사업용,승용차,승용차,비사업용,승용차,승용차,고속국도,단일로,기타단일로,맑음,포장,건조,0,0,1,0
20190924,17시,충남,당진시,화,경상,차대차,추돌,추돌,안전운전 의무 불이행,남,31-40세,승용차,상해없음,남,31-40세,승용차,경상,비사업용,승용차,승용차,비사업용,승용차,승용차,고속국도,단일로,기타단일로,맑음,포장,건조,0,0,1,0
20190924,19시,강원,춘천시,화,경상,차대차,측면충돌,측면충돌,안전운전 의무 불이행,남,51-60세,화물차,상해없음,여,41-50세,승용차,경상,사업용,화물차,화물차,비사업용,승용차,승용차,고속국도,단일로,기타단일로,맑음,포장,건조,0,0,2,0
20190924,19시,부산,강서구,화,경상,차대차,추돌,추돌,안전운전 의무 불이행,남,65세이상,화물차,상해없음,여,51-60세,승용차,경상,비사업용,화물차,화물차,비사업용,승용차,승용차,고속국도,단일로,기타단일로,맑음,포장,건조,0,0,1,0
20190924,20시,충북,괴산군,화,경상,차대차,측면충돌,측면충돌,안전운전 의무 불이행,여,41-50세,승용차,상해없음,남,51-60세,화물차,경상,비사업용,승용차,승용차,사업용,화물차,화물차,고속국도,단일로,기타단일로,맑음,포장,건조,0,0,1,0
20190924,23시,대전,서구,화,경상,차대차,추돌,추돌,기타,남,41-50세,승합차,상해없음,남,21-30세,승용차,경상,사업용,노선버스,시내버스,비사업용,승용차,승용차,고속국도,단일로,기타단일로,맑음,포장,건조,0,0,2,0
20190925,07시,경기,구리시,수,경상,차대차,측면충돌,측면충돌,기타,남,41-50세,화물차,상해없음,남,21-30세,승용차,경상,비사업용,화물차,화물차,비사업용,승용차,승용차,고속국도,단일로,기타단일로,맑음,포장,건조,0,0,1,0
20190925,14시,경기,수원시,수,경상,차대차,측면충돌,측면충돌,안전운전 의무 불이행,남,51-60세,화물차,상해없음,여,41-50세,승용차,경상,사업용,화물차,화물차,비사업용,승용차,승용차,고속국도,단일로,기타단일로,맑음,포장,건조,0,0,1,1
20190925,14시,경기,의왕시,수,사망,차량단독,공작물충돌,공작물충돌,안전운전 의무 불이행,남,41-50세,승합차,사망,없음,없음,없음,없음,사업용,노선버스,시외버스,없음,없음,없음,고속국도,단일로,기타단일로,맑음,포장,건조,1,7,7,4
20190925,15시,경기,이천시,수,경상,차대차,기타,기타,안전운전 의무 불이행,남,41-50세,건설기계,상해없음,남,20세이하,화물차,경상,사업용,기타/건설기계,기타/건설기계,비사업용,화물차,화물차,고속국도,기타,기타,맑음,포장,건조,0,0,1,0
20190925,18시,경기,하남시,수,경상,차대차,기타,기타,안전운전 의무 불이행,남,65세이상,화물차,상해없음,여,31-40세,승용차,경상,비사업용,화물차,화물차,사업용,렌터카,렌터카,고속국도,단일로,기타단일로,맑음,포장,건조,0,0,1,0
20190925,18시,대구,달서구,수,중상,차대차,추돌,추돌,안전운전 의무 불이행,여,41-50세,승용차,상해없음,남,41-50세,승용차,경상,비사업용,승용차,승용차,비사업용,승용차,승용차,고속국도,단일로,기타단일로,맑음,포장,건조,0,1,2,0
20190925,20시,경북,군위군,수,경상,차대차,측면충돌,측면충돌,안전운전 의무 불이행,남,61-64세,승합차,상해없음,남,41-50세,화물차,경상,사업용,전세버스,전세버스,사업용,화물차,화물차,고속국도,단일로,기타단일로,맑음,포장,건조,0,0,1,0
20190925,21시,경기,안성시,수,경상,차대차,기타,기타,안전운전 의무 불이행,기타불명,불명,불명,기타불명,여,41-50세,승용차,경상,불명,불명,불명,비사업용,승용차,승용차,고속국도,단일로,기타단일로,맑음,포장,건조,0,0,1,0
20190926,00시,충남,홍성군,목,중상,차대사람,기타,기타,안전운전 의무 불이행,남,61-64세,화물차,상해없음,남,31-40세,보행자,중상,사업용,화물차,화물차,보행자,보행자,보행자,고속국도,단일로,기타단일로,맑음,포장,건조,0,1,0,0
20190926,02시,대전,유성구,목,중상,차대차,기타,기타,안전운전 의무 불이행,남,65세이상,승용차,상해없음,기타불명,불명,화물차,기타불명,비사업용,승용차,승용차,비사업용,화물차,화물차,고속국도,단일로,기타단일로,맑음,포장,건조,0,1,2,0
20190926,07시,충남,논산시,목,경상,차대차,기타,기타,안전운전 의무 불이행,여,41-50세,승용차,상해없음,남,41-50세,승용차,경상,비사업용,승용차,승용차,비사업용,승용차,승용차,고속국도,단일로,기타단일로,맑음,포장,건조,0,0,1,0
20190926,10시,경기,구리시,목,중상,차대차,기타,기타,안전거리 미확보,남,41-50세,승용차,중상,남,31-40세,화물차,상해없음,비사업용,승용차,승용차,사업용,화물차,화물차,고속국도,단일로,기타단일로,맑음,포장,건조,0,1,0,0
20190926,13시,경기,용인시,목,경상,차대차,기타,기타,안전운전 의무 불이행,남,65세이상,승용차,상해없음,남,51-60세,승합차,부상신고,비사업용,승용차,승용차,사업용,전세버스,전세버스,고속국도,단일로,기타단일로,맑음,포장,건조,0,0,2,7
20190926,15시,광주,북구,목,경상,차대차,기타,기타,안전운전 의무 불이행,남,31-40세,승합차,상해없음,남,65세이상,승용차,상해없음,사업용,노선버스,고속버스,비사업용,승용차,승용차,고속국도,단일로,기타단일로,맑음,포장,건조,0,0,1,0
20190926,16시,경기,하남시,목,경상,차대차,기타,기타,안전거리 미확보,남,31-40세,화물차,상해없음,여,51-60세,승용차,경상,비사업용,화물차,화물차,비사업용,승용차,승용차,고속국도,단일로,기타단일로,맑음,포장,건조,0,0,1,0
20190926,17시,경기,수원시,목,경상,차대차,측면충돌,측면충돌,안전거리 미확보,남,41-50세,승용차,상해없음,남,61-64세,화물차,상해없음,사업용,렌터카,렌터카,사업용,화물차,화물차,고속국도,단일로,기타단일로,맑음,포장,건조,0,0,1,0
20190926,18시,인천,남동구,목,경상,차대차,추돌,추돌,안전운전 의무 불이행,남,21-30세,승용차,기타불명,남,51-60세,승용차,경상,비사업용,승용차,승용차,비사업용,승용차,승용차,고속국도,단일로,터널안,맑음,포장,건조,0,0,1,0
20190926,21시,경기,광주시,목,중상,차대차,측면충돌,측면충돌,안전거리 미확보,여,65세이상,승용차,상해없음,여,51-60세,승용차,중상,비사업용,승용차,승용차,비사업용,승용차,승용차,고속국도,단일로,기타단일로,맑음,포장,건조,0,1,0,1
20190926,22시,경기,광명시,목,경상,차대차,추돌,추돌,안전운전 의무 불이행,남,31-40세,승용차,상해없음,남,51-60세,화물차,경상,비사업용,승용차,승용차,사업용,화물차,화물차,고속국도,단일로,기타단일로,맑음,포장,건조,0,0,1,0
20190927,05시,경기,수원시,금,경상,차대차,기타,기타,안전운전 의무 불이행,여,41-50세,승용차,상해없음,남,65세이상,화물차,경상,비사업용,승용차,승용차,비사업용,화물차,화물차,고속국도,단일로,기타단일로,맑음,포장,건조,0,0,1,0
20190927,06시,경기,안산시,금,경상,차대차,측면충돌,측면충돌,안전운전 의무 불이행,남,41-50세,화물차,상해없음,남,65세이상,승용차,경상,사업용,화물차,화물차,사업용,렌터카,렌터카,고속국도,단일로,기타단일로,맑음,포장,건조,0,0,1,0
20190927,11시,강원,평창군,금,경상,차대차,추돌,추돌,안전거리 미확보,남,21-30세,승합차,상해없음,남,41-50세,특수차,경상,사업용,렌터카,렌터카,사업용,위험물운송,위험물운송,고속국도,단일로,기타단일로,맑음,포장,건조,0,0,3,0