발생일,발생시간,발생지_시도,발생지_시군구,요일,사고내용,사고유형_대분류,사고유형_중분류,사고유형,가해자법규위반,가해자성별,가해자연령,가해당사자종별,가해자신체상해정도,피해자성별,피해자연령,피해당사자종별,피해자신체상해정도,가해차량용도_대분류,가해차량용도_중분류,가해차량용도,피해차량용도_대분류,피해차량용도_중분류,피해차량용도,도로종류,도로형태_대분류,도로형태,기상상태,노면상태_대분류,노면상태,사망자수,중상자수,경상자수,부상신고자수
20191004,19시,경기,남양주시,금,경상,차대차,기타,기타,안전운전 의무 불이행,남,21-30세,승용차,상해없음,남,31-40세,승용차,경상,비사업용,승용차,승용차,비사업용,승용차,승용차,고속국도,단일로,기타단일로,맑음,포장,건조,0,0,2,0
20191004,19시,경기,안성시,금,중상,차대차,추돌,추돌,안전운전 의무 불이행,남,21-30세,승용차,상해없음,여,31-40세,승용차,중상,비사업용,승용차,승용차,비사업용,승용차,승용차,고속국도,단일로,기타단일로,맑음,포장,건조,0,1,3,0
20191004,19시,경기,용인시,금,경상,차대차,추돌,추돌,안전운전 의무 불이행,남,21-30세,승용차,상해없음,남,31-40세,승용차,경상,비사업용,승용차,승용차,비사업용,승용차,승용차,고속국도,단일로,기타단일로,맑음,포장,건조,0,0,2,0
20191005,05시,경기,성남시,토,경상,차대차,기타,기타,안전운전 의무 불이행,남,21-30세,승용차,상해없음,남,41-50세,승용차,경상,비사업용,승용차,승용차,비사업용,승용차,승용차,고속국도,단일로,기타단일로,맑음,포장,건조,0,0,1,0
20191005,14시,충남,공주시,토,경상,차대차,추돌,추돌,안전운전 의무 불이행,남,21-30세,승용차,상해없음,남,31-40세,승용차,경상,사업용,렌터카,렌터카,비사업용,승용차,승용차,고속국도,단일로,기타단일로,맑음,포장,건조,0,0,4,0
20191005,15시,경남,하동군,토,경상,차대차,추돌,추돌,안전거리 미확보,남,21-30세,승용차,경상,남,51-60세,화물차,경상,비사업용,승용차,승용차,비사업용,화물차,화물차,고속국도,단일로,기타단일로,맑음,포장,건조,0,0,7,0
20191005,16시,강원,원주시,토,경상,차대차,추돌,추돌,안전거리 미확보,남,21-30세,승용차,상해없음,여,21-30세,승용차,경상,비사업용,승용차,승용차,비사업용,승용차,승용차,고속국도,단일로,터널안,맑음,포장,건조,0,0,2,0
20191005,18시,경기,남양주시,토,경상,차대차,측면충돌,측면충돌,안전거리 미확보,남,51-60세,승합차,부상신고,남,41-50세,화물차,경상,사업용,기타/건설기계,기타/건설기계,비사업용,화물차,화물차,고속국도,단일로,기타단일로,맑음,포장,건조,0,0,1,1
20191005,18시,충북,청주시,토,경상,차대차,측면충돌,측면충돌,안전운전 의무 불이행,남,31-40세,승용차,상해없음,남,31-40세,승용차,경상,비사업용,승용차,승용차,비사업용,승용차,승용차,고속국도,단일로,기타단일로,맑음,포장,건조,0,0,1,0
20191006,01시,경기,용인시,일,중상,차대차,추돌,추돌,안전운전 의무 불이행,남,31-40세,승용차,중상,남,41-50세,승합차,상해없음,비사업용,승용차,승용차,비사업용,버스,버스,고속국도,단일로,기타단일로,맑음,포장,건조,0,1,2,1
20191006,08시,경남,함안군,일,중상,차대차,추돌,추돌,안전운전 의무 불이행,남,51-60세,승합차,상해없음,남,51-60세,화물차,중상,사업용,전세버스,전세버스,비사업용,화물차,화물차,고속국도,단일로,기타단일로,맑음,포장,건조,0,2,0,0
20191006,14시,경기,의왕시,일,중상,차대차,측면충돌,측면충돌,안전거리 미확보,남,20세이하,승용차,상해없음,남,51-60세,특수차,경상,비사업용,승용차,승용차,사업용,화물차,화물차,고속국도,단일로,기타단일로,맑음,포장,건조,0,1,3,0
20191006,15시,충남,청양군,일,경상,차대차,추돌,추돌,안전운전 의무 불이행,남,31-40세,승용차,상해없음,남,41-50세,승용차,상해없음,비사업용,승용차,승용차,비사업용,승용차,승용차,고속국도,단일로,기타단일로,맑음,포장,건조,0,0,2,0
20191006,17시,경기,안산시,일,경상,차대차,후진중충돌,후진중충돌,안전운전 의무 불이행,남,61-64세,승용차,상해없음,여,61-64세,승용차,경상,비사업용,승용차,승용차,비사업용,승용차,승용차,고속국도,단일로,기타단일로,맑음,포장,건조,0,0,1,0
20191006,18시,충남,서산시,일,중상,차대차,추돌,추돌,안전운전 의무 불이행,남,31-40세,승용차,상해없음,남,51-60세,승용차,경상,사업용,렌터카,렌터카,비사업용,승용차,승용차,고속국도,단일로,기타단일로,맑음,포장,건조,0,1,1,0
20191006,20시,경기,용인시,일,경상,차대차,추돌,추돌,안전운전 의무 불이행,여,21-30세,승용차,상해없음,남,51-60세,승용차,경상,비사업용,승용차,승용차,비사업용,승용차,승용차,고속국도,단일로,기타단일로,맑음,포장,건조,0,0,1,0
20191006,21시,충북,음성군,일,경상,차대차,추돌,추돌,과속,여,51-60세,승용차,상해없음,남,51-60세,화물차,경상,비사업용,승용차,승용차,사업용,화물차,화물차,고속국도,단일로,기타단일로,맑음,포장,건조,0,0,1,0
20191007,03시,인천,부평구,월,경상,차대차,기타,기타,안전운전 의무 불이행,기타불명,불명,불명,기타불명,남,41-50세,승용차,경상,불명,불명,불명,사업용,택시,법인택시,고속국도,단일로,기타단일로,비,포장,젖음/습기,0,0,1,0
20191007,07시,충북,청주시,월,경상,차대차,기타,기타,안전운전 의무 불이행,여,21-30세,승용차,기타불명,남,51-60세,승용차,경상,비사업용,승용차,승용차,비사업용,승용차,승용차,고속국도,단일로,기타단일로,비,포장,젖음/습기,0,0,1,0
20191007,10시,경기,화성시,월,경상,차대차,측면충돌,측면충돌,안전운전 의무 불이행,남,65세이상,승합차,상해없음,남,41-50세,승합차,경상,사업용,렌터카,렌터카,사업용,노선버스,시내버스,고속국도,단일로,기타단일로,비,포장,젖음/습기,0,0,1,1
20191007,11시,경남,합천군,월,중상,차대차,추돌,추돌,안전운전 의무 불이행,남,31-40세,화물차,중상,남,51-60세,화물차,상해없음,비사업용,화물차,화물차,사업용,화물차,화물차,고속국도,단일로,터널안,맑음,포장,건조,0,1,0,0
20191007,12시,경기,성남시,월,경상,차대차,측면충돌,측면충돌,안전운전 의무 불이행,남,61-64세,화물차,상해없음,남,31-40세,화물차,경상,비사업용,화물차,화물차,사업용,화물차,화물차,고속국도,단일로,기타단일로,비,포장,젖음/습기,0,0,1,0
20191007,14시,충남,공주시,월,경상,차대차,측면충돌,측면충돌,안전운전 의무 불이행,남,65세이상,화물차,상해없음,남,31-40세,승용차,경상,비사업용,화물차,화물차,비사업용,승용차,승용차,고속국도,단일로,기타단일로,비,포장,젖음/습기,0,0,3,0
20191007,15시,경기,군포시,월,경상,차대차,기타,기타,안전운전 의무 불이행,남,51-60세,승용차,상해없음,남,41-50세,화물차,경상,비사업용,승용차,승용차,사업용,화물차,화물차,고속국도,단일로,기타단일로,비,포장,젖음/습기,0,0,1,0
20191007,16시,경기,군포시,월,중상,차대차,기타,기타,안전운전 의무 불이행,남,41-50세,화물차,상해없음,여,41-50세,승용차,중상,비사업용,화물차,화물차,비사업용,승용차,승용차,고속국도,단일로,기타단일로,비,포장,젖음/습기,0,1,0,0
20191008,11시,충북,충주시,화,중상,차대차,추돌,추돌,안전거리 미확보,여,51-60세,승용차,상해없음,남,20세이하,승용차,중상,비사업용,승용차,승용차,비사업용,승용차,승용차,고속국도,단일로,기타단일로,맑음,포장,건조,0,1,0,0
20191008,13시,경기,평택시,화,중상,차대차,측면충돌,측면충돌,안전거리 미확보,남,51-60세,승용차,부상신고,남,51-60세,화물차,중상,비사업용,승용차,승용차,사업용,화물차,화물차,고속국도,단일로,기타단일로,맑음,포장,건조,0,1,0,1
20191008,13시,서울,서초구,화,경상,차대차,추돌,추돌,안전운전 의무 불이행,여,51-60세,승용차,부상신고,남,41-50세,승용차,경상,비사업용,승용차,승용차,비사업용,승용차,승용차,고속국도,단일로,기타단일로,맑음,포장,건조,0,0,4,1
20191008,13시,울산,울주군,화,사망,차대차,추돌,추돌,안전운전 의무 불이행,남,65세이상,특수차,사망,남,31-40세,화물차,상해없음,사업용,화물차,화물차,비사업용,화물차,화물차,고속국도,단일로,터널안,맑음,포장,건조,1,0,0,0
20191008,14시,경남,창녕군,화,중상,차대차,추돌,추돌,안전운전 의무 불이행,남,51-60세,특수차,중상,남,41-50세,화물차,경상,사업용,화물차,화물차,사업용,화물차,화물차,고속국도,단일로,기타단일로,맑음,포장,건조,0,1,2,0
20191008,14시,경남,함안군,화,중상,차대차,추돌,추돌,안전운전 의무 불이행,남,51-60세,특수차,상해없음,남,65세이상,화물차,중상,사업용,화물차,화물차,사업용,화물차,화물차,고속국도,단일로,기타단일로,맑음,포장,건조,0,1,0,1
20191008,15시,경북,안동시,화,경상,차대차,측면충돌,측면충돌,과속,남,65세이상,승용차,상해없음,여,41-50세,승용차,상해없음,비사업용,승용차,승용차,비사업용,승용차,승용차,고속국도,단일로,터널안,맑음,포장,건조,0,0,2,0
20191008,18시,경남,창원시,화,중상,차대차,측면충돌,측면충돌,안전운전 의무 불이행,남,51-60세,화물차,상해없음,남,41-50세,승용차,중상,사업용,화물차,화물차,비사업용,승용차,승용차,고속국도,단일로,기타단일로,맑음,포장,건조,0,1,0,0
20191008,18시,충북,단양군,화,중상,차대차,추돌,추돌,안전운전 의무 불이행,남,65세이상,화물차,상해없음,남,51-60세,승용차,상해없음,비사업용,화물차,화물차,비사업용,승용차,승용차,고속국도,단일로,기타단일로,맑음,포장,건조,0,1,4,10
20191008,20시,경북,영천시,화,경상,차대차,기타,기타,기타,남,61-64세,화물차,상해없음,남,31-40세,승용차,경상,비사업용,화물차,화물차,비사업용,승용차,승용차,고속국도,단일로,기타단일로,맑음,포장,건조,0,0,4,0
20191008,22시,경남,김해시,화,경상,차대차,추돌,추돌,안전운전 의무 불이행,남,51-60세,승용차,상해없음,남,41-50세,승용차,경상,비사업용,승용차,승용차,비사업용,승용차,승용차,고속국도,단일로,기타단일로,맑음,포장,건조,0,0,1,0
20191009,01시,경북,칠곡군,수,중상,차대차,추돌,추돌,안전운전 의무 불이행,남,21-30세,승용차,상해없음,남,41-50세,화물차,중상,비사업용,승용차,승용차,사업용,화물차,화물차,고속국도,단일로,기타단일로,맑음,포장,건조,0,1,0,0
20191009,03시,경기,평택시,수,사망,차대차,추돌,추돌,안전운전 의무 불이행,남,51-60세,화물차,사망,남,61-64세,화물차,경상,비사업용,화물차,화물차,사업용,화물차,화물차,고속국도,단일로,기타단일로,맑음,포장,건조,1,0,1,0
20191009,08시,경북,경산시,수,경상,차대사람,차도통행중,차도통행중,안전운전 의무 불이행,남,65세이상,화물차,상해없음,남,41-50세,보행자,경상,비사업용,화물차,화물차,보행자,보행자,보행자,고속국도,단일로,기타단일로,맑음,포장,건조,0,0,1,0
20191009,11시,인천,남동구,수,중상,차대차,추돌,추돌,안전거리 미확보,남,21-30세,승용차,상해없음,남,61-64세,승용차,중상,비사업용,승용차,승용차,비사업용,승용차,승용차,고속국도,단일로,기타단일로,맑음,포장,건조,0,1,1,0
20191009,12시,부산,금정구,수,경상,차대차,추돌,추돌,안전운전 의무 불이행,여,41-50세,승용차,경상,남,41-50세,승용차,경상,사업용,렌터카,렌터카,비사업용,승용차,승용차,고속국도,단일로,기타단일로,맑음,포장,건조,0,0,5,0
20191009,15시,경북,칠곡군,수,경상,차대차,기타,기타,안전운전 의무 불이행,여,41-50세,승용차,상해없음,남,31-40세,화물차,경상,비사업용,승용차,승용차,비사업용,화물차,화물차,고속국도,단일로,기타단일로,맑음,포장,건조,0,0,1,0
20191009,16시,경기,하남시,수,경상,차대차,기타,기타,안전운전 의무 불이행,여,51-60세,승용차,상해없음,남,51-60세,승용차,부상신고,비사업용,승용차,승용차,비사업용,승용차,승용차,고속국도,단일로,기타단일로,맑음,포장,건조,0,0,1,4
20191009,20시,경기,성남시,수,경상,차량단독,공작물충돌,공작물충돌,안전운전 의무 불이행,남,65세이상,승용차,경상,없음,없음,없음,없음,사업용,택시,개인택시,없음,없음,없음,고속국도,단일로,기타단일로,맑음,포장,건조,0,0,1,0
20191009,20시,충북,음성군,수,중상,차대차,기타,기타,안전운전 의무 불이행,남,51-60세,화물차,상해없음,남,41-50세,승용차,중상,사업용,화물차,화물차,사업용,렌터카,렌터카,고속국도,기타,기타,맑음,포장,건조,0,2,0,0
20191009,23시,경기,이천시,수,경상,차대차,추돌,추돌,안전거리 미확보,남,41-50세,승용차,상해없음,남,41-50세,화물차,경상,비사업용,승용차,승용차,사업용,화물차,화물차,고속국도,기타,기타,맑음,포장,건조,0,0,1,0
20191010,01시,충북,청주시,목,중상,차량단독,공작물충돌,공작물충돌,안전운전 의무 불이행,남,61-64세,화물차,중상,없음,없음,없음,없음,사업용,화물차,화물차,없음,없음,없음,고속국도,기타,기타,맑음,포장,건조,0,1,0,0
20191010,06시,부산,강서구,목,사망,차대차,추돌,추돌,안전거리 미확보,남,31-40세,특수차,상해없음,남,51-60세,승용차,사망,사업용,화물차,화물차,비사업용,승용차,승용차,고속국도,단일로,교량위,맑음,포장,건조,1,1,4,0
20191010,08시,경기,구리시,목,중상,차대차,측면충돌,측면충돌,안전거리 미확보,남,41-50세,승용차,중상,남,51-60세,건설기계,상해없음,비사업용,승용차,승용차,비사업용,기타/건설기계,기타/건설기계,고속국도,단일로,기타단일로,맑음,포장,건조,0,1,0,0
20191010,09시,경기,용인시,목,중상,차대차,기타,기타,안전운전 의무 불이행,여,41-50세,승용차,경상,남,41-50세,승합차,경상,비사업용,승용차,승용차,비사업용,버스,버스,고속국도,단일로,기타단일로,맑음,포장,건조,0,1,3,4
20191010,10시,경기,구리시,목,경상,차대차,기타,기타,안전운전 의무 불이행,남,51-60세,특수차,상해없음,남,51-60세,승용차,경상,사업용,화물차,화물차,비사업용,승용차,승용차,고속국도,단일로,기타단일로,맑음,포장,건조,0,0,1,0
20191010,11시,경기,군포시,목,경상,차대차,기타,기타,신호위반,남,21-30세,승용차,상해없음,남,31-40세,특수차,경상,사업용,렌터카,렌터카,사업용,화물차,화물차,고속국도,단일로,터널안,맑음,포장,건조,0,0,1,0
20191010,11시,경기,군포시,목,중상,차대차,추돌,추돌,안전운전 의무 불이행,여,21-30세,승용차,상해없음,남,31-40세,승용차,중상,비사업용,승용차,승용차,비사업용,승용차,승용차,고속국도,단일로,기타단일로,맑음,포장,건조,0,2,0,0
20191010,13시,경기,성남시,목,경상,차대차,기타,기타,안전운전 의무 불이행,여,31-40세,승용차,경상,남,21-30세,승용차,부상신고,비사업용,승용차,승용차,비사업용,승용차,승용차,고속국도,단일로,기타단일로,맑음,포장,건조,0,0,1,1
20191010,13시,경기,화성시,목,경상,차대차,추돌,추돌,안전거리 미확보,남,31-40세,화물차,상해없음,남,41-50세,승용차,경상,사업용,화물차,화물차,사업용,렌터카,렌터카,고속국도,단일로,기타단일로,맑음,포장,건조,0,0,5,0
20191010,17시,경기,하남시,목,경상,차대차,측면충돌,측면충돌,안전운전 의무 불이행,남,41-50세,승용차,상해없음,남,51-60세,승용차,경상,비사업용,승용차,승용차,비사업용,승용차,승용차,고속국도,단일로,기타단일로,맑음,포장,건조,0,0,1,0
20191010,18시,경기,수원시,목,경상,차대차,기타,기타,안전운전 의무 불이행,남,61-64세,특수차,상해없음,남,31-40세,승용차,경상,사업용,화물차,화물차,비사업용,승용차,승용차,고속국도,단일로,기타단일로,맑음,포장,건조,0,0,2,0
20191010,21시,경기,군포시,목,중상,차대차,기타,기타,안전운전 의무 불이행,남,51-60세,화물차,상해없음,여,41-50세,승용차,중상,사업용,화물차,화물차,비사업용,승용차,승용차,고속국도,단일로,기타단일로,맑음,포장,건조,0,1,1,3
20191010,21시,전북,김제시,목,경상,차대차,추돌,추돌,안전운전 의무 불이행,남,51-60세,승용차,상해없음,남,31-40세,화물차,경상,사업용,렌터카,렌터카,사업용,화물차,화물차,고속국도,단일로,기타단일로,맑음,포장,건조,0,0,1,0
20191011,03시,경기,이천시,금,사망,차대차,추돌,추돌,안전운전 의무 불이행,남,41-50세,승용차,사망,남,41-50세,화물차,기타불명,비사업용,승용차,승용차,비사업용,화물차,화물차,고속국도,단일로,기타단일로,맑음,포장,건조,1,0,0,0
20191011,04시,경기,용인시,금,경상,차대차,추돌,추돌,안전운전 의무 불이행,남,31-40세,화물차,상해없음,남,61-64세,화물차,경상,사업용,화물차,화물차,사업용,화물차,화물차,고속국도,단일로,기타단일로,맑음,포장,건조,0,0,1,0
20191011,08시,경기,안산시,금,사망,차대차,추돌,추돌,안전운전 의무 불이행,남,51-60세,건설기계,상해없음,남,51-60세,화물차,사망,사업용,기타/건설기계,기타/건설기계,비사업용,화물차,화물차,고속국도,단일로,기타단일로,맑음,포장,건조,1,0,1,0
20191011,09시,충북,충주시,금,경상,차대차,기타,기타,기타,남,41-50세,화물차,상해없음,남,31-40세,승용차,경상,비사업용,화물차,화물차,비사업용,승용차,승용차,고속국도,기타,기타,맑음,포장,건조,0,0,1,0
20191011,12시,경기,평택시,금,경상,차대차,추돌,추돌,안전거리 미확보,여,41-50세,승용차,부상신고,남,31-40세,승용차,경상,비사업용,승용차,승용차,비사업용,승용차,승용차,고속국도,단일로,기타단일로,맑음,포장,건조,0,0,1,1
20191011,13시,경남,함안군,금,경상,차대차,측면충돌,측면충돌,안전운전 의무 불이행,남,61-64세,화물차,상해없음,남,31-40세,승용차,경상,사업용,화물차,화물차,비사업용,승용차,승용차,고속국도,단일로,기타단일로,맑음,포장,건조,0,0,1,0
20191011,16시,경기,안양시,금,경상,차대차,측면충돌,측면충돌,안전운전 의무 불이행,남,61-64세,승합차,상해없음,남,41-50세,승합차,경상,비사업용,버스,버스,비사업용,버스,버스,고속국도,단일로,기타단일로,맑음,포장,건조,0,0,1,0
20191011,16시,경북,영천시,금,중상,차대차,추돌,추돌,안전운전 의무 불이행,남,41-50세,특수차,상해없음,남,21-30세,화물차,중상,사업용,화물차,화물차,비사업용,화물차,화물차,고속국도,단일로,기타단일로,맑음,포장,건조,0,1,0,0
20191011,16시,충북,진천군,금,경상,차대차,추돌,추돌,안전운전 의무 불이행,여,21-30세,승용차,상해없음,여,51-60세,승용차,경상,비사업용,승용차,승용차,비사업용,승용차,승용차,고속국도,기타,기타,맑음,포장,건조,0,0,1,0
20191011,19시,대구,동구,금,경상,차대차,측면충돌,측면충돌,안전운전 의무 불이행,남,61-64세,승용차,경상,여,31-40세,승용차,경상,비사업용,승용차,승용차,비사업용,승용차,승용차,고속국도,단일로,기타단일로,맑음,포장,건조,0,0,4,0
20191011,21시,경기,성남시,금,부상신고,차량단독,기타,기타,안전운전 의무 불이행,남,41-50세,승합차,상해없음,없음,없음,없음,없음,사업용,노선버스,고속버스,없음,없음,없음,고속국도,단일로,기타단일로,맑음,포장,건조,0,0,0,1
20191012,01시,경북,문경시,토,경상,차대차,추돌,추돌,안전거리 미확보,남,21-30세,승용차,상해없음,남,41-50세,승용차,경상,비사업용,승용차,승용차,비사업용,승용차,승용차,고속국도,단일로,기타단일로,맑음,포장,건조,0,0,2,0
20191012,09시,경기,용인시,토,중상,차대차,추돌,추돌,안전운전 의무 불이행,남,21-30세,승합차,상해없음,남,31-40세,승용차,경상,비사업용,기타/건설기계,기타/건설기계,비사업용,승용차,승용차,고속국도,단일로,기타단일로,맑음,포장,건조,0,2,11,0
20191012,09시,경기,화성시,토,중상,차대차,후진중충돌,후진중충돌,안전운전 의무 불이행,남,65세이상,승합차,상해없음,남,51-60세,승용차,중상,비사업용,기타/건설기계,기타/건설기계,비사업용,승용차,승용차,고속국도,기타,기타,맑음,포장,건조,0,1,0,0
20191012,09시,충북,청주시,토,중상,차대차,추돌,추돌,안전운전 의무 불이행,남,31-40세,승용차,상해없음,남,41-50세,승용차,경상,비사업용,승용차,승용차,비사업용,승용차,승용차,고속국도,기타,기타,맑음,포장,건조,0,1,8,0
20191012,13시,경기,성남시,토,경상,차대차,측면충돌,측면충돌,신호위반,남,61-64세,건설기계,상해없음,남,51-60세,승용차,경상,비사업용,기타/건설기계,기타/건설기계,비사업용,승용차,승용차,고속국도,단일로,터널안,맑음,포장,건조,0,0,3,0
20191012,13시,경기,이천시,토,사망,차대차,추돌,추돌,안전거리 미확보,남,41-50세,승합차,상해없음,남,31-40세,승용차,중상,사업용,노선버스,시외버스,비사업용,승용차,승용차,고속국도,단일로,기타단일로,맑음,포장,건조,2,4,5,4
20191012,14시,경북,김천시,토,중상,차대차,측면충돌,측면충돌,안전운전 의무 불이행,남,41-50세,화물차,상해없음,여,41-50세,승용차,중상,사업용,화물차,화물차,비사업용,승용차,승용차,고속국도,단일로,기타단일로,맑음,포장,건조,0,1,0,0
20191012,14시,충남,천안시,토,경상,차대차,추돌,추돌,안전운전 의무 불이행,남,41-50세,승용차,상해없음,남,21-30세,승용차,경상,비사업용,승용차,승용차,비사업용,승용차,승용차,고속국도,단일로,기타단일로,맑음,포장,건조,0,0,3,0
20191012,15시,서울,서초구,토,경상,차대차,추돌,추돌,안전운전 의무 불이행,남,21-30세,승용차,상해없음,남,51-60세,승용차,경상,비사업용,승용차,승용차,비사업용,승용차,승용차,고속국도,단일로,기타단일로,맑음,포장,건조,0,0,10,0
20191012,15시,충남,당진시,토,경상,차대차,측면충돌,측면충돌,안전거리 미확보,남,51-60세,승용차,상해없음,남,21-30세,승용차,경상,비사업용,승용차,승용차,비사업용,승용차,승용차,고속국도,단일로,기타단일로,맑음,포장,건조,0,0,1,0
20191012,16시,경기,구리시,토,경상,차대차,기타,기타,안전거리 미확보,남,51-60세,승용차,상해없음,남,51-60세,승용차,상해없음,비사업용,승용차,승용차,비사업용,승용차,승용차,고속국도,단일로,기타단일로,맑음,포장,건조,0,0,1,0
20191012,17시,충북,청주시,토,중상,차대차,추돌,추돌,안전운전 의무 불이행,남,21-30세,승용차,상해없음,남,31-40세,승용차,중상,비사업용,승용차,승용차,비사업용,승용차,승용차,고속국도,단일로,기타단일로,맑음,포장,건조,0,1,0,0
20191012,18시,전남,영암군,토,경상,차대차,기타,기타,안전운전 의무 불이행,여,41-50세,승용차,상해없음,여,41-50세,승용차,경상,비사업용,승용차,승용차,비사업용,승용차,승용차,고속국도,단일로,기타단일로,맑음,포장,건조,0,0,2,0
20191012,19시,인천,연수구,토,경상,차대차,추돌,추돌,안전운전 의무 불이행,남,61-64세,승합차,상해없음,여,31-40세,승용차,경상,사업용,노선버스,시외버스,비사업용,승용차,승용차,고속국도,단일로,기타단일로,맑음,포장,건조,0,0,3,0
20191012,20시,인천,부평구,토,경상,차대차,추돌,추돌,안전운전 의무 불이행,남,31-40세,승용차,상해없음,남,41-50세,승용차,경상,비사업용,승용차,승용차,비사업용,승용차,승용차,고속국도,단일로,기타단일로,맑음,포장,건조,0,0,6,0
20191012,23시,경기,평택시,토,경상,차대차,추돌,추돌,안전운전 의무 불이행,남,21-30세,화물차,상해없음,남,61-64세,승용차,상해없음,비사업용,화물차,화물차,비사업용,승용차,승용차,고속국도,단일로,기타단일로,맑음,포장,건조,0,0,2,0
20191012,23시,경기,평택시,토,사망,차대차,추돌,추돌,안전운전 의무 불이행,남,41-50세,화물차,기타불명,기타불명,불명,특수차,기타불명,비사업용,화물차,화물차,사업용,화물차,화물차,고속국도,단일로,기타단일로,맑음,포장,건조,1,0,4,0
20191012,23시,경기,화성시,토,경상,차대차,후진중충돌,후진중충돌,안전운전 의무 불이행,남,41-50세,승용차,상해없음,남,41-50세,승용차,기타불명,비사업용,승용차,승용차,비사업용,승용차,승용차,고속국도,기타,기타,맑음,포장,건조,0,0,1,0
20191013,01시,충북,음성군,일,중상,차대차,추돌,추돌,안전운전 의무 불이행,남,41-50세,승용차,상해없음,남,31-40세,화물차,중상,사업용,렌터카,렌터카,사업용,화물차,화물차,고속국도,단일로,기타단일로,맑음,포장,건조,0,1,0,0
20191013,05시,경기,안성시,일,중상,차량단독,공작물충돌,공작물충돌,안전운전 의무 불이행,남,21-30세,승용차,상해없음,없음,없음,없음,없음,비사업용,승용차,승용차,없음,없음,없음,고속국도,단일로,기타단일로,맑음,포장,건조,0,1,0,0
20191013,10시,경기,화성시,일,경상,차대차,기타,기타,안전운전 의무 불이행,남,61-64세,승용차,상해없음,남,65세이상,승용차,경상,비사업용,승용차,승용차,비사업용,승용차,승용차,고속국도,단일로,기타단일로,맑음,포장,건조,0,0,2,0
20191013,11시,경기,성남시,일,경상,차대차,기타,기타,안전운전 의무 불이행,남,31-40세,승용차,경상,남,21-30세,승용차,부상신고,비사업용,승용차,승용차,사업용,렌터카,렌터카,고속국도,단일로,기타단일로,맑음,포장,건조,0,0,3,2
20191013,13시,경기,평택시,일,부상신고,차대차,기타,기타,안전운전 의무 불이행,남,41-50세,승용차,부상신고,남,51-60세,승용차,상해없음,비사업용,승용차,승용차,비사업용,승용차,승용차,고속국도,단일로,기타단일로,맑음,포장,건조,0,0,0,1
20191013,14시,경기,남양주시,일,경상,차대차,기타,기타,안전운전 의무 불이행,남,61-64세,화물차,상해없음,남,51-60세,승용차,경상,비사업용,화물차,화물차,비사업용,승용차,승용차,고속국도,단일로,기타단일로,맑음,포장,건조,0,0,3,0
20191013,15시,경기,성남시,일,경상,차대차,기타,기타,안전거리 미확보,남,41-50세,승용차,상해없음,여,31-40세,승용차,상해없음,비사업용,승용차,승용차,사업용,렌터카,렌터카,고속국도,단일로,기타단일로,맑음,포장,건조,0,0,1,1
20191013,15시,경기,성남시,일,경상,차대차,측면충돌,측면충돌,안전운전 의무 불이행,여,41-50세,승용차,상해없음,남,41-50세,승용차,경상,비사업용,승용차,승용차,비사업용,승용차,승용차,고속국도,단일로,기타단일로,맑음,포장,건조,0,0,1,0
20191013,15시,경남,진주시,일,중상,차대차,측면충돌,측면충돌,안전운전 의무 불이행,남,41-50세,특수차,상해없음,여,41-50세,승용차,중상,사업용,화물차,화물차,비사업용,승용차,승용차,고속국도,단일로,기타단일로,맑음,포장,건조,0,2,0,0
20191013,15시,충북,음성군,일,경상,차대차,측면충돌,측면충돌,안전거리 미확보,남,65세이상,화물차,상해없음,남,51-60세,화물차,경상,비사업용,화물차,화물차,비사업용,화물차,화물차,고속국도,기타,기타,맑음,포장,건조,0,0,1,0
20191013,15시,충북,진천군,일,경상,차대차,추돌,추돌,안전거리 미확보,남,51-60세,승용차,상해없음,남,31-40세,승용차,경상,비사업용,승용차,승용차,비사업용,승용차,승용차,고속국도,기타,기타,맑음,포장,건조,0,0,3,0
20191013,16시,경기,구리시,일,부상신고,차대차,측면충돌,측면충돌,안전운전 의무 불이행,여,61-64세,승용차,상해없음,여,41-50세,승용차,부상신고,비사업용,승용차,승용차,비사업용,승용차,승용차,고속국도,단일로,기타단일로,맑음,포장,건조,0,0,0,2
20191013,17시,경남,양산시,일,경상,차대차,추돌,추돌,안전거리 미확보,남,65세이상,승용차,상해없음,남,65세이상,화물차,경상,비사업용,승용차,승용차,비사업용,화물차,화물차,고속국도,단일로,기타단일로,맑음,포장,건조,0,0,2,0
20191013,17시,전남,나주시,일,경상,차대차,추돌,추돌,안전운전 의무 불이행,여,21-30세,승용차,상해없음,남,21-30세,승용차,경상,비사업용,승용차,승용차,비사업용,승용차,승용차,고속국도,단일로,기타단일로,맑음,포장,건조,0,0,3,0
20191013,18시,경기,김포시,일,경상,차대차,측면충돌,측면충돌,안전거리 미확보,남,21-30세,승용차,상해없음,남,41-50세,승용차,경상,사업용,렌터카,렌터카,비사업용,승용차,승용차,고속국도,기타,기타,맑음,포장,건조,0,0,2,0
20191013,19시,강원,양양군,일,경상,차대차,기타,기타,안전운전 의무 불이행,남,61-64세,승용차,상해없음,남,51-60세,승합차,상해없음,비사업용,승용차,승용차,사업용,전세버스,전세버스,고속국도,단일로,기타단일로,맑음,포장,건조,0,0,1,0