발생일,발생시간,발생지_시도,발생지_시군구,요일,사고내용,사고유형_대분류,사고유형_중분류,사고유형,가해자법규위반,가해자성별,가해자연령,가해당사자종별,가해자신체상해정도,피해자성별,피해자연령,피해당사자종별,피해자신체상해정도,가해차량용도_대분류,가해차량용도_중분류,가해차량용도,피해차량용도_대분류,피해차량용도_중분류,피해차량용도,도로종류,도로형태_대분류,도로형태,기상상태,노면상태_대분류,노면상태,사망자수,중상자수,경상자수,부상신고자수
20191121,01시,경남,김해시,목,경상,차대차,추돌,추돌,안전운전 의무 불이행,남,41-50세,화물차,경상,남,41-50세,건설기계,경상,사업용,화물차,화물차,사업용,기타/건설기계,기타/건설기계,고속국도,단일로,기타단일로,맑음,포장,건조,0,0,2,0
20191121,02시,인천,부평구,목,경상,차대차,추돌,추돌,안전운전 의무 불이행,남,21-30세,승용차,상해없음,남,65세이상,승용차,경상,사업용,렌터카,렌터카,사업용,택시,개인택시,고속국도,단일로,기타단일로,맑음,포장,건조,0,0,1,0
20191121,03시,경기,이천시,목,경상,차대차,추돌,추돌,안전운전 의무 불이행,남,31-40세,승용차,상해없음,남,21-30세,화물차,경상,비사업용,승용차,승용차,사업용,화물차,화물차,고속국도,단일로,기타단일로,맑음,포장,건조,0,0,1,0
20191121,05시,대구,동구,목,중상,차대차,추돌,추돌,안전운전 의무 불이행,남,51-60세,승용차,상해없음,남,65세이상,화물차,중상,비사업용,승용차,승용차,사업용,화물차,화물차,고속국도,단일로,기타단일로,맑음,포장,건조,0,1,1,0
20191121,08시,부산,기장군,목,중상,차대차,추돌,추돌,안전거리 미확보,여,21-30세,승용차,경상,여,31-40세,승용차,경상,비사업용,승용차,승용차,비사업용,승용차,승용차,고속국도,단일로,기타단일로,맑음,포장,건조,0,1,4,0
20191121,09시,광주,북구,목,경상,차대차,기타,기타,기타,남,51-60세,건설기계,상해없음,남,51-60세,승용차,경상,사업용,기타/건설기계,기타/건설기계,사업용,택시,개인택시,고속국도,단일로,기타단일로,맑음,포장,건조,0,0,2,0
20191121,12시,경기,용인시,목,경상,차대차,추돌,추돌,안전운전 의무 불이행,남,41-50세,화물차,상해없음,남,41-50세,화물차,경상,사업용,화물차,화물차,사업용,화물차,화물차,고속국도,단일로,기타단일로,맑음,포장,건조,0,0,1,0
20191121,13시,경북,구미시,목,중상,차대차,추돌,추돌,안전운전 의무 불이행,남,41-50세,화물차,상해없음,남,51-60세,승용차,중상,사업용,화물차,화물차,비사업용,승용차,승용차,고속국도,단일로,기타단일로,맑음,포장,건조,0,1,0,0
20191121,14시,경기,용인시,목,부상신고,차대차,측면충돌,측면충돌,안전운전 의무 불이행,여,41-50세,승용차,상해없음,여,21-30세,승용차,부상신고,비사업용,승용차,승용차,비사업용,승용차,승용차,고속국도,단일로,기타단일로,맑음,포장,건조,0,0,0,2
20191121,16시,경기,하남시,목,경상,차대차,추돌,추돌,안전운전 의무 불이행,남,41-50세,승용차,상해없음,남,21-30세,승용차,경상,비사업용,승용차,승용차,비사업용,승용차,승용차,고속국도,단일로,기타단일로,맑음,포장,건조,0,0,1,0
20191121,16시,경기,화성시,목,경상,차대차,기타,기타,안전운전 의무 불이행,남,61-64세,승합차,상해없음,남,41-50세,화물차,경상,사업용,전세버스,전세버스,비사업용,화물차,화물차,고속국도,단일로,기타단일로,맑음,포장,건조,0,0,1,0
20191121,17시,경남,김해시,목,경상,차대차,기타,기타,기타,남,31-40세,건설기계,상해없음,남,21-30세,화물차,경상,사업용,기타/건설기계,기타/건설기계,비사업용,화물차,화물차,고속국도,단일로,기타단일로,맑음,포장,건조,0,0,1,0
20191121,17시,대구,달서구,목,경상,차대차,측면충돌,측면충돌,안전운전 의무 불이행,남,51-60세,승용차,상해없음,남,21-30세,승용차,경상,비사업용,승용차,승용차,비사업용,승용차,승용차,고속국도,단일로,기타단일로,맑음,포장,건조,0,0,1,0
20191121,17시,충북,음성군,목,경상,차대차,기타,기타,안전거리 미확보,여,41-50세,승용차,경상,여,51-60세,승용차,경상,비사업용,승용차,승용차,사업용,렌터카,렌터카,고속국도,단일로,기타단일로,맑음,포장,건조,0,0,2,0
20191121,18시,경기,안양시,목,경상,차대차,기타,기타,신호위반,기타불명,불명,불명,기타불명,남,51-60세,화물차,상해없음,불명,불명,불명,사업용,화물차,화물차,고속국도,단일로,기타단일로,맑음,포장,건조,0,0,1,0
20191121,18시,경기,안양시,목,경상,차대차,추돌,추돌,안전운전 의무 불이행,남,65세이상,승합차,상해없음,남,61-64세,승용차,경상,비사업용,버스,버스,비사업용,승용차,승용차,고속국도,단일로,기타단일로,맑음,포장,건조,0,0,1,0
20191121,18시,경기,평택시,목,경상,차대차,추돌,추돌,안전운전 의무 불이행,남,65세이상,승용차,상해없음,남,41-50세,승용차,경상,비사업용,승용차,승용차,비사업용,승용차,승용차,고속국도,단일로,기타단일로,맑음,포장,건조,0,0,1,0
20191121,18시,경북,구미시,목,중상,차대차,기타,기타,안전운전 의무 불이행,남,41-50세,승용차,상해없음,남,51-60세,승용차,중상,비사업용,승용차,승용차,비사업용,승용차,승용차,고속국도,단일로,기타단일로,맑음,포장,건조,0,1,0,0
20191121,19시,경기,오산시,목,경상,차대차,측면충돌,측면충돌,안전운전 의무 불이행,남,51-60세,화물차,상해없음,남,41-50세,승용차,경상,사업용,화물차,화물차,비사업용,승용차,승용차,고속국도,단일로,기타단일로,맑음,포장,건조,0,0,1,0
20191121,19시,경기,화성시,목,중상,차대차,추돌,추돌,안전운전 의무 불이행,남,65세이상,승용차,상해없음,남,51-60세,승용차,중상,비사업용,승용차,승용차,비사업용,승용차,승용차,고속국도,단일로,기타단일로,맑음,포장,건조,0,1,1,1
20191121,19시,전북,김제시,목,경상,차대차,추돌,추돌,안전운전 의무 불이행,남,31-40세,승용차,상해없음,남,51-60세,승용차,경상,사업용,렌터카,렌터카,비사업용,승용차,승용차,고속국도,단일로,기타단일로,맑음,포장,건조,0,0,2,0
20191121,21시,경기,이천시,목,경상,차대차,기타,기타,안전운전 의무 불이행,남,51-60세,화물차,상해없음,남,31-40세,승용차,경상,사업용,화물차,화물차,비사업용,승용차,승용차,고속국도,기타,기타,맑음,포장,건조,0,0,2,0
20191122,03시,경북,문경시,금,중상,차대차,추돌,추돌,안전운전 의무 불이행,여,21-30세,승용차,상해없음,남,51-60세,화물차,중상,사업용,렌터카,렌터카,사업용,화물차,화물차,고속국도,단일로,터널안,맑음,포장,건조,0,1,0,0
20191122,08시,경북,영천시,금,경상,차대차,기타,기타,안전운전 의무 불이행,남,21-30세,승용차,상해없음,여,41-50세,승용차,경상,비사업용,승용차,승용차,비사업용,승용차,승용차,고속국도,단일로,기타단일로,맑음,포장,건조,0,0,1,0
20191122,09시,경기,하남시,금,경상,차대차,기타,기타,안전거리 미확보,남,51-60세,화물차,상해없음,여,41-50세,승용차,경상,사업용,화물차,화물차,비사업용,승용차,승용차,고속국도,단일로,기타단일로,맑음,포장,건조,0,0,1,0
20191122,09시,충남,공주시,금,경상,차대차,추돌,추돌,안전운전 의무 불이행,남,65세이상,승용차,상해없음,남,31-40세,화물차,경상,비사업용,승용차,승용차,비사업용,화물차,화물차,고속국도,단일로,기타단일로,맑음,포장,건조,0,0,1,0
20191122,11시,경기,화성시,금,경상,차대차,기타,기타,안전거리 미확보,여,41-50세,승용차,부상신고,남,21-30세,승용차,경상,사업용,렌터카,렌터카,비사업용,승용차,승용차,고속국도,단일로,기타단일로,맑음,포장,건조,0,0,1,1
20191122,11시,충북,음성군,금,중상,차대차,추돌,추돌,안전운전 의무 불이행,남,61-64세,화물차,중상,남,51-60세,특수차,경상,사업용,화물차,화물차,사업용,화물차,화물차,고속국도,단일로,기타단일로,맑음,포장,건조,0,1,1,0
20191122,12시,충북,진천군,금,경상,차대차,측면충돌,측면충돌,기타,남,51-60세,화물차,상해없음,남,41-50세,화물차,경상,사업용,화물차,화물차,사업용,화물차,화물차,고속국도,단일로,기타단일로,맑음,포장,건조,0,0,1,0
20191122,14시,경기,부천시,금,경상,차대차,측면충돌,측면충돌,안전거리 미확보,여,31-40세,승용차,상해없음,남,21-30세,승용차,경상,비사업용,승용차,승용차,사업용,렌터카,렌터카,고속국도,단일로,기타단일로,맑음,포장,건조,0,0,1,0
20191122,14시,경기,의정부시,금,중상,차대차,기타,기타,안전운전 의무 불이행,남,41-50세,건설기계,상해없음,여,41-50세,승용차,중상,사업용,기타/건설기계,기타/건설기계,비사업용,승용차,승용차,고속국도,단일로,터널안,맑음,포장,건조,0,1,0,0
20191122,14시,경남,함양군,금,경상,차대차,추돌,추돌,안전운전 의무 불이행,여,21-30세,승용차,상해없음,남,41-50세,승용차,경상,비사업용,승용차,승용차,비사업용,승용차,승용차,고속국도,기타,기타,맑음,포장,건조,0,0,2,0
20191122,15시,경남,김해시,금,경상,차대차,측면충돌,측면충돌,안전운전 의무 불이행,남,51-60세,화물차,상해없음,여,31-40세,승용차,경상,사업용,화물차,화물차,비사업용,승용차,승용차,고속국도,단일로,기타단일로,맑음,포장,건조,0,0,1,0
20191122,16시,경기,시흥시,금,경상,차대차,추돌,추돌,안전운전 의무 불이행,남,61-64세,화물차,상해없음,남,41-50세,승용차,경상,사업용,화물차,화물차,비사업용,승용차,승용차,고속국도,단일로,기타단일로,맑음,포장,건조,0,0,1,0
20191122,16시,경기,시흥시,금,경상,차대차,측면충돌,측면충돌,안전거리 미확보,남,51-60세,건설기계,상해없음,여,65세이상,승용차,경상,사업용,기타/건설기계,기타/건설기계,비사업용,승용차,승용차,고속국도,단일로,기타단일로,맑음,포장,건조,0,0,1,0
20191122,16시,경기,시흥시,금,경상,차대차,측면충돌,측면충돌,안전운전 의무 불이행,남,61-64세,화물차,상해없음,남,61-64세,승용차,경상,사업용,화물차,화물차,비사업용,승용차,승용차,고속국도,단일로,기타단일로,맑음,포장,건조,0,0,1,0
20191122,17시,경기,평택시,금,경상,차대차,추돌,추돌,안전운전 의무 불이행,남,61-64세,화물차,상해없음,남,21-30세,승용차,경상,비사업용,화물차,화물차,비사업용,승용차,승용차,고속국도,단일로,기타단일로,맑음,포장,건조,0,0,1,0
20191122,17시,경기,평택시,금,중상,차대차,추돌,추돌,안전운전 의무 불이행,남,31-40세,승용차,상해없음,여,31-40세,승용차,중상,비사업용,승용차,승용차,비사업용,승용차,승용차,고속국도,단일로,기타단일로,맑음,포장,건조,0,1,0,0
20191122,17시,경남,김해시,금,경상,차대차,추돌,추돌,안전운전 의무 불이행,남,31-40세,승용차,상해없음,남,51-60세,승용차,경상,비사업용,승용차,승용차,비사업용,승용차,승용차,고속국도,단일로,기타단일로,맑음,포장,건조,0,0,4,0
20191122,17시,경남,함안군,금,경상,차대차,추돌,추돌,안전운전 의무 불이행,남,65세이상,승용차,상해없음,남,31-40세,승용차,경상,비사업용,승용차,승용차,비사업용,승용차,승용차,고속국도,단일로,기타단일로,맑음,포장,건조,0,0,2,0
20191122,18시,경기,고양시,금,경상,차대차,추돌,추돌,안전거리 미확보,남,41-50세,승용차,상해없음,남,51-60세,승용차,경상,비사업용,승용차,승용차,비사업용,승용차,승용차,고속국도,단일로,기타단일로,맑음,포장,건조,0,0,1,0
20191122,18시,경기,오산시,금,부상신고,차대차,측면충돌,측면충돌,안전거리 미확보,남,51-60세,승용차,상해없음,남,41-50세,승용차,부상신고,비사업용,승용차,승용차,비사업용,승용차,승용차,고속국도,단일로,기타단일로,맑음,포장,건조,0,0,0,1
20191122,18시,경기,용인시,금,경상,차대차,기타,기타,안전거리 미확보,남,51-60세,승합차,상해없음,남,41-50세,승합차,경상,사업용,전세버스,전세버스,사업용,전세버스,전세버스,고속국도,단일로,기타단일로,맑음,포장,건조,0,0,4,0
20191122,19시,경기,양주시,금,경상,차대차,후진중충돌,후진중충돌,안전운전 의무 불이행,남,61-64세,화물차,상해없음,남,31-40세,승용차,경상,비사업용,화물차,화물차,비사업용,승용차,승용차,고속국도,단일로,기타단일로,맑음,포장,건조,0,0,2,0
20191122,19시,울산,울주군,금,경상,차대차,측면충돌,측면충돌,안전거리 미확보,남,41-50세,승합차,상해없음,여,51-60세,승용차,경상,사업용,노선버스,시외버스,사업용,렌터카,렌터카,고속국도,단일로,기타단일로,맑음,포장,건조,0,0,2,0
20191122,20시,충남,논산시,금,중상,차대차,추돌,추돌,안전운전 의무 불이행,남,41-50세,특수차,상해없음,남,31-40세,화물차,중상,사업용,화물차,화물차,비사업용,화물차,화물차,고속국도,단일로,기타단일로,맑음,포장,건조,0,1,0,1
20191122,22시,인천,계양구,금,경상,차대차,추돌,추돌,안전운전 의무 불이행,남,21-30세,승용차,상해없음,남,51-60세,승용차,경상,사업용,렌터카,렌터카,비사업용,승용차,승용차,고속국도,단일로,기타단일로,맑음,포장,건조,0,0,2,0
20191122,23시,경기,용인시,금,경상,차대차,측면충돌,측면충돌,안전거리 미확보,남,51-60세,승합차,상해없음,남,41-50세,승용차,경상,사업용,전세버스,전세버스,비사업용,승용차,승용차,고속국도,단일로,기타단일로,맑음,포장,건조,0,0,1,0
20191123,00시,경기,성남시,토,경상,차대차,추돌,추돌,안전운전 의무 불이행,남,51-60세,승용차,기타불명,남,51-60세,승용차,경상,비사업용,승용차,승용차,사업용,택시,개인택시,고속국도,단일로,기타단일로,맑음,포장,건조,0,0,1,0
20191123,02시,경기,안성시,토,부상신고,차량단독,공작물충돌,공작물충돌,안전운전 의무 불이행,남,51-60세,승용차,부상신고,없음,불명,없음,없음,비사업용,승용차,승용차,없음,없음,없음,고속국도,단일로,터널안,맑음,포장,건조,0,0,0,1
20191123,09시,경기,부천시,토,경상,차대차,추돌,추돌,안전거리 미확보,남,20세이하,승용차,상해없음,남,31-40세,승용차,경상,비사업용,승용차,승용차,비사업용,승용차,승용차,고속국도,단일로,기타단일로,맑음,포장,건조,0,0,1,0
20191123,09시,경기,하남시,토,경상,차대차,측면충돌,측면충돌,안전거리 미확보,여,31-40세,승용차,상해없음,남,41-50세,화물차,경상,비사업용,승용차,승용차,비사업용,화물차,화물차,고속국도,단일로,기타단일로,맑음,포장,건조,0,0,1,0
20191123,10시,대구,동구,토,중상,차대차,기타,기타,안전운전 의무 불이행,남,61-64세,승합차,상해없음,남,65세이상,승용차,상해없음,사업용,렌터카,렌터카,비사업용,승용차,승용차,고속국도,단일로,기타단일로,맑음,포장,건조,0,1,0,0
20191123,11시,경기,구리시,토,경상,차대차,측면충돌,측면충돌,안전운전 의무 불이행,남,41-50세,화물차,상해없음,여,21-30세,승용차,경상,사업용,화물차,화물차,비사업용,승용차,승용차,고속국도,단일로,기타단일로,맑음,포장,건조,0,0,1,0
20191123,12시,대구,북구,토,경상,차대차,기타,기타,안전운전 의무 불이행,남,51-60세,승용차,상해없음,남,31-40세,승용차,상해없음,비사업용,승용차,승용차,비사업용,승용차,승용차,고속국도,단일로,기타단일로,맑음,포장,건조,0,0,2,0
20191123,12시,인천,남동구,토,경상,차대차,추돌,추돌,안전거리 미확보,여,21-30세,승용차,상해없음,남,21-30세,승용차,경상,비사업용,승용차,승용차,비사업용,승용차,승용차,고속국도,단일로,터널안,맑음,포장,건조,0,0,2,0
20191123,13시,경기,성남시,토,중상,차대차,측면충돌,측면충돌,안전운전 의무 불이행,남,31-40세,승용차,상해없음,남,65세이상,승용차,경상,비사업용,승용차,승용차,비사업용,승용차,승용차,고속국도,단일로,기타단일로,맑음,포장,건조,0,2,6,0
20191123,13시,충북,청주시,토,경상,차대차,기타,기타,안전운전 의무 불이행,기타불명,불명,불명,기타불명,남,61-64세,승합차,경상,불명,불명,불명,비사업용,버스,버스,고속국도,단일로,기타단일로,맑음,포장,건조,0,0,1,0
20191123,14시,강원,강릉시,토,경상,차대차,기타,기타,안전운전 의무 불이행,남,41-50세,화물차,상해없음,여,31-40세,승용차,경상,비사업용,화물차,화물차,비사업용,승용차,승용차,고속국도,기타,기타,맑음,포장,건조,0,0,1,0
20191123,14시,경기,여주시,토,중상,차대차,추돌,추돌,안전운전 의무 불이행,남,65세이상,특수차,상해없음,남,41-50세,승용차,중상,사업용,화물차,화물차,비사업용,승용차,승용차,고속국도,단일로,기타단일로,맑음,포장,건조,0,2,2,0
20191123,15시,경기,평택시,토,경상,차대차,추돌,추돌,안전운전 의무 불이행,남,41-50세,화물차,상해없음,남,41-50세,특수차,경상,사업용,화물차,화물차,사업용,화물차,화물차,고속국도,단일로,기타단일로,맑음,포장,건조,0,0,1,0
20191123,15시,경남,창원시,토,중상,차대차,추돌,추돌,안전운전 의무 불이행,남,65세이상,승용차,상해없음,남,51-60세,승용차,중상,비사업용,승용차,승용차,비사업용,승용차,승용차,고속국도,단일로,기타단일로,맑음,포장,건조,0,5,1,0
20191123,16시,경기,하남시,토,경상,차대사람,기타,기타,안전운전 의무 불이행,남,31-40세,승용차,상해없음,남,51-60세,보행자,경상,비사업용,승용차,승용차,보행자,보행자,보행자,고속국도,단일로,기타단일로,맑음,포장,건조,0,0,1,0
20191123,17시,경기,하남시,토,경상,차대차,측면충돌,측면충돌,안전거리 미확보,여,61-64세,승용차,상해없음,남,51-60세,승용차,경상,비사업용,승용차,승용차,비사업용,승용차,승용차,고속국도,단일로,기타단일로,맑음,포장,건조,0,0,3,0
20191123,17시,서울,서초구,토,경상,차대차,추돌,추돌,안전운전 의무 불이행,남,51-60세,승용차,상해없음,남,41-50세,승용차,경상,비사업용,승용차,승용차,비사업용,승용차,승용차,고속국도,단일로,기타단일로,맑음,포장,건조,0,0,1,0
20191123,18시,경기,김포시,토,부상신고,차대차,추돌,추돌,안전거리 미확보,남,31-40세,승합차,상해없음,남,51-60세,승용차,부상신고,비사업용,어린이통학버스,어린이통학버스,비사업용,승용차,승용차,고속국도,단일로,교량위,맑음,포장,건조,0,0,0,2
20191123,20시,경기,안성시,토,중상,차대차,기타,기타,안전운전 의무 불이행,남,51-60세,승합차,상해없음,기타불명,불명,불명,기타불명,사업용,전세버스,전세버스,불명,불명,불명,고속국도,단일로,기타단일로,맑음,포장,건조,0,1,1,0
20191123,21시,경기,하남시,토,경상,차대차,기타,기타,기타,남,51-60세,화물차,상해없음,남,21-30세,승용차,경상,비사업용,화물차,화물차,비사업용,승용차,승용차,고속국도,기타,기타,맑음,포장,건조,0,0,1,0
20191123,21시,인천,계양구,토,경상,차대차,추돌,추돌,안전거리 미확보,남,51-60세,승용차,상해없음,여,31-40세,승용차,경상,비사업용,승용차,승용차,비사업용,승용차,승용차,고속국도,단일로,교량위,맑음,포장,건조,0,0,2,0
20191123,22시,강원,평창군,토,경상,차대차,추돌,추돌,안전거리 미확보,남,31-40세,승용차,상해없음,남,61-64세,화물차,경상,비사업용,승용차,승용차,비사업용,화물차,화물차,고속국도,단일로,기타단일로,맑음,포장,건조,0,0,1,0
20191124,00시,경기,부천시,일,경상,차대차,추돌,추돌,안전거리 미확보,남,21-30세,승용차,상해없음,남,51-60세,승용차,경상,비사업용,승용차,승용차,사업용,택시,법인택시,고속국도,단일로,기타단일로,맑음,포장,건조,0,0,3,0
20191124,01시,경기,이천시,일,경상,차대차,추돌,추돌,안전운전 의무 불이행,여,20세이하,승용차,상해없음,남,31-40세,승용차,경상,비사업용,승용차,승용차,비사업용,승용차,승용차,고속국도,기타,기타,맑음,포장,건조,0,0,3,0
20191124,10시,경기,평택시,일,경상,차대차,추돌,추돌,안전운전 의무 불이행,남,51-60세,승합차,상해없음,남,61-64세,승합차,경상,사업용,전세버스,전세버스,사업용,전세버스,전세버스,고속국도,단일로,기타단일로,맑음,포장,건조,0,0,15,9
20191124,15시,경남,양산시,일,경상,차대차,추돌,추돌,안전거리 미확보,남,31-40세,승용차,상해없음,여,41-50세,승용차,경상,비사업용,승용차,승용차,비사업용,승용차,승용차,고속국도,단일로,기타단일로,맑음,포장,건조,0,0,1,0
20191124,15시,충남,공주시,일,경상,차대차,추돌,추돌,안전운전 의무 불이행,여,41-50세,승용차,상해없음,남,51-60세,승용차,경상,비사업용,승용차,승용차,비사업용,승용차,승용차,고속국도,단일로,기타단일로,맑음,포장,건조,0,0,3,0
20191124,16시,울산,울주군,일,경상,차대차,추돌,추돌,안전운전 의무 불이행,남,61-64세,승용차,상해없음,남,61-64세,승용차,경상,비사업용,승용차,승용차,비사업용,승용차,승용차,고속국도,단일로,기타단일로,맑음,포장,건조,0,0,1,0
20191124,18시,경기,안양시,일,중상,차대차,측면충돌,측면충돌,기타,남,61-64세,승용차,상해없음,여,31-40세,승용차,중상,사업용,택시,법인택시,비사업용,승용차,승용차,고속국도,단일로,기타단일로,비,포장,젖음/습기,0,2,0,2
20191124,18시,경기,이천시,일,경상,차대차,기타,기타,안전운전 의무 불이행,남,21-30세,승용차,상해없음,여,51-60세,승용차,경상,비사업용,승용차,승용차,비사업용,승용차,승용차,고속국도,기타,기타,맑음,포장,건조,0,0,1,0
20191124,19시,경기,양평군,일,부상신고,차대사람,보도통행중,보도통행중,안전운전 의무 불이행,기타불명,불명,불명,기타불명,여,31-40세,보행자,부상신고,불명,불명,불명,보행자,보행자,보행자,고속국도,단일로,기타단일로,맑음,포장,건조,0,0,0,1
20191124,19시,충남,당진시,일,사망,차대차,기타,기타,안전운전 의무 불이행,남,61-64세,화물차,사망,남,31-40세,승용차,상해없음,사업용,화물차,화물차,사업용,렌터카,렌터카,고속국도,단일로,기타단일로,비,포장,젖음/습기,1,0,0,0
20191124,21시,경남,양산시,일,경상,차대차,기타,기타,안전운전 의무 불이행,남,20세이하,승용차,상해없음,여,41-50세,승용차,상해없음,사업용,렌터카,렌터카,비사업용,승용차,승용차,고속국도,단일로,기타단일로,맑음,포장,건조,0,0,1,2
20191124,22시,경기,안성시,일,경상,차대차,기타,기타,안전운전 의무 불이행,남,31-40세,승용차,경상,남,31-40세,승용차,부상신고,비사업용,승용차,승용차,비사업용,승용차,승용차,고속국도,기타,기타,맑음,포장,건조,0,0,2,1
20191124,22시,경기,화성시,일,경상,차대차,추돌,추돌,안전운전 의무 불이행,남,51-60세,승용차,상해없음,남,41-50세,특수차,경상,비사업용,승용차,승용차,사업용,화물차,화물차,고속국도,단일로,기타단일로,맑음,포장,건조,0,0,1,0
20191125,01시,대구,달서구,월,중상,차대차,추돌,추돌,안전운전 의무 불이행,남,31-40세,승용차,상해없음,남,41-50세,화물차,경상,비사업용,승용차,승용차,비사업용,화물차,화물차,고속국도,단일로,기타단일로,맑음,포장,건조,0,1,2,0
20191125,02시,경기,안양시,월,경상,차대차,기타,기타,기타,기타불명,불명,불명,기타불명,여,51-60세,승용차,경상,불명,불명,불명,비사업용,승용차,승용차,고속국도,단일로,기타단일로,맑음,포장,건조,0,0,2,0
20191125,05시,경기,용인시,월,경상,차대차,기타,기타,안전운전 의무 불이행,남,41-50세,화물차,기타불명,남,41-50세,승용차,경상,사업용,화물차,화물차,비사업용,승용차,승용차,고속국도,교차로,교차로부근,맑음,포장,건조,0,0,1,0
20191125,06시,전남,곡성군,월,경상,차대차,기타,기타,신호위반,남,51-60세,화물차,상해없음,남,31-40세,승용차,경상,사업용,화물차,화물차,비사업용,승용차,승용차,고속국도,단일로,교량위,맑음,포장,건조,0,0,1,0
20191125,08시,인천,계양구,월,중상,차대차,측면충돌,측면충돌,안전거리 미확보,남,51-60세,특수차,상해없음,여,61-64세,승용차,중상,사업용,화물차,화물차,비사업용,승용차,승용차,고속국도,단일로,기타단일로,맑음,포장,건조,0,1,0,0
20191125,09시,경기,용인시,월,중상,차대차,측면충돌,측면충돌,안전운전 의무 불이행,남,51-60세,건설기계,상해없음,남,51-60세,승합차,상해없음,사업용,기타/건설기계,기타/건설기계,비사업용,버스,버스,고속국도,단일로,기타단일로,맑음,포장,건조,0,1,3,1
20191125,09시,충남,서산시,월,중상,차대차,추돌,추돌,안전운전 의무 불이행,남,61-64세,화물차,상해없음,남,61-64세,승용차,중상,사업용,화물차,화물차,비사업용,승용차,승용차,고속국도,단일로,기타단일로,맑음,포장,건조,0,1,0,0
20191125,11시,대구,달성군,월,사망,차량단독,전도,전도,안전운전 의무 불이행,남,41-50세,화물차,사망,없음,없음,없음,없음,사업용,화물차,화물차,없음,없음,없음,고속국도,단일로,기타단일로,맑음,포장,건조,1,0,0,0
20191125,16시,경기,구리시,월,경상,차대차,측면충돌,측면충돌,안전운전 의무 불이행,남,51-60세,특수차,상해없음,여,61-64세,승용차,경상,사업용,화물차,화물차,비사업용,승용차,승용차,고속국도,단일로,기타단일로,맑음,포장,건조,0,0,1,0
20191125,23시,경기,성남시,월,경상,차대차,후진중충돌,후진중충돌,기타,남,65세이상,승용차,부상신고,여,20세이하,승용차,경상,사업용,택시,법인택시,비사업용,승용차,승용차,고속국도,단일로,기타단일로,맑음,포장,건조,0,0,2,1
20191126,02시,전남,강진군,화,경상,차대차,추돌,추돌,안전운전 의무 불이행,남,51-60세,승용차,상해없음,남,51-60세,화물차,경상,비사업용,승용차,승용차,사업용,화물차,화물차,고속국도,기타,기타,맑음,포장,건조,0,0,1,0
20191126,06시,전북,익산시,화,중상,차대차,기타,기타,안전운전 의무 불이행,남,51-60세,화물차,상해없음,남,41-50세,화물차,중상,사업용,화물차,화물차,사업용,화물차,화물차,고속국도,기타,기타,맑음,포장,건조,0,1,0,0
20191126,08시,경기,시흥시,화,경상,차대차,측면충돌,측면충돌,안전운전 의무 불이행,여,41-50세,승용차,상해없음,남,31-40세,승용차,경상,비사업용,승용차,승용차,비사업용,승용차,승용차,고속국도,단일로,기타단일로,맑음,포장,건조,0,0,1,0
20191126,09시,경기,이천시,화,경상,차대차,기타,기타,안전운전 의무 불이행,남,31-40세,건설기계,상해없음,남,61-64세,승용차,경상,사업용,기타/건설기계,기타/건설기계,비사업용,승용차,승용차,고속국도,기타,기타,맑음,포장,건조,0,0,2,0
20191126,10시,경기,용인시,화,경상,차대차,측면충돌,측면충돌,안전운전 의무 불이행,남,51-60세,화물차,기타불명,여,51-60세,승용차,경상,사업용,화물차,화물차,비사업용,승용차,승용차,고속국도,단일로,기타단일로,맑음,포장,건조,0,0,2,0
20191126,11시,경기,오산시,화,경상,차대차,측면충돌,측면충돌,신호위반,남,51-60세,화물차,상해없음,남,51-60세,화물차,경상,사업용,화물차,화물차,사업용,화물차,화물차,고속국도,단일로,기타단일로,맑음,포장,건조,0,0,1,0
20191126,13시,경남,김해시,화,경상,차대차,측면충돌,측면충돌,안전거리 미확보,남,65세이상,화물차,상해없음,여,41-50세,승용차,경상,사업용,화물차,화물차,비사업용,승용차,승용차,고속국도,단일로,기타단일로,맑음,포장,건조,0,0,1,0
20191126,15시,충남,천안시,화,경상,차대차,측면충돌,측면충돌,안전운전 의무 불이행,남,51-60세,화물차,상해없음,여,31-40세,승용차,경상,사업용,화물차,화물차,비사업용,승용차,승용차,고속국도,단일로,기타단일로,맑음,포장,건조,0,0,1,0
20191126,15시,충북,청주시,화,경상,차대차,추돌,추돌,안전거리 미확보,남,31-40세,화물차,상해없음,남,31-40세,승용차,경상,비사업용,화물차,화물차,사업용,렌터카,렌터카,고속국도,단일로,기타단일로,맑음,포장,건조,0,0,2,0
20191126,18시,대구,북구,화,경상,차대차,측면충돌,측면충돌,안전운전 의무 불이행,남,51-60세,화물차,상해없음,남,41-50세,승용차,경상,사업용,화물차,화물차,사업용,렌터카,렌터카,고속국도,단일로,기타단일로,맑음,포장,건조,0,0,1,0
20191127,06시,충남,공주시,수,경상,차대차,측면충돌,측면충돌,안전운전 의무 불이행,남,51-60세,승용차,상해없음,남,65세이상,화물차,경상,비사업용,승용차,승용차,비사업용,화물차,화물차,고속국도,단일로,기타단일로,안개,포장,젖음/습기,0,0,1,1
20191127,08시,경기,하남시,수,경상,차대차,측면충돌,측면충돌,신호위반,남,31-40세,건설기계,상해없음,남,21-30세,승용차,경상,사업용,기타/건설기계,기타/건설기계,비사업용,승용차,승용차,고속국도,단일로,기타단일로,맑음,포장,건조,0,0,2,0